# Blender 5.2.2 LTS
# www.blender.org
mtllib shiny_Rayquaza.mtl
o shiny_Rayquaza
v -1.546019 2.722379 13.944468
v -1.542033 2.716964 14.025877
v -1.560886 2.818805 13.992579
v -1.536780 2.770733 14.087141
v -1.533332 2.852176 14.092371
v -1.533716 2.913593 14.038521
v -1.537703 2.918998 13.957115
v -1.542955 2.865234 13.895845
v -1.546401 2.783792 13.890611
v -0.102170 3.482872 13.919623
v -0.171969 3.550365 13.968680
v -0.097766 3.477678 14.001026
v -0.143415 3.504635 14.063166
v -0.212369 3.547944 14.069641
v -0.264238 3.582242 14.016677
v -0.268632 3.587430 13.935280
v -0.222989 3.560477 13.873134
v -0.154037 3.517168 13.866653
v -0.423852 -2.455624 9.820453
v -0.466870 -2.392667 10.032893
v -0.412701 -2.601649 10.134411
v -0.376951 -2.605886 9.850810
v -0.701177 -2.419929 10.118171
v -0.661484 -2.643701 10.192819
v -0.862890 -3.438831 11.084094
v -1.047764 -3.322275 10.961886
v -0.960338 -3.413060 10.730328
v -0.783929 -3.538074 10.863261
v -1.176268 -3.296256 11.127992
v -1.129655 -3.052825 11.054267
v -1.038182 -3.107901 10.914612
v -1.568096 -3.616017 9.461923
v -1.597051 -3.437351 9.616763
v -1.428063 -3.430740 9.687328
v -1.327692 -3.636391 9.600330
v -1.608613 -3.479256 9.868990
v -1.456959 -3.479462 9.897548
v -1.490000 -3.652467 10.022815
v -1.668335 -3.691799 9.996547
v -1.651072 -3.903905 9.895499
v -1.383677 -3.829467 9.889788
v 0.825979 2.736345 13.849862
v 0.661323 2.900680 13.743278
v 0.496669 3.065016 13.636694
v 0.669973 2.858237 14.168944
v -0.539834 -3.112643 10.864882
v -0.660566 -3.105279 11.081824
v -0.665764 -3.329712 11.113011
v -0.587687 -3.371195 10.979887
v -0.759760 -3.028969 10.749805
v -0.851656 -2.998550 10.961853
v 2.557056 0.004850 11.243945
v 2.573100 -0.501767 11.170175
v 2.664135 -0.333981 10.384495
v 2.637946 0.172022 10.494158
v -0.502264 -2.111652 10.041935
v -0.752595 -2.213989 10.125135
v -0.927158 -2.307283 9.957919
v -0.870565 -2.473202 9.986121
v -0.570112 -2.731097 9.688306
v -0.597349 -2.491867 9.678815
v -0.788947 -2.781286 9.801819
v -0.826533 -2.517721 9.774501
v 2.277482 0.408071 11.256954
v 2.312177 0.563227 10.557681
v 1.794026 0.563881 11.209526
v 1.811725 0.691925 10.551201
v 1.309340 0.406911 11.119788
v 1.327759 0.508953 10.477190
v -1.015780 -3.428632 11.320903
v -0.935523 -2.896543 11.126467
v -0.741897 -2.973002 11.317803
v -0.907462 -2.335850 9.702127
v -0.679672 -2.248927 9.559993
v -1.153757 -3.800570 10.039922
v -1.283351 -3.835399 9.689352
v -1.072764 -3.794085 9.757177
v -1.214492 -3.599041 10.162711
v -1.077163 -3.526445 9.635133
v -1.139060 -3.327115 9.760608
v 2.251635 -0.914524 11.079300
v 2.381031 -0.760444 10.270823
v 1.786470 -1.077231 10.987239
v 1.897059 -0.943419 10.196825
v 1.303013 -0.921420 10.939811
v 1.396607 -0.814720 10.190344
v 1.454985 4.067881 5.315564
v 1.476427 3.702599 4.960697
v 0.741241 4.270100 4.306308
v 0.685031 4.658965 4.627606
v 2.213013 2.052377 6.309919
v 1.957073 2.888347 5.645452
v 1.959078 3.234760 6.025565
v 2.211086 2.413983 6.670309
v 1.860772 3.355785 6.214180
v 2.106067 2.551148 6.841053
v 1.921556 2.662919 7.012479
v 1.686682 3.444557 6.410025
v 1.476103 3.468200 6.554759
v 1.699354 2.710656 7.132498
v 1.240587 3.429219 6.644637
v 1.451592 2.695710 7.198502
v 1.247007 3.296216 4.785139
v 0.571903 3.814511 4.194508
v 1.074497 3.135483 4.786484
v 0.430070 3.626899 4.229599
v 0.240871 3.459984 4.331720
v 0.852822 2.998264 4.852036
v 0.640595 2.930610 4.973454
v 0.053355 3.368353 4.481903
v -0.124072 3.352020 4.670703
v 0.446914 2.931763 5.142167
v -4.729823 0.712839 1.341640
v -4.846438 0.698587 1.559751
v -4.618748 1.876286 1.761125
v -4.500069 1.893221 1.540684
v -4.342392 0.700424 1.056769
v -4.555389 0.713166 1.169869
v -4.326484 1.880774 1.363995
v -4.117526 1.842156 1.243824
v -3.670420 1.698680 1.224909
v -3.879543 0.639466 1.055717
v -4.898144 0.672738 1.800074
v -4.675982 1.834034 2.000851
v -3.234120 1.371791 1.938077
v -3.291352 1.329544 2.177806
v -3.457341 0.450571 2.035184
v -3.405635 0.476416 1.794859
v -3.332037 1.518622 1.490395
v -3.249889 1.437337 1.701946
v -3.429066 0.512069 1.555366
v -3.520724 0.553722 1.337994
v -3.410033 1.312603 2.398244
v -3.573956 0.436315 2.253292
v -0.605087 -4.996127 2.940901
v -0.682030 -5.053669 3.119856
v -1.797215 -4.758293 2.664012
v -1.698965 -4.703777 2.485065
v -0.458817 -4.724959 2.687686
v -0.528121 -4.884220 2.791100
v -1.590218 -4.596148 2.341412
v -1.481367 -4.443061 2.249840
v -1.308023 -4.078090 2.243538
v -0.369051 -4.344633 2.647437
v -1.311460 -3.564022 2.843902
v -1.389596 -3.559422 3.041465
v -0.528514 -3.800223 3.375641
v -0.459448 -3.806895 3.183581
v -1.243684 -3.743972 2.469938
v -1.260531 -3.626464 2.646706
v -0.404249 -3.872748 2.997506
v -0.369510 -3.995751 2.836493
v -2.665641 -2.443596 2.448379
v -2.103267 -3.040014 2.721575
v -2.017470 -3.042987 2.518137
v -2.583919 -2.448394 2.238042
v -2.554053 -2.500335 2.020235
v -1.972835 -3.100272 2.309127
v -1.975955 -3.208585 2.115818
v -2.581219 -2.595897 1.817302
v -2.108414 -3.516881 1.850637
v -2.776444 -2.863971 1.534741
v 4.416986 -2.387156 3.854041
v 4.387167 -2.383468 3.697708
v 4.722014 -1.814680 3.637371
v 4.754050 -1.810662 3.786314
v 4.327162 -2.356337 3.563716
v 4.232547 -2.303541 3.443645
v 4.564313 -1.761677 3.394713
v 4.660834 -1.799148 3.509530
v 3.984759 -2.141649 3.344580
v 4.312490 -1.633605 3.298956
v 3.481855 -3.541737 3.920433
v 3.465869 -3.523195 3.748654
v 4.003359 -2.930753 3.736179
v 4.027493 -2.941432 3.899924
v 3.420407 -3.470979 3.601016
v 3.344506 -3.383944 3.468312
v 3.861432 -2.824520 3.469788
v 3.948531 -2.892218 3.595563
v 3.134181 -3.143051 3.357076
v 3.625336 -2.628363 3.364439
v 4.918517 -1.287298 3.456911
v 4.825754 -1.266296 3.345731
v 5.016543 -0.706506 3.260211
v 5.103508 -0.710200 3.368062
v 4.577922 -1.174230 3.247164
v 4.775656 -0.652274 3.156847
v 4.975278 -1.290332 3.579107
v 5.153865 -0.700205 3.484443
v 3.935181 -1.371898 3.624794
v 3.611021 -1.843299 3.689423
v 3.594001 -1.814361 3.845249
v 3.917521 -1.339913 3.772944
v 4.069571 -1.483240 3.386796
v 3.744894 -1.964131 3.438435
v 3.660054 -1.892056 3.556595
v 3.984029 -1.418282 3.498712
v 3.257504 -2.288812 3.721981
v 2.790019 -2.749534 3.731548
v 2.768440 -2.725022 3.902368
v 3.238552 -2.262347 3.884894
v 3.392536 -2.422313 3.460960
v 2.920410 -2.898461 3.457577
v 2.840252 -2.806861 3.586333
v 3.307902 -2.340841 3.583368
v 2.189365 -3.078809 3.878657
v 2.213973 -3.100930 3.697638
v 2.264685 -3.164641 3.543692
v 2.341285 -3.268821 3.407085
v 2.536509 -3.554314 3.300015
v 4.530900 -0.560547 3.214568
v 4.333711 -1.052471 3.321427
v 4.245409 -0.994811 3.423670
v 4.439160 -0.510539 3.305627
v 4.193659 -0.950692 3.540509
v 4.383450 -0.468668 3.412041
v 1.679368 2.532453 5.410340
v 1.924487 1.711037 6.064499
v 1.480592 2.401214 5.377970
v 1.716524 1.595708 6.017639
v 1.229972 2.297838 5.405492
v 1.453599 1.515156 6.023320
v 0.994454 2.258859 5.495371
v 1.205842 1.500213 6.089322
v 0.783878 2.282501 5.640105
v 0.983636 1.547947 6.209342
v 2.294946 1.269503 7.067978
v 2.002450 0.924048 6.832138
v 1.791306 0.810847 6.781660
v 1.520563 0.743855 6.774127
v 1.264194 0.746565 6.821533
v 1.033018 0.815023 6.918714
v 0.799124 1.659718 6.380768
v 0.839585 0.949775 7.063906
v 1.494367 2.019008 7.830166
v 1.188667 2.615159 7.204182
v 1.223629 1.952015 7.822633
v 1.750737 2.016297 7.782760
v 1.981912 1.947838 7.685578
v 2.175349 1.813087 7.540387
v 2.286258 1.658796 7.393825
v 0.998723 4.259384 5.886819
v 1.192407 4.258230 5.718107
v 1.357179 4.184326 5.507434
v 1.290028 0.351639 11.719014
v 1.270524 0.445754 12.138338
v 1.743039 0.506551 12.296582
v 1.769601 0.472088 11.833833
v 2.136065 0.275173 12.466823
v 2.219040 0.287253 11.928379
v 2.264905 -0.139647 12.569055
v 2.435151 -0.119302 11.959908
v 2.169923 -0.634253 12.603315
v 2.417209 -0.627855 11.933507
v 1.762891 -0.945152 12.502412
v 2.058458 -0.996250 11.835416
v 1.324948 -1.026301 12.359146
v 1.610405 -1.129661 11.727232
v 0.931923 -0.794924 12.188907
v 1.160966 -0.944826 11.632687
v 0.768511 -0.359751 12.071696
v 0.913337 -0.525308 11.594523
v 1.005449 -0.512353 10.952859
v 1.249550 0.589736 12.544226
v 1.690849 0.617644 12.768015
v 1.998733 0.374760 13.037152
v 2.022063 -0.021726 13.217575
v 1.838555 -0.485661 13.322162
v 1.390189 -0.745929 13.200437
v 0.989765 -0.802814 13.005722
v 0.681882 -0.559930 12.736588
v 0.625080 -0.139088 12.524775
v -4.177490 2.985944 2.105490
v -4.242112 2.927517 2.343503
v -3.604115 3.799583 2.769915
v -3.526376 3.872351 2.533931
v -4.056267 3.006023 1.883037
v -3.399728 3.896542 2.308044
v -3.884761 2.981531 1.700727
v -3.682469 2.918178 1.571962
v -2.878843 2.208499 2.206784
v -2.943464 2.150077 2.444798
v -3.064689 2.129993 2.667249
v -2.654111 -4.094841 2.039515
v -2.771692 -4.144355 2.219067
v -3.548779 -3.396362 1.900081
v -3.426072 -3.356950 1.715187
v -2.514631 -3.995424 1.901809
v -3.270873 -3.273673 1.575196
v -2.366566 -3.853942 1.822162
v -3.098011 -3.153439 1.496448
v -3.629042 -3.389997 2.111321
v -4.238174 -2.446956 1.889365
v -4.170239 -2.457684 1.668348
v -4.048182 -2.431486 1.474229
v -3.881433 -2.369395 1.326454
v -3.686033 -2.276762 1.241987
v -3.299590 -2.048386 1.276588
v -3.032793 -1.831076 1.566655
v -2.975359 -1.751210 1.776784
v -2.983861 -1.705333 2.003211
v -3.055390 -1.697045 2.222445
v -3.181031 -1.725697 2.414779
v -2.789800 -2.484580 2.632369
v 2.826124 -4.040335 3.895668
v 2.819297 -4.014962 3.713806
v 2.783783 -3.948473 3.557558
v 2.720746 -3.841815 3.417221
v 2.010099 -4.569146 3.833681
v 2.018118 -4.535244 3.641855
v 1.999631 -4.452869 3.478119
v 1.957515 -4.325353 3.332177
v 1.813674 -3.990853 3.215028
v 1.644884 -3.666578 3.335133
v 1.571959 -3.551689 3.482163
v 1.518967 -3.483453 3.646575
v 1.486618 -3.466095 3.838632
v 5.004563 -1.277793 3.720242
v 4.170210 -0.915224 3.679035
v 1.220321 -2.521005 8.775413
v 1.081638 -2.502644 8.781272
v 1.091879 -2.395647 8.767897
v 1.237154 -2.414880 8.761761
v 0.988339 -2.485204 8.884204
v 0.994143 -2.377378 8.875723
v 0.995075 -2.478902 9.023915
v 1.001200 -2.370775 9.022077
v 1.097901 -2.487428 9.118561
v 1.108915 -2.379709 9.121224
v 1.236582 -2.505789 9.112702
v 1.254191 -2.398942 9.115087
v 1.329884 -2.523229 9.009769
v 1.351925 -2.417210 9.007260
v 1.323147 -2.529531 8.870060
v 1.344870 -2.423812 8.860908
v 1.184538 -2.609838 8.845843
v 1.098827 -2.598490 8.849463
v 1.041165 -2.587713 8.913080
v 1.045329 -2.583818 8.999424
v 1.108878 -2.589087 9.057921
v 1.194589 -2.600434 9.054299
v 1.252251 -2.611213 8.990685
v 1.248087 -2.615108 8.904337
v -0.336211 -3.447715 9.814415
v 0.035935 -3.176591 9.566767
v 0.125463 -3.342406 9.504292
v -0.229273 -3.645772 9.739795
v -0.308028 -3.301186 9.998708
v 0.059530 -3.053911 9.721064
v -0.161243 -3.292012 10.184715
v 0.182423 -3.046230 9.876796
v 0.018166 -3.425575 10.263478
v 0.332628 -3.158049 9.942739
v -0.261124 -3.661973 9.802602
v -0.354223 -3.741216 9.894442
v -0.204673 -3.852550 9.960093
v -0.104464 -3.778598 9.871379
v -0.354500 -3.489030 9.867762
v -0.443360 -3.576124 9.956642
v -0.329891 -3.361081 10.028687
v -0.419870 -3.453980 10.110263
v -0.201719 -3.353070 10.191107
v -0.297514 -3.446335 10.265312
v -0.045059 -3.469696 10.259882
v -0.147966 -3.557666 10.330965
v 0.048316 -3.642637 10.194723
v -0.058826 -3.722762 10.268764
v 0.023709 -3.770589 10.033799
v -0.082318 -3.844903 10.115145
v -0.402134 -3.780639 10.050376
v -0.309708 -3.849445 10.090953
v -0.457224 -3.678607 10.088821
v -0.442706 -3.603119 10.183763
v -0.367086 -3.598394 10.279587
v -0.274659 -3.667199 10.320163
v -0.219571 -3.769232 10.281719
v -0.234088 -3.844719 10.186778
v 2.848443 2.359908 8.675304
v 2.917702 2.436644 8.642949
v 3.027577 2.362707 8.688396
v 2.963539 2.282459 8.722910
v 2.764323 2.465987 8.731730
v 2.837400 2.537907 8.696814
v 2.760458 2.538555 8.859134
v 2.833711 2.607182 8.818435
v 2.839113 2.535100 8.982882
v 2.908796 2.603884 8.936567
v 2.954211 2.457650 9.030490
v 3.018669 2.529949 8.982013
v 3.038329 2.351573 8.974064
v 3.098971 2.428684 8.928148
v 3.042195 2.279004 8.846662
v 3.102660 2.359411 8.806527
v 2.996543 2.520843 8.671701
v 3.064450 2.475148 8.699789
v 2.946915 2.583428 8.704993
v 2.944636 2.626240 8.780158
v 2.991039 2.624205 8.853169
v 3.058946 2.578508 8.881257
v 3.108574 2.515924 8.847965
v 3.110854 2.473112 8.772799
v 2.760361 4.471444 8.503016
v 2.716701 4.616922 8.485384
v 2.675716 4.634346 8.677962
v 2.717426 4.489694 8.704750
v 1.224929 5.192507 8.042388
v 1.198594 5.236980 8.207534
v 1.275881 5.281387 8.246022
v 0.951383 5.572353 8.177361
v 1.091964 5.241296 8.045008
v 0.884131 5.232011 8.090443
v 1.156973 5.007284 7.951440
v 0.944402 5.007513 8.075850
v 1.055949 4.910311 8.091054
v 1.085387 5.323298 8.181524
v 1.224929 5.192507 8.042388
v 1.198594 5.236980 8.207534
v 2.058294 5.113316 9.216085
v 2.317214 5.182022 9.321087
v 2.048718 5.318753 9.367783
v 2.275423 5.314353 9.413509
v 1.960336 5.452999 9.158374
v 1.995967 5.280125 9.019325
v 2.087885 5.593462 9.042462
v 2.094939 5.528407 8.924348
v 2.138609 5.437958 8.894621
v 2.243864 5.435258 9.568342
v 1.905744 5.508213 9.529560
v 2.171602 5.598240 9.606737
v 1.854547 5.606351 9.256510
v 2.031238 5.740162 9.120082
v 2.252768 5.179970 8.935653
v 1.955511 5.601009 9.513729
v 2.136180 5.661437 9.568844
v 1.919221 5.676916 9.308269
v 2.033033 5.766441 9.213530
v 1.853126 6.140831 9.169219
v 1.898823 5.804359 9.384421
v 1.967645 5.977536 9.466088
v 1.955511 5.601009 9.513729
v 2.063649 5.795867 9.580382
v 2.136180 5.661437 9.568844
v 1.976061 5.896526 9.241367
v 1.919221 5.676916 9.308269
v 2.033033 5.766441 9.213530
v 2.502989 5.309083 9.148970
v 2.398198 5.483799 9.314591
v 2.299487 5.612853 9.106181
v 2.396288 5.432453 8.950983
v 2.382250 5.732587 9.457305
v 2.272776 5.803271 9.192704
v 2.278167 5.752853 9.464818
v 2.192783 5.805812 9.266361
v 2.110702 5.904485 9.326294
v 2.278167 5.752853 9.464818
v 2.192783 5.805812 9.266361
v -0.779286 -2.818873 9.872774
v -0.817918 -2.973596 10.150352
v -0.812240 -2.802437 10.078186
v -0.854753 -3.131716 9.861660
v -0.855715 -3.158206 10.228873
v -1.080900 -3.287709 10.098561
v -1.116273 -3.312255 9.780457
v -1.203270 -3.369549 10.019985
v -1.032743 -3.537428 9.688315
v -0.669674 -2.818932 9.739717
v -0.414260 -2.681834 10.191689
v -0.665038 -2.495215 9.923487
v -0.655938 -2.709380 10.211980
v -0.351101 -2.673354 10.005143
v -0.425739 -2.732777 9.824476
v -0.359992 -2.952202 10.218046
v -0.324742 -2.892872 9.836485
v -0.529896 -2.764065 9.738481
v -0.368843 -3.143831 9.787610
v -0.603355 -2.886640 10.459481
v -0.851522 -3.776411 9.811009
v -1.044304 -3.767545 9.780536
v -1.223895 -3.608858 9.854021
v -0.631958 -3.498310 9.785000
v -0.521185 -3.332505 9.774629
v -0.256374 -3.028727 10.006497
v -0.252284 -3.198373 10.311153
v -0.628752 -3.752989 9.869023
v -0.145295 -3.405372 9.790264
v -0.278493 -3.615984 9.741242
v -0.042183 -3.302444 9.998291
v -0.029565 -3.367498 10.243461
v -0.363747 -3.810899 9.879950
v -0.278493 -3.615984 9.741242
v -0.145295 -3.405372 9.790264
v -0.073300 -3.661283 10.036230
v -0.042183 -3.302444 9.998291
v -0.029565 -3.367498 10.243461
v -0.363747 -3.810899 9.879950
v -0.928928 -3.364326 10.677692
v -0.909090 -3.167004 10.609552
v -0.869443 -3.165854 10.430964
v -0.950855 -3.482431 10.376943
v -1.190926 -3.579429 10.174975
v -1.096119 -3.764230 10.023224
v -0.857079 -3.503892 10.745317
v -0.522869 -3.085399 10.772357
v -0.745451 -3.035066 10.696229
v -0.820320 -3.238637 11.003929
v -0.503693 -3.266246 10.844321
v -0.615104 -3.437588 10.843379
v -0.426079 -3.169463 10.536846
v -0.496134 -3.501420 10.727528
v -0.727972 -3.511320 10.815242
v -0.509543 -3.633950 10.509550
v -0.696763 -3.730225 10.127460
v -0.622355 -3.694583 10.309291
v -0.365160 -3.411460 10.570176
v -0.351132 -3.875949 10.125120
v -0.248021 -3.773019 10.333150
v -0.114821 -3.562409 10.382168
v -0.351132 -3.875949 10.125120
v -0.248021 -3.773019 10.333150
v -0.114821 -3.562409 10.382168
v -1.354682 -3.408066 9.965250
v -1.214729 -3.384429 10.007739
v -1.481545 -3.912546 9.599606
v -1.627696 -3.913849 9.571069
v -0.931857 -3.564517 9.939306
v -1.696029 -3.658604 9.505140
v -1.739691 -3.837380 9.601665
v -1.694158 -3.499415 9.645674
v -1.698127 -3.533160 9.815549
v -2.039837 -3.366608 9.863682
v -1.873936 -3.526567 9.617904
v -2.015065 -3.643153 9.681090
v -1.696029 -3.658604 9.505140
v -1.888207 -3.790732 9.605152
v -1.739691 -3.837380 9.601665
v -1.818243 -3.511779 9.807300
v -1.694158 -3.499415 9.645674
v -1.698127 -3.533160 9.815549
v -1.753222 -3.863301 9.807404
v -1.742870 -3.672590 9.906137
v -1.916692 -3.679595 9.843869
v -1.753222 -3.863301 9.807404
v -1.742870 -3.672590 9.906137
v -0.903181 -2.606552 10.043122
v -0.849486 -2.706231 10.046525
v -0.413686 -2.271167 9.762769
v -0.498833 -2.127248 9.752300
v -0.593285 -2.872911 10.008624
v -0.569742 -2.090996 9.964645
v -0.564491 -2.101710 9.767554
v -0.762440 -2.166916 10.025770
v -0.882302 -2.230331 9.919283
v -1.198206 -1.959161 9.953487
v -0.803310 -2.031705 9.973712
v -0.868159 -1.908451 9.825392
v -0.569742 -2.090996 9.964645
v -0.653133 -1.982580 9.775433
v -0.564491 -2.101710 9.767554
v -0.962123 -2.109752 9.913607
v -0.762440 -2.166916 10.025770
v -0.882302 -2.230331 9.919283
v -0.687713 -2.184557 9.637501
v -0.862323 -2.246102 9.748121
v -0.899715 -2.110772 9.766949
v -0.687713 -2.184557 9.637501
v -0.862323 -2.246102 9.748121
v -1.032258 -3.106138 10.771345
v -0.965364 -3.152440 10.696407
v -0.705253 -3.306455 11.301696
v -0.814526 -3.238785 11.409667
v -0.711693 -3.291932 10.628160
v -0.830002 -3.020368 11.344310
v -0.876961 -3.201594 11.407932
v -0.980183 -2.963463 11.201354
v -1.111878 -3.062855 11.149187
v -1.450046 -2.862320 11.290344
v -1.182751 -3.013699 11.473506
v -1.058422 -2.945023 11.327829
v -0.830002 -3.020368 11.344310
v -0.981645 -3.126918 11.484745
v -0.876961 -3.201594 11.407932
v -1.210709 -3.003056 11.236360
v -0.980183 -2.963463 11.201354
v -1.111878 -3.062855 11.149187
v -1.015213 -3.328990 11.346364
v -1.138062 -3.224728 11.201919
v -1.191844 -3.145089 11.306181
v -1.015213 -3.328990 11.346364
v -1.138062 -3.224728 11.201919
v 1.563394 0.014800 14.005126
v 1.320169 0.709230 14.451162
v 1.002113 0.326777 14.557832
v 1.422734 -0.138192 14.022617
v 1.719785 0.278127 13.905673
v 1.755949 0.609523 13.650529
v 1.371161 0.856430 14.315485
v 1.769118 0.450993 13.797235
v 1.539671 0.852019 13.267435
v 1.379055 1.182249 13.899902
v 1.674701 0.755769 13.459284
v 1.412317 1.020615 14.139334
v 1.236361 1.254015 13.673491
v 0.892898 1.173123 13.372169
v 1.145163 0.821965 12.974034
v 0.722030 0.557206 12.858896
v 0.449170 0.907933 13.237662
v 0.124030 2.574154 15.158125
v -0.312063 2.836475 15.090475
v -0.101560 2.467266 15.254519
v 0.110575 2.048220 15.313052
v 0.336008 2.176343 15.228075
v -0.117237 2.935668 15.010357
v 0.289032 2.646195 15.022117
v 0.526601 2.279876 15.102954
v 0.582213 2.538602 15.190507
v 0.642631 2.619295 15.161942
v 0.530087 2.708107 15.093510
v 0.414103 2.853601 15.065921
v 0.353590 2.798226 15.099853
v 0.289032 2.646195 15.022117
v 0.470219 2.646464 15.126283
v -0.155890 1.881438 15.356103
v 0.159934 1.303309 15.224145
v 0.328887 1.610761 15.237818
v 0.375483 1.902131 15.231564
v 0.519415 1.767246 15.199238
v 0.666345 1.932723 15.059746
v 1.205576 1.063707 14.531940
v 0.979059 1.339719 14.769848
v 0.881813 1.159543 14.905600
v 1.122580 1.437977 14.467730
v 0.785914 1.966399 14.912225
v 2.759233 1.774543 18.416376
v 2.640744 2.134570 18.563393
v 2.806018 2.061113 18.785019
v 2.623664 1.797718 18.554707
v 2.806018 2.061113 18.785019
v 0.613067 1.591683 15.109074
v 0.783098 1.355145 14.976954
v 0.476269 1.279912 15.128827
v 0.632047 1.058288 15.000063
v 0.407469 0.972868 15.061161
v 1.145452 0.886989 14.630463
v 0.702603 0.632285 14.836464
v 1.096616 1.872636 14.283212
v 0.838620 2.462960 14.839830
v 3.149514 1.572508 19.194437
v 3.149514 1.572508 19.194437
v 1.167801 1.519363 14.189507
v 1.110489 1.516252 13.928909
v 1.137364 1.774154 13.790732
v 0.976316 2.147865 13.512526
v 0.842176 1.360340 13.582835
v 0.049120 1.492552 13.211582
v 0.649361 1.932925 13.310420
v 0.220964 1.147094 13.414754
v 0.020629 1.476084 13.234800
v -0.546108 3.174858 14.833916
v -0.320157 3.252912 14.763627
v -0.754941 3.476137 14.490367
v -0.980236 3.418702 14.532919
v -0.791942 3.072625 14.854677
v -0.004171 3.015520 14.886455
v -0.399280 2.341378 15.297187
v -0.603112 2.724456 15.096417
v -0.214873 3.223580 14.716504
v -0.529638 3.515422 14.416813
v -0.004171 3.015520 14.886455
v 0.014716 3.333492 15.069424
v -0.214873 3.223580 14.716504
v -0.093203 3.451819 15.021174
v -0.503568 3.690428 14.576050
v -0.529638 3.515422 14.416813
v -0.047815 3.481716 14.997444
v 0.058312 3.359541 15.039346
v -0.447297 3.727819 14.535569
v 0.526601 2.279876 15.102954
v 0.445879 2.964287 14.639336
v 0.097391 3.346756 14.682055
v 1.302015 2.088841 13.742508
v 1.148599 2.358219 13.567249
v 1.213418 2.115965 13.888547
v 3.005598 1.889793 12.420460
v 2.994492 2.046856 12.350866
v 3.213336 1.733749 12.456125
v 2.994492 2.046856 12.350866
v 3.037373 1.932330 12.476558
v 3.213336 1.733749 12.456125
v 1.008051 2.461929 14.238674
v 0.714386 2.474776 13.221686
v 0.681689 2.395187 13.181327
v 0.483538 2.193163 13.113504
v 0.868548 2.512910 13.410370
v 0.560141 2.850336 13.470334
v -0.121248 1.736296 12.954699
v -0.291450 2.039616 12.347984
v 0.322500 2.527216 12.437017
v 0.279408 2.451347 12.426325
v -1.262234 4.314161 13.215375
v -1.248923 4.258068 12.823004
v -1.486109 4.333469 13.135020
v -1.378660 4.142748 13.541438
v -0.890740 3.967279 14.043566
v -1.133291 4.188061 13.484625
v -1.465592 4.298801 13.266179
v -0.943227 4.104832 13.026902
v -1.465050 4.279216 12.698216
v -0.708346 3.920869 13.899506
v -0.228427 3.597651 14.090283
v -0.534704 3.821598 13.726343
v -1.021748 4.161399 13.378264
v -0.526155 3.862459 13.276204
v -1.321014 4.037539 13.671098
v -0.956102 3.915766 14.068839
v -1.238152 3.880183 13.669994
v -0.936729 3.752213 13.973782
v -1.109194 3.649442 14.101457
v -0.936729 3.752213 13.973782
v -1.238152 3.880183 13.669994
v 1.021929 2.405301 13.676039
v 0.072514 3.424400 13.696468
v -0.151645 3.620763 13.414655
v -0.277592 3.672342 13.624153
v -0.353600 3.711016 13.765549
v -0.197118 3.601146 13.713788
v -0.461918 3.592439 13.838468
v -0.534704 3.821598 13.726343
v -0.290686 3.477767 14.030575
v -0.222778 3.565790 14.047935
v -0.228427 3.597651 14.090283
v -0.320666 3.669194 14.303475
v -0.366907 3.698725 13.793912
v -0.534704 3.821598 13.726343
v -0.461918 3.592439 13.838468
v -0.366907 3.698725 13.793912
v -0.206700 3.590005 13.745956
v -0.206700 3.590005 13.745956
v -0.286248 3.498897 13.785663
v 0.170294 3.335884 14.391077
v 0.445879 2.964287 14.639336
v 0.323049 2.990258 14.541482
v 0.170089 3.305142 14.342134
v 0.050725 3.153598 14.300294
v 0.170294 3.335884 14.391077
v 0.118021 3.349626 13.829873
v 0.002476 3.436764 13.785796
v 0.082416 3.343665 13.853427
v 0.156064 3.273514 13.951478
v 0.198839 3.279707 13.930325
v 0.030912 3.442490 13.759841
v -0.082034 3.520213 13.725266
v -0.101043 3.511778 13.754329
v -0.101043 3.511778 13.754329
v -0.183678 3.438085 13.793464
v -0.083245 3.380482 13.824360
v 0.002476 3.436764 13.785796
v -0.032668 3.293272 13.888979
v 0.156064 3.273514 13.951478
v 0.082416 3.343665 13.853427
v 0.011619 3.229010 13.984019
v 0.253178 3.216404 14.223339
v 0.200418 3.216372 14.242477
v 0.445879 2.964287 14.639336
v 0.200418 3.216372 14.242477
v 0.323049 2.990258 14.541482
v 0.050725 3.153598 14.300294
v 0.354153 3.146989 13.998057
v 0.224354 3.272289 13.822742
v 0.979480 2.409629 13.405320
v 2.914766 2.093081 12.377013
v 0.197320 3.370126 13.506353
v 0.358051 2.859432 12.970325
v 0.458289 2.869708 13.222207
v -0.174761 2.588081 11.672972
v -0.051587 2.586939 11.799165
v -0.171228 2.486101 11.717628
v -0.053503 2.510397 11.819202
v -0.232643 2.783238 11.635773
v -0.073582 2.810161 11.827564
v 0.187434 2.841486 12.481242
v -0.507807 2.426001 11.601583
v -0.467957 2.352386 11.664124
v -1.465050 4.279216 12.698216
v -1.248923 4.258068 12.823004
v -1.437704 4.226579 12.676183
v -1.236523 4.221444 12.774207
v -0.943227 4.104832 13.026902
v -0.947239 4.078534 12.981291
v -0.526155 3.862459 13.276204
v -0.526035 3.831420 13.241346
v -0.151645 3.620763 13.414655
v -0.164163 3.588609 13.375354
v 0.197320 3.370126 13.506353
v 0.185118 3.332053 13.467774
v 0.496669 3.065016 13.636694
v 0.469502 3.024663 13.597239
v 0.661323 2.900680 13.743278
v 0.825979 2.736345 13.849862
v 0.671478 2.861306 13.740372
v 0.702650 2.786158 13.766429
v -0.232643 2.783238 11.635773
v -0.280050 2.832042 11.662497
v -0.073582 2.810161 11.827564
v -0.120943 2.844745 11.846512
v 0.519304 2.865195 13.486737
v 0.825979 2.736345 13.849862
v 0.560141 2.850336 13.470334
v 0.413778 2.877018 13.225788
v 0.458289 2.869708 13.222207
v 0.313198 2.880280 12.990174
v 0.358051 2.859432 12.970325
v 0.187434 2.841486 12.481242
v 0.144267 2.871305 12.499892
v 0.702650 2.786158 13.766429
v -0.609085 2.616297 11.540779
v -0.609085 2.616297 11.540779
v -0.643793 2.683419 11.578292
v 1.667236 2.209588 16.362535
v 0.838620 2.462960 14.839830
v 1.449561 2.402553 16.478455
v 0.642631 2.619295 15.161942
v 1.383832 2.195310 16.475573
v 0.582213 2.538602 15.190507
v 0.526601 2.279876 15.102954
v 1.875623 1.235308 16.703924
v 1.788174 1.277790 16.558960
v 1.354982 1.749783 15.934033
v 0.785914 1.966399 14.912225
v 2.517797 1.383035 17.940308
v 3.123711 1.479160 19.121147
v 2.517797 1.383035 17.940308
v 1.314924 1.868457 16.236631
v 1.875623 1.235308 16.703924
v 3.123711 1.479160 19.121147
v 1.788174 1.277790 16.558960
v 1.354982 1.749783 15.934033
v 0.666345 1.932723 15.059746
v 0.785914 1.966399 14.912225
v 1.148599 2.358219 13.567249
v 1.302015 2.088841 13.742508
v 1.225347 1.854002 13.712157
v 1.225347 1.854002 13.712157
v 1.225347 1.854002 13.712157
v 0.976316 2.147865 13.512526
v 0.979480 2.409629 13.405320
v 1.044652 0.082491 10.363520
v 1.007993 -0.004578 11.021714
v 0.842224 0.300331 12.451229
v 1.258945 -0.268231 14.001698
v 0.553496 0.074077 14.447832
v 0.979835 -0.409767 13.897344
v 0.392347 0.045529 14.311239
v 0.225335 0.028247 14.133549
v 0.633822 -0.433660 13.637887
v 0.073156 0.080482 13.892824
v 0.017714 0.225860 13.666886
v 0.388560 -0.218112 13.254465
v 0.798349 -0.451482 13.786302
v 0.484300 -0.350885 13.445874
v 0.432717 0.159640 12.966006
v 0.110293 0.530672 13.369196
v -0.891329 2.039351 15.175597
v -0.673087 2.166237 15.264353
v -0.861380 2.547131 15.099924
v -0.681296 1.640515 15.245580
v -0.445943 1.755095 15.322627
v -1.056978 2.440695 15.026526
v -1.047661 1.942142 15.045117
v -0.869929 1.545475 15.122570
v -1.120151 1.641946 15.219798
v -1.233047 1.779443 15.123847
v -1.221603 1.637380 15.194020
v -1.207403 1.976030 15.126713
v -1.288178 1.956987 15.095213
v -1.047661 1.942142 15.045117
v -1.147499 1.794391 15.154119
v -0.206928 1.331731 15.247714
v -0.477441 1.452885 15.246241
v -0.440226 1.258616 15.204367
v 0.183205 0.262226 14.530759
v -0.261085 0.480623 14.464580
v 0.028401 0.623002 14.908973
v -0.159810 0.602385 14.779631
v 0.357905 0.286480 14.625746
v -0.771039 1.146332 14.939015
v -0.127133 0.802844 14.984723
v -0.671712 1.227952 15.082770
v -2.193462 -0.549099 18.326488
v -2.480672 -0.408184 18.669800
v -2.412346 -0.231664 18.455320
v -2.480672 -0.408184 18.669800
v -2.140140 -0.430333 18.471758
v -0.301095 1.070594 15.117839
v 0.230529 0.805853 15.001651
v 0.049867 1.021184 15.132467
v -0.886307 0.828196 14.317328
v -1.212175 1.382780 14.875117
v -2.357692 -0.986064 19.088465
v -2.357692 -0.986064 19.088465
v -0.359588 0.445686 14.185235
v -0.421649 0.489369 13.934907
v -0.841417 0.731905 13.824781
v -1.065981 1.072161 13.547668
v -0.229703 0.686449 13.587072
v -0.704541 1.206123 13.330806
v -1.016487 2.927081 14.842003
v -1.210468 2.783973 14.778947
v -1.156086 3.264836 14.497267
v -1.190063 2.390896 14.906859
v -1.247070 2.679909 14.734264
v -1.317821 3.100277 14.430375
v -1.190063 2.390896 14.906859
v -1.457967 2.557811 15.094765
v -1.247070 2.679909 14.734264
v -1.472553 3.180051 14.592723
v -1.495815 2.713045 15.045309
v -1.317821 3.100277 14.430375
v -1.546761 2.692203 15.023234
v -1.504896 2.536179 15.066243
v -1.536280 3.154237 14.554306
v -0.869929 1.545475 15.122570
v -1.408887 1.987359 14.671250
v -1.526070 2.491659 14.709989
v -1.158155 0.780054 13.815025
v -1.150192 0.883801 13.941133
v -1.338732 1.010471 13.605019
v -1.523065 -1.127491 12.884482
v -1.448951 -1.362734 12.973613
v -1.665458 -1.079673 12.800382
v -1.665458 -1.079673 12.800382
v -1.448951 -1.362734 12.973613
v -1.574880 -1.130490 12.941685
v -1.323294 1.233981 14.278790
v -1.195272 1.468935 13.254544
v -1.112268 1.450307 13.212193
v -0.835513 1.498401 13.136201
v -1.308775 1.366086 13.447834
v -1.457087 1.533824 13.889147
v -1.411016 1.812103 13.504251
v -1.038113 1.810565 12.460429
v -0.951492 1.803016 12.447505
v -1.594578 4.139111 13.221093
v -1.566426 4.090835 12.828467
v -1.556253 3.965281 13.491904
v -1.496285 3.648331 14.053985
v -1.607403 3.755002 13.038330
v -1.565005 3.469656 13.914247
v -1.585982 3.267877 13.744432
v -1.564680 2.893830 14.113276
v -1.600189 3.856726 13.388218
v -1.636627 3.277559 13.295312
v -1.416185 3.673433 14.076755
v -1.294854 3.563584 13.979943
v -1.294854 3.563584 13.979943
v -1.299605 1.182520 13.715985
v -1.460798 1.735932 14.205609
v -1.602567 2.542114 13.725291
v -1.611021 2.970007 13.647098
v -1.645337 2.834018 13.440356
v -1.595400 2.864653 13.737848
v -1.596133 3.056558 13.786930
v -1.435176 3.079812 13.855214
v -1.432255 2.876488 14.050218
v -1.585982 3.267877 13.744432
v -1.542746 2.870546 14.070647
v -1.564680 2.893830 14.113276
v -1.565779 3.013376 14.324900
v -1.577714 3.060978 13.814746
v -1.585982 3.267877 13.744432
v -1.577714 3.060978 13.814746
v -1.435176 3.079812 13.855214
v -1.579933 2.866706 13.769587
v -1.579933 2.866706 13.769587
v -1.458781 2.881309 13.805840
v -1.566154 2.421274 14.420957
v -1.408887 1.987359 14.671250
v -1.542012 2.403357 14.371593
v -1.363499 2.101931 14.570503
v -1.350721 2.415437 14.324409
v -1.566154 2.421274 14.420957
v -1.560731 2.457968 13.854374
v -1.535055 2.484286 13.876873
v -1.570762 2.608118 13.812866
v -1.546066 2.353206 13.955964
v -1.516210 2.385269 13.975867
v -1.592258 2.587547 13.787771
v -1.574939 2.735459 13.779689
v -1.593421 2.724146 13.751273
v -1.466415 2.762451 13.815536
v -1.574939 2.735459 13.779689
v -1.570762 2.608118 13.812866
v -1.474865 2.647498 13.848305
v -1.427495 2.551161 13.908595
v -1.535055 2.484286 13.876873
v -1.516210 2.385269 13.975867
v -1.396989 2.479639 14.003872
v -1.488653 2.326717 14.271543
v -1.519019 2.282965 14.253832
v -1.408887 1.987359 14.671250
v -1.363499 2.101931 14.570503
v -1.488653 2.326717 14.271543
v -1.350721 2.415437 14.324409
v -1.524936 2.157248 14.030391
v -1.547648 1.988248 13.671870
v -1.559591 2.332664 13.853437
v -1.286471 1.216125 13.444310
v -1.681742 -0.985458 12.806301
v -1.633491 2.405814 13.537856
v -1.317744 1.976771 12.999160
v -1.362291 1.892851 13.287375
v -0.827778 2.244128 11.684208
v -0.744495 2.184155 11.727491
v -0.893066 2.143722 11.813644
v -0.828338 2.102282 11.832536
v -0.956959 2.401731 11.648236
v -1.063904 2.288545 11.844604
v -1.219673 2.100345 12.505454
v -1.566426 4.090835 12.828467
v -1.544555 4.059200 12.779508
v -1.607403 3.755002 13.038330
v -1.584682 3.742784 12.992259
v -1.636627 3.277559 13.295312
v -1.612044 3.259406 13.260034
v -1.645337 2.834018 13.440356
v -1.612808 2.825590 13.400282
v -1.633491 2.405814 13.537856
v -1.596244 2.393787 13.498426
v -1.547648 1.988248 13.671870
v -1.500087 1.987256 13.631129
v -1.457087 1.533824 13.889147
v -1.430680 1.662494 13.803134
v -0.956959 2.401731 11.648236
v -1.063904 2.288545 11.844604
v -0.969677 2.468807 11.674363
v -1.065134 2.347427 11.862759
v -1.399739 1.854411 13.519759
v -1.411016 1.812103 13.504251
v -1.457087 1.533824 13.889147
v -1.362291 1.892851 13.287375
v -1.356863 1.944399 13.256255
v -1.309042 2.025825 13.018088
v -1.317744 1.976771 12.999160
v -1.219673 2.100345 12.505454
v -1.219353 2.153069 12.523355
v -1.430680 1.662494 13.803134
v -1.645251 0.590505 16.326303
v -1.669740 0.880125 16.442820
v -1.212175 1.382780 14.875117
v -1.221603 1.637380 15.194020
v -1.467957 0.800784 16.459152
v -1.120151 1.641946 15.219798
v -0.869929 1.545475 15.122570
v -1.052214 -0.187257 16.721556
v -1.016385 -0.091347 16.580172
v -1.051996 0.547340 15.953847
v -0.771039 1.146332 14.939015
v -1.692705 -0.603908 17.897015
v -2.262118 -1.024152 19.023920
v -1.692705 -0.603908 17.897015
v -1.052214 -0.187257 16.721556
v -1.148460 0.650616 16.249283
v -2.262118 -1.024152 19.023920
v -1.016385 -0.091347 16.580172
v -1.051996 0.547340 15.953847
v -0.671712 1.227952 15.082770
v -0.771039 1.146332 14.939015
v -1.338732 1.010471 13.605019
v -1.158155 0.780054 13.815025
v -0.921725 0.740876 13.781318
v -0.921725 0.740876 13.781318
v -0.921725 0.740876 13.781318
v -1.065981 1.072161 13.547668
v -1.286471 1.216125 13.444310
v 1.776413 5.076816 8.202121
v 1.760524 5.158208 8.388393
v 1.934518 5.170331 8.450704
v 2.095018 5.102897 8.168933
v 2.125166 5.214363 8.510136
v 2.269228 5.355886 8.334159
v 2.348959 5.437432 8.235314
v 2.287154 5.302415 8.019879
v 1.070840 -0.423512 10.253855
v 2.514033 5.199699 7.938432
v 0.583832 4.774676 4.818264
v 0.425585 4.838800 5.038879
v 0.248157 4.822466 5.227680
v -0.128559 4.563923 5.479980
v 0.564821 4.054512 6.073786
v 0.060642 4.730835 5.377862
v 0.786500 4.191730 6.008237
v 0.162888 3.487399 5.899573
v 0.392311 3.893781 6.075130
v -0.439732 3.920723 5.403268
v -0.270395 4.376313 5.515068
v 0.989966 3.325846 6.672160
v 0.692181 2.158490 6.911901
v 0.980707 2.499831 7.157323
v 0.513484 2.838713 6.404675
v 0.791191 3.194607 6.639789
v 1.763014 4.924251 8.093063
v 1.611671 4.824347 8.597939
v 1.653212 5.047898 8.552724
v 1.443875 5.004131 8.263892
v 1.594068 4.711926 8.437582
v 1.656807 4.725474 8.243617
v -0.282322 3.416146 4.891314
v 0.282139 3.005670 5.352837
v 0.184332 3.122115 5.544705
v -0.383523 3.531859 5.081969
v 1.877115 4.755363 8.642215
v 1.807558 4.618419 8.285903
v -4.660211 1.768489 2.236981
v -4.874714 0.637091 2.039567
v 1.695706 4.797063 8.131435
v 2.060574 4.623930 8.228748
v -4.239678 1.507152 2.714021
v -4.578063 1.687206 2.448534
v -4.424235 0.509702 2.539217
v -4.783054 0.595444 2.256940
v -3.583615 1.325053 2.574934
v -3.748389 0.435995 2.425064
v 1.833978 5.051975 8.804296
v -3.792573 1.363672 2.695106
v -3.961386 0.448740 2.538165
v -2.568577 2.771137 2.983796
v -2.737914 2.804777 3.174933
v -3.236194 2.154485 2.849559
v -2.364189 2.868094 2.521926
v -2.441927 2.795328 2.757912
v -2.395397 3.141739 2.107677
v -2.350172 2.988713 2.298710
v -2.951946 2.423360 1.772828
v -2.883625 2.303416 1.976002
v -2.653452 3.490716 1.898604
v -3.259777 2.695028 1.530101
v -2.930474 2.887913 3.316854
v -3.314848 3.176967 3.393239
v -3.438486 2.217838 2.978324
v -3.861176 2.440989 3.020188
v -1.926271 -4.691254 3.058773
v -1.875345 -4.753693 2.861575
v -0.806287 -4.981144 3.497991
v -0.751088 -5.046997 3.311916
v 2.748802 5.038836 8.103400
v 2.749137 5.231521 8.016337
v 2.574740 5.429869 8.062842
v -1.878791 -4.239624 3.461937
v -1.943127 -4.573743 3.235539
v -0.841498 -4.509257 3.848055
v -0.841033 -4.858140 3.659003
v -1.487840 -3.613940 3.220413
v -1.596588 -3.721569 3.364065
v -0.605446 -3.857767 3.554596
v -0.682416 -3.969673 3.704397
v 2.439298 4.840657 8.152184
v 2.267443 4.743014 8.171999
v -1.705442 -3.874655 3.455638
v -0.751727 -4.128932 3.807808
v -2.943546 -2.566287 2.773263
v -2.220845 -3.089528 2.901127
v -2.360324 -3.188946 3.038834
v 1.939686 4.590353 8.469723
v -3.116406 -2.686521 2.852011
v -3.437977 -2.975986 2.813719
v -2.508391 -3.330427 3.118484
v -2.766545 -3.667488 3.090008
v 4.350934 -2.309459 4.142694
v 4.399972 -2.358207 4.009863
v 4.687551 -1.732281 4.060542
v 4.736401 -1.778657 3.934457
v 2.116550 4.654723 8.767262
v 4.026224 -2.059874 4.354712
v 4.266093 -2.237384 4.260856
v 4.359707 -1.517812 4.260809
v 4.603065 -1.666700 4.173108
v 3.410049 -3.459893 4.236465
v 3.460284 -3.517219 4.091249
v 3.958140 -2.862939 4.201449
v 4.008541 -2.914968 4.062837
v 2.693555 4.840319 8.235868
v 2.301411 4.388327 8.298559
v 3.116108 -3.123713 4.465729
v 3.329884 -3.368298 4.365224
v 3.642557 -2.576593 4.421436
v 3.875364 -2.782638 4.324914
v 4.929372 -1.198189 3.975599
v 4.981123 -1.242305 3.858760
v 5.091892 -0.597661 3.851499
v 5.147605 -0.639526 3.745083
v 5.178622 -0.678272 3.617397
v 2.522089 4.482303 8.215063
v 4.596852 -1.018785 4.152116
v 4.841068 -1.140538 4.077846
v 4.755388 -0.455944 4.000287
v 5.000151 -0.547661 3.942562
v 2.193291 4.359439 8.526543
v 3.623828 -1.818038 4.001578
v 3.683827 -1.845174 4.135572
v 3.949569 -1.335876 3.921881
v 4.010746 -1.351414 4.049724
v 2.261071 4.412567 8.765463
v 2.726049 4.586318 8.324977
v 3.778431 -1.897985 4.255650
v 4.107821 -1.389479 4.164697
v 2.784434 -2.743556 4.074143
v 2.829894 -2.795775 4.221781
v 3.262684 -2.273026 4.048637
v 3.317511 -2.311564 4.189255
v 2.522089 4.482303 8.215063
v 2.554060 4.368078 8.557268
v 2.301411 4.388327 8.298559
v 2.193291 4.359439 8.526543
v 2.261071 4.412567 8.765463
v 2.905788 -2.882815 4.354489
v 3.406467 -2.380430 4.316084
v 2.196200 -3.104178 4.060518
v 2.231708 -3.170670 4.216766
v 2.726049 4.586318 8.324977
v 2.346539 5.387166 8.911151
v 2.139671 5.279257 8.697199
v 2.147486 5.365113 8.849229
v 2.464150 5.303030 8.629709
v 2.294601 -3.276969 4.357447
v 2.477048 -3.565699 4.474510
v 4.199505 -0.902664 3.820159
v 4.256266 -0.905702 3.942359
v 4.377190 -0.407989 3.672679
v 4.427546 -0.397999 3.789063
v 4.352424 -0.429942 3.539738
v 2.566426 5.463920 8.378382
v 2.751107 5.336802 8.242764
v 4.349020 -0.926722 4.053545
v 4.514505 -0.401702 3.896919
v 2.478020 5.335638 9.009480
v -1.062861 3.955126 12.741454
v -1.148483 3.985104 12.902670
v -1.164363 4.079375 12.834311
v -1.254779 4.107443 12.942439
v -1.274321 3.928959 13.061027
v -1.078290 3.997989 12.881944
v -1.072422 4.013848 13.005738
v -1.085759 4.125084 12.992085
v -1.070778 4.059251 12.859365
v -1.424037 3.764889 12.747669
v -1.466597 3.920184 12.839512
v -1.396010 3.854729 12.906928
v -1.435715 4.012143 12.945553
v -1.274321 3.928959 13.061027
v -1.446870 3.803853 12.888285
v -1.459928 3.809744 13.012406
v -1.544467 3.883477 12.999978
v -1.502234 3.831998 12.866789
v 2.032184 5.064766 9.133991
v 2.193452 5.431929 9.232700
v 2.002445 5.246815 8.976823
v 2.209253 5.060362 9.218828
v 2.390922 5.145674 9.180864
v 2.106640 4.889122 8.935452
v 0.609785 2.371273 5.835950
v 0.694108 1.796884 6.551512
v 0.511480 2.492300 6.024563
v 2.444503 4.986195 9.101164
v 2.472964 5.240905 9.123158
v 2.574593 4.921854 8.887505
v 0.727988 1.105903 7.212304
v 0.718606 1.496585 7.536094
v 1.010541 1.843282 7.770523
v 2.681715 4.980851 8.463378
v 2.645917 4.961884 8.657851
v 2.340609 4.822463 8.983678
v 0.962799 -0.029718 11.627552
v 0.898066 0.114501 12.052410
v 2.685705 4.610564 8.791883
v 2.793827 4.639449 8.563897
v 2.465028 4.516583 8.875376
v 2.793827 4.639449 8.563897
v 2.685705 4.610564 8.791883
v 2.465028 4.516583 8.875376
v 2.501045 5.231995 7.876539
v 2.587739 5.488991 7.789038
v 2.774109 5.266535 7.981112
v 2.796485 5.471701 7.871257
v 2.300978 5.319800 7.995255
v 2.369627 5.588167 7.877646
v 2.424642 5.653945 8.078821
v 2.372046 5.565203 8.159770
v -3.230389 3.862902 2.116910
v -3.037827 3.779769 1.974988
v -3.572905 3.525944 3.184167
v -4.169009 2.712656 2.777460
v -3.618131 3.678966 2.993132
v -4.237329 2.832601 2.574283
v 2.363041 5.445433 8.220738
v 2.845155 5.665296 7.746133
v 2.529676 5.705573 7.619264
v 2.818027 5.812112 7.701127
v 2.352840 5.743076 7.783398
v -2.697647 4.595710 3.091844
v -2.793228 4.507670 3.322592
v -2.563478 4.624767 2.863966
v -2.397990 4.581862 2.662889
v -2.219845 4.478348 2.504669
v -1.891077 4.120534 2.382113
v -1.704301 3.690351 2.543009
v -1.691774 3.502426 2.715409
v -1.732394 3.354474 2.925773
v -1.827974 3.266436 3.156520
v -1.962146 3.237377 3.384398
v -2.127630 3.280285 3.585478
v -2.305772 3.383802 3.743701
v -2.634541 3.741617 3.866256
v -2.821316 4.171800 3.705360
v -2.833845 4.359721 3.532959
v -3.660364 -3.339625 2.328224
v -2.902121 -4.084097 2.631516
v -3.633202 -3.244059 2.531158
v -2.899002 -3.975787 2.824828
v -2.857487 -4.141383 2.422507
v 2.406229 5.798106 8.028222
v 2.531705 5.166898 8.214828
v 2.556340 5.843512 7.642291
v 2.731757 5.919489 7.719958
v 2.403684 5.848557 7.794562
v 2.446282 5.882446 7.959028
v 2.248245 6.210502 7.965512
v 2.513720 6.183558 7.770848
v 2.409679 6.023524 7.738180
v -4.250266 -2.403525 2.114007
v -4.192834 -2.323656 2.324136
v 2.556340 5.843512 7.642291
v 2.669631 6.061416 7.704418
v 2.731757 5.919489 7.719958
v 2.411637 5.997099 7.934366
v 2.403684 5.848557 7.794562
v 2.446282 5.882446 7.959028
v 2.787585 5.397700 8.244374
v 2.790890 5.607713 8.051386
v 2.585352 5.484070 8.360585
v 2.603686 5.724224 8.181353
v -3.344193 -1.785338 2.564337
v -3.539593 -1.877970 2.648804
v -3.926034 -2.106349 2.614204
v 2.750807 -3.954502 4.230630
v 2.670889 -3.852140 4.367328
v 2.801523 -4.018209 4.076686
v 1.924756 -4.483554 4.190146
v 1.851828 -4.368667 4.337176
v 1.977752 -4.551786 4.025735
v 2.833123 5.882868 8.011971
v 2.619971 5.897991 8.127927
v 1.478604 -3.499995 4.030457
v 1.497082 -3.582375 4.194191
v 1.539198 -3.709891 4.340133
v 1.683034 -4.044394 4.457281
v 2.770307 5.967245 7.916960
v 2.586065 5.954578 8.030560
v 2.569638 6.116026 7.943518
v 2.770307 5.967245 7.916960
v 2.586065 5.954578 8.030560
v 1.172961 -2.446257 8.938517
v 1.081713 -2.382795 8.723061
v 1.265118 -2.399429 8.716194
v 1.172961 -2.446257 8.938517
v 0.960885 -2.352478 8.858870
v 1.172961 -2.446257 8.938517
v 0.992962 -2.340128 9.033442
v 1.107703 -2.343215 9.168888
v 1.289897 -2.366613 9.161657
v 1.411935 -2.390164 9.026214
v 1.172961 -2.446257 8.938517
v 1.380339 -2.399907 8.851775
v 1.265118 -2.399429 8.716194
v 1.081713 -2.382795 8.723061
v 1.329441 -1.986689 8.764573
v 1.169859 -1.958408 8.771366
v 0.960885 -2.352478 8.858870
v 1.060689 -1.945215 8.890610
v 0.992962 -2.340128 9.033442
v 1.065875 -1.954836 9.052448
v 1.107703 -2.343215 9.168888
v 1.182379 -1.981636 9.162084
v 1.289897 -2.366613 9.161657
v 1.341958 -2.009916 9.155292
v 1.411935 -2.390164 9.026214
v 1.451133 -2.023111 9.036047
v 1.380339 -2.399907 8.851775
v 1.445942 -2.013489 8.874209
v 1.482003 -1.136791 8.810210
v 1.322421 -1.108510 8.817003
v 1.213249 -1.095316 8.936245
v 1.218436 -1.104936 9.098085
v 1.334941 -1.131738 9.207721
v 1.494519 -1.160018 9.200929
v 1.603694 -1.173213 9.081684
v 1.598503 -1.163589 8.919847
v 1.482003 -1.136791 8.810210
v 1.322421 -1.108510 8.817003
v 1.435808 -0.981791 9.017084
v 1.213249 -1.095316 8.936245
v 1.435808 -0.981791 9.017084
v 1.218436 -1.104936 9.098085
v 1.435808 -0.981791 9.017084
v 1.334941 -1.131738 9.207721
v 1.494519 -1.160018 9.200929
v 1.603694 -1.173213 9.081684
v 1.598503 -1.163589 8.919847
v 1.435808 -0.981791 9.017084
v 1.457137 -1.221799 8.831430
v 1.543042 -0.743234 8.857127
v 1.318274 -1.197190 8.837343
v 1.404179 -0.718624 8.863040
v 1.223274 -1.185710 8.941106
v 1.309181 -0.707143 8.966802
v 1.227788 -1.194082 9.081934
v 1.313694 -0.715514 9.107630
v 1.329168 -1.217403 9.177335
v 1.415072 -0.738836 9.203031
v 1.468029 -1.242012 9.171425
v 1.553934 -0.763445 9.197122
v 1.563030 -1.253492 9.067660
v 1.648935 -0.774925 9.093358
v 1.558513 -1.245120 8.926835
v 1.644419 -0.766551 8.952532
v 1.558513 -1.245120 8.926835
v 1.644419 -0.766551 8.952532
v 1.281307 -1.790655 8.972739
v 1.530240 4.814439 8.542768
v 1.321704 4.838705 8.397018
v 1.531820 4.700083 8.259309
v 1.388859 4.752155 8.206611
v 1.360280 5.075139 8.442240
v 1.582446 5.044009 8.534012
v 1.434726 5.218217 8.293595
v 1.568234 5.250743 8.347704
v 1.664464 5.192308 8.360442
v 1.209075 4.746627 8.133937
v 1.043714 4.891179 8.373418
v 1.076217 4.840864 8.090367
v 1.158168 5.139549 8.426156
v 1.814217 4.925952 8.372654
v 1.141971 -2.635844 8.953752
v -0.185105 -3.603540 10.067760
v -0.229273 -3.645772 9.739795
v -0.049865 -3.779333 9.818555
v -0.185105 -3.603540 10.067760
v -0.336211 -3.447715 9.814415
v -0.185105 -3.603540 10.067760
v -0.308028 -3.301186 9.998708
v -0.185105 -3.603540 10.067760
v -0.161243 -3.292012 10.184715
v 0.018166 -3.425575 10.263478
v 0.125101 -3.623629 10.188857
v -0.185105 -3.603540 10.067760
v 0.096926 -3.770164 10.004561
v -0.049865 -3.779333 9.818555
v 0.275670 -3.454230 9.570233
v 1.032753 4.945338 8.283602
v 1.055949 4.910311 8.091054
v 0.125101 -3.623629 10.188857
v 0.422159 -3.323870 9.880262
v 0.096926 -3.770164 10.004561
v 0.398562 -3.446548 9.725966
v 1.170148 -2.672838 8.851584
v 1.037092 -2.564365 8.772857
v 0.948220 -2.415820 8.848377
v 0.957980 -2.338574 8.995763
v 1.057682 -2.335953 9.144254
v 1.187066 -2.429485 9.203912
v 1.261465 -2.571952 9.147201
v 1.246165 -2.672323 8.999930
v 1.170148 -2.672838 8.851584
v 1.037092 -2.564365 8.772857
v 1.164047 -2.452577 8.946242
v 0.948220 -2.415820 8.848377
v 1.164047 -2.452577 8.946242
v 0.957980 -2.338574 8.995763
v 1.164047 -2.452577 8.946242
v 1.057682 -2.335953 9.144254
v 1.187066 -2.429485 9.203912
v 1.261465 -2.571952 9.147201
v 1.164047 -2.452577 8.946242
v 1.246165 -2.672323 8.999930
v 1.164047 -2.452577 8.946242
v 0.428985 -3.069265 9.547415
v 1.118666 5.137850 8.323264
v 0.990987 5.180019 8.255591
v 1.032753 4.945338 8.283602
v 1.118666 5.137850 8.323264
v 1.447481 4.894794 8.032940
v 1.670098 4.831439 8.069493
v 1.489709 5.140407 8.093095
v 1.742673 5.076970 8.133305
v -0.371743 -3.752366 10.212988
v 2.936482 2.436170 8.832401
v 2.973180 2.231759 8.702086
v 2.833384 2.333580 8.638442
v 2.936482 2.436170 8.832401
v 2.723774 2.461525 8.713128
v 2.936482 2.436170 8.832401
v 2.732423 2.531517 8.876477
v 2.810772 2.540467 9.035543
v 2.954588 2.443162 9.095901
v 3.060177 2.310702 9.024504
v 2.936482 2.436170 8.832401
v 3.049988 2.238957 8.862420
v 2.973180 2.231759 8.702086
v 2.720530 1.976225 8.920496
v 2.833384 2.333580 8.638442
v 2.588964 2.057098 8.870872
v 2.723774 2.461525 8.713128
v 2.500209 2.179197 8.930249
v 2.732423 2.531517 8.876477
v 2.506253 2.270999 9.063842
v 2.810772 2.540467 9.035543
v 2.603555 2.278732 9.193394
v 2.954588 2.443162 9.095901
v 2.735117 2.197861 9.243020
v 3.060177 2.310702 9.024504
v 2.823875 2.075760 9.183642
v 3.049988 2.238957 8.862420
v 2.817828 1.983961 9.050049
v 2.215769 1.408473 9.333483
v 2.084204 1.489345 9.283859
v 1.995449 1.611444 9.343236
v 2.001492 1.703245 9.476830
v 2.098794 1.710979 9.606382
v 2.230357 1.630109 9.656007
v 2.319115 1.508008 9.596629
v 2.313066 1.416208 9.463037
v 2.215769 1.408473 9.333483
v 2.066705 1.457853 9.543955
v 2.084204 1.489345 9.283859
v 2.066705 1.457853 9.543955
v 1.995449 1.611444 9.343236
v 2.066705 1.457853 9.543955
v 2.001492 1.703245 9.476830
v 2.098794 1.710979 9.606382
v 2.230357 1.630109 9.656007
v 2.319115 1.508008 9.596629
v 2.066705 1.457853 9.543955
v 2.313066 1.416208 9.463037
v 2.258858 1.485118 9.309730
v 1.974633 1.165424 9.542277
v 2.144373 1.555490 9.266549
v 1.860149 1.235796 9.499098
v 2.067140 1.661737 9.318218
v 1.782916 1.342043 9.550765
v 2.072400 1.741622 9.434467
v 1.788176 1.421926 9.667015
v 2.157070 1.748350 9.547201
v 1.872845 1.428655 9.779748
v 2.271552 1.677979 9.590383
v 1.987327 1.358285 9.822929
v 2.348787 1.571729 9.538713
v 2.064561 1.252036 9.771262
v 2.343524 1.491848 9.422465
v 2.059299 1.172152 9.655012
v 2.343524 1.491848 9.422465
v 2.059299 1.172152 9.655012
v 2.540643 2.003164 9.146315
v 1.223327 4.979816 7.881983
v 1.320678 5.223619 7.997084
v 1.156973 5.007284 7.951440
v 3.050494 2.575032 8.762728
v 2.495801 4.483965 8.553147
v 2.694316 4.366237 8.312256
v 2.467697 4.311470 8.268979
v 2.495801 4.483965 8.553147
v 2.272678 4.287522 8.401739
v 2.495801 4.483965 8.553147
v 2.223511 4.308424 8.632769
v 2.495801 4.483965 8.553147
v 2.348983 4.361930 8.826735
v 2.575605 4.416699 8.870011
v 2.770619 4.440645 8.737251
v 2.495801 4.483965 8.553147
v 2.819796 4.419742 8.506222
v 2.694316 4.366237 8.312256
v 2.774940 3.861666 8.422885
v 2.467697 4.311470 8.268979
v 2.585203 3.815813 8.386652
v 2.272678 4.287522 8.401739
v 2.421934 3.795764 8.497801
v 2.223511 4.308424 8.632769
v 2.380768 3.813264 8.691228
v 2.348983 4.361930 8.826735
v 2.485818 3.858063 8.853622
v 2.575605 4.416699 8.870011
v 2.675548 3.903915 8.889857
v 2.770619 4.440645 8.737251
v 2.838823 3.923964 8.778706
v 2.819796 4.419742 8.506222
v 2.879986 3.906464 8.585280
v 3.056594 2.519100 8.635736
v 2.882422 2.459293 8.593844
v 2.729810 2.458093 8.705090
v 2.701887 2.504654 8.862689
v 2.790092 2.557873 9.008924
v 2.952112 2.597573 9.043861
v 3.090154 2.613891 8.945243
v 3.126232 2.583873 8.772632
v 3.056594 2.519100 8.635736
v 2.934192 2.450811 8.830329
v 2.882422 2.459293 8.593844
v 2.934192 2.450811 8.830329
v 2.729810 2.458093 8.705090
v 2.934192 2.450811 8.830329
v 2.701887 2.504654 8.862689
v 2.790092 2.557873 9.008924
v 2.952112 2.597573 9.043861
v 2.934192 2.450811 8.830329
v 3.090154 2.613891 8.945243
v 2.934192 2.450811 8.830329
v 3.126232 2.583873 8.772632
v 2.689168 3.545686 8.677881
v 2.452913 4.376898 8.295856
v 2.650798 4.424720 8.333646
v 2.282626 4.355987 8.411782
v 2.239693 4.374238 8.613517
v 2.349254 4.420961 8.782885
v 2.547139 4.468784 8.820678
v 2.612112 4.572320 8.323701
v 2.423207 4.526668 8.287627
v 2.260650 4.506706 8.398291
v 2.219662 4.524130 8.590870
v 2.324253 4.568731 8.752551
v 2.513156 4.614384 8.788626
v 2.528766 4.703195 8.387666
v 2.412018 4.674980 8.365368
v 2.311553 4.662644 8.433764
v 2.286220 4.673412 8.552781
v 2.350861 4.700977 8.652706
v 2.467610 4.729191 8.675003
v 2.568075 4.741527 8.606608
v 2.593405 4.730760 8.487591
v 2.428977 4.752337 8.513333
v -1.024345 3.463173 13.330717
v 0.012196 2.972107 13.566221
v -0.601887 2.670277 13.611404
v -0.371374 2.236243 13.721982
v -1.236523 4.221444 12.774207
v -1.437704 4.226579 12.676183
v -0.947239 4.078534 12.981291
v -0.526035 3.831420 13.241346
v -0.164163 3.588609 13.375354
v 0.185118 3.332053 13.467774
v 0.329153 2.626936 13.719408
v 0.469502 3.024663 13.597239
v 0.702650 2.786158 13.766429
v 0.223288 2.630309 13.268494
v 0.313198 2.880280 12.990174
v 0.144267 2.871305 12.499892
v -0.120943 2.844745 11.846512
v -0.280050 2.832042 11.662497
v 0.413778 2.877018 13.225788
v 0.519304 2.865195 13.486737
v -0.479538 2.415240 12.915078
v -0.379795 2.623641 12.288788
v -0.561666 2.549329 12.246686
v -0.643793 2.683419 11.578292
v -1.199083 2.334111 13.587064
v -1.544555 4.059200 12.779508
v -1.584682 3.742784 12.992259
v -1.612044 3.259406 13.260034
v -1.612808 2.825590 13.400282
v -1.596244 2.393787 13.498426
v -1.089549 1.879688 13.743820
v -1.500087 1.987256 13.631129
v -1.430680 1.662494 13.803134
v -1.044631 1.962480 13.290311
v -1.219353 2.153069 12.523355
v -1.309042 2.025825 13.018088
v -0.969677 2.468807 11.674363
v -1.065134 2.347427 11.862759
v -1.356863 1.944399 13.256255
v -1.399739 1.854411 13.519759
v -0.724607 2.442024 12.294720
v -0.392608 2.889952 11.808495
v -0.234576 2.912401 11.902874
v -0.359519 2.909379 11.721739
v -0.327056 2.763224 11.819891
v -0.253196 2.748678 11.948128
v -0.687237 2.771415 11.747125
v -0.608319 2.621647 11.749027
v -0.279340 2.870525 11.935602
v -0.693431 2.779525 11.635409
v -0.642714 2.681679 11.587729
v -0.266225 2.816809 11.659921
v -0.137705 2.834889 11.848677
v -0.105710 2.731406 12.252932
v -0.199733 2.939639 12.268888
v -0.191284 2.878860 12.144628
v -0.189734 2.986104 12.262138
v -0.146311 2.926969 12.128788
v -0.135552 2.982730 12.247547
v -0.115131 2.858757 12.359853
v -0.105691 2.995158 12.509775
v -0.096064 2.909010 12.356632
v -0.044174 2.915138 12.343173
v -0.040711 2.719969 12.448846
v 0.160656 2.801087 12.469577
v -0.052354 2.983100 12.481965
v 0.057739 2.808050 12.204074
v 0.008091 2.870373 12.652179
v -0.114753 2.934771 12.510209
v 0.081741 2.907802 12.637320
v 0.269185 2.962004 13.370437
v 0.219294 2.885105 13.340664
v 0.206082 2.675644 13.096512
v 0.298536 2.678277 13.449197
v 0.299886 2.842471 12.966267
v 0.467907 2.858059 13.446481
v 0.454082 2.594123 13.776610
v 0.201484 2.864674 13.685088
v -0.186605 3.366426 13.298020
v 0.066448 3.195018 13.381823
v 0.039094 3.159410 13.362253
v -0.215841 3.346563 13.320701
v 0.010443 3.141092 13.387221
v -0.327152 3.371217 13.458317
v 0.223086 3.022783 13.374051
v 0.164063 2.964365 13.388721
v 0.679834 2.748302 13.770091
v 0.389678 3.057044 13.632512
v 0.146136 3.277494 13.518949
v -0.165932 3.417001 13.320599
v -0.157439 3.502294 13.427567
v -0.657783 3.763642 13.120946
v -0.707288 3.698917 13.132703
v -0.799198 3.855771 13.094729
v -0.850521 3.785347 13.209504
v -0.831688 3.819071 13.099490
v -0.999280 3.981909 13.026841
v -0.671144 3.612293 13.326178
v -0.590100 3.643333 13.079325
v -0.548046 3.670588 13.012617
v -0.530336 3.718459 13.058849
v -0.550181 3.575774 13.219626
v -0.513208 3.608495 13.175098
v -0.491159 3.657724 13.206293
v -0.524018 3.501190 13.384716
v -0.394212 3.465536 13.271827
v -0.380128 3.542440 13.076895
v -0.359152 3.479656 13.231981
v -0.332481 3.535696 13.259810
v -0.413707 3.518043 13.119333
v -0.363631 3.582136 13.108140
v -0.757768 3.881797 13.163404
v -0.540146 3.775313 13.292456
v -0.388400 3.651232 13.332590
v -0.949861 2.596440 11.818083
v -0.986921 2.578919 11.732533
v -1.055162 2.480189 11.916994
v -0.908435 2.403556 11.959402
v -0.882130 2.470861 11.829443
v -0.994451 2.493868 11.947906
v -0.965002 2.448754 11.671945
v -1.047471 2.355692 11.864335
v -0.969356 2.276512 12.267792
v -1.045469 2.428949 12.159326
v -1.087455 2.472064 12.284163
v -1.110981 2.418865 12.145388
v -1.131598 2.490012 12.278346
v -1.159838 2.443225 12.265173
v -1.066147 2.357846 12.376218
v -1.118443 2.370510 12.374225
v -1.179901 2.429358 12.528259
v -1.153190 2.331004 12.362256
v -0.991392 2.219232 12.465204
v -1.181177 2.118203 12.508165
v -1.200860 2.378168 12.501727
v -1.133530 2.198587 12.235309
v -1.137505 2.266973 12.671890
v -1.124981 2.402671 12.527591
v -1.210397 2.227216 12.659554
v -1.341298 2.113743 13.398148
v -1.250497 2.110947 13.365954
v -1.076163 1.998381 13.116620
v -1.126734 1.940738 13.514092
v -1.269916 2.012956 12.990918
v -1.365886 1.892177 13.478035
v -1.138325 1.771181 13.786462
v -1.214309 2.118958 13.709450
v -1.419025 2.717294 13.319227
v -1.374204 2.415008 13.386573
v -1.418499 2.412878 13.407374
v -1.385511 2.730484 13.340827
v -1.342233 2.428621 13.410497
v -1.339209 2.838154 13.475732
v -1.365251 2.186186 13.401381
v -1.283330 2.202006 13.413626
v -1.386480 1.659948 13.805645
v -1.480708 2.071888 13.664696
v -1.527849 2.395786 13.547751
v -1.544041 2.771953 13.451427
v -1.471799 2.729185 13.343070
v -1.484932 3.327972 13.135179
v -1.481653 3.496313 13.106472
v -1.403268 3.332335 13.144677
v -1.391490 3.500412 13.218813
v -1.432902 3.502404 13.109836
v -1.474374 3.731672 13.035016
v -1.347071 3.256273 13.337809
v -1.425124 3.203515 13.093693
v -1.473163 3.183318 13.028536
v -1.521397 3.196455 13.075902
v -1.388211 3.134373 13.234045
v -1.437286 3.121772 13.190999
v -1.489497 3.131886 13.223471
v -1.337061 3.072950 13.398705
v -1.384086 2.944159 13.288860
v -1.416618 2.922674 13.250177
v -1.460701 2.973289 13.095488
v -1.477149 2.932785 13.279508
v -1.420463 2.987772 13.136656
v -1.501912 2.982589 13.127727
v -1.524682 3.477855 13.176600
v -1.556432 3.240021 13.309942
v -1.538831 3.045284 13.352386
v 1.944967 1.364135 9.064563
v 1.934740 1.323165 9.086130
v 2.172522 1.239111 9.168548
v 2.216847 1.269786 9.162221
v 2.388631 0.884011 9.806981
v 2.349971 0.849338 9.785467
v 2.253848 0.852630 9.993812
v 2.289776 0.927983 10.046644
v 2.320910 1.039478 9.317350
v 2.355053 1.073393 9.312501
v 2.413316 0.934275 9.563954
v 2.374478 0.899308 9.552005
v 1.500373 2.124181 7.921207
v 1.591447 1.725777 8.560919
v 1.703931 1.706425 8.532903
v 1.608737 2.108550 7.894533
v 2.051999 -0.612308 9.274237
v 2.093391 -0.502039 9.054807
v 2.116067 -0.547584 9.038189
v 2.073158 -0.663491 9.265722
v 2.027982 -0.432915 8.791232
v 2.048846 -0.465750 8.762530
v 1.391761 -0.319289 8.504866
v 1.286123 -0.292298 8.548343
v 1.262189 -0.327834 8.501760
v 1.377825 -0.336656 8.462870
v 2.641400 0.867251 8.935724
v 2.747677 0.473332 9.791858
v 2.803677 -0.101558 9.618262
v 2.690022 0.315577 8.627144
v 1.143344 -0.208362 8.688880
v 1.117558 -0.244453 8.647982
v 2.494865 -0.602930 9.466812
v 2.424260 -0.206478 8.557468
v 1.674925 0.061324 7.528521
v 1.421705 0.104889 7.591591
v 1.284935 0.662030 6.758863
v 1.539043 0.619805 6.686728
v 1.365698 -0.685219 9.611362
v 1.472880 -0.714396 9.627280
v 1.456053 -0.784041 9.639557
v 1.342754 -0.754044 9.622418
v 2.043558 0.921485 10.196126
v 2.021936 0.867537 10.143034
v 2.123550 0.629666 10.768047
v 2.136098 0.701599 10.739834
v 1.913632 0.759815 10.735620
v 1.915902 0.685389 10.762250
v 1.810919 0.904799 10.181385
v 1.818927 0.954107 10.234367
v 1.720493 1.400059 9.087813
v 1.722531 1.357126 9.108109
v 1.692053 1.669235 8.511808
v 1.703931 1.706425 8.532903
v 1.921244 1.669037 8.478777
v 1.909367 1.631848 8.457682
v 1.934740 1.323165 9.086130
v 1.617943 2.112981 7.834973
v 1.608737 2.108550 7.894533
v 1.827012 2.076687 7.829801
v 1.818896 2.083778 7.767942
v 2.794966 -0.408019 10.552071
v 2.465013 -0.900896 10.422063
v 1.248171 -0.554607 9.584677
v 1.217739 -0.617980 9.593478
v 2.765992 0.178785 10.675278
v 1.928789 -0.716687 9.452826
v 1.932675 -0.809755 9.443225
v 1.810919 0.904799 10.181385
v 1.700796 0.932560 10.169055
v 1.702740 0.983900 10.221535
v 1.844278 -0.424501 8.569909
v 1.871293 -0.467131 8.541583
v 1.204390 0.142278 7.645715
v 1.091908 0.161629 7.673733
v 0.960706 0.704477 6.856926
v 1.066661 0.693893 6.823595
v 1.550260 0.892383 10.079851
v 1.543821 0.943936 10.127979
v 1.827012 2.076687 7.829801
v 1.921244 1.669037 8.478777
v 2.174466 1.625472 8.415709
v 2.078708 2.039509 7.751009
v 1.604857 1.408880 9.126703
v 1.609533 1.346813 9.138164
v 1.722531 1.357126 9.108109
v 1.425138 1.301593 9.200418
v 1.430840 1.248732 9.213203
v 1.603970 -0.353250 8.482884
v 1.602299 -0.372579 8.439619
v 1.657696 -1.004007 10.390092
v 1.686577 -0.738813 9.593326
v 1.680683 -0.816663 9.601315
v 1.649103 -1.045360 10.330127
v 1.472880 -0.714396 9.627280
v 1.449988 -0.948502 10.384244
v 1.426638 -0.987144 10.325913
v 1.216269 0.179468 7.666810
v 1.391761 -0.319289 8.504866
v 1.204390 0.142278 7.645715
v 1.603970 -0.353250 8.482884
v 1.433582 0.142080 7.612685
v 1.421705 0.104889 7.591591
v 1.098064 0.768796 6.804935
v 1.066661 0.693893 6.823595
v 1.301292 0.745474 6.742410
v 1.284935 0.662030 6.758863
v -0.084841 4.631018 3.523155
v -0.125447 4.079924 3.517972
v -1.013736 3.992951 2.908685
v -1.106115 4.528341 2.816201
v 0.796108 4.325231 4.220314
v 0.618064 3.807311 4.104901
v 0.256849 3.410255 4.274114
v -0.361870 3.650637 3.785631
v -0.149561 3.285726 4.663316
v -0.700092 3.509882 4.226185
v -3.651018 -2.378204 1.170923
v -4.159547 -1.476149 0.980617
v -3.674042 -1.314410 0.999008
v -3.221033 -2.107499 1.210181
v -4.053267 -2.558653 1.435146
v -4.578505 -1.582227 1.270243
v -4.274131 -2.579930 1.901930
v -4.770892 -1.592126 1.757260
v -4.422323 -0.340569 0.909683
v -3.909867 -0.289580 0.920295
v -4.851058 -0.384406 1.209021
v -5.032306 -0.404342 1.703960
v -4.365503 0.769465 1.003137
v -3.849205 0.693655 1.006784
v -4.797221 0.788637 1.307324
v -4.979459 0.743842 1.803147
v -0.365898 -3.940016 2.778221
v -0.465353 -3.734996 3.166631
v 0.154652 -3.779333 3.373881
v 0.280544 -3.993123 3.000614
v -3.307439 -1.158792 1.318397
v -2.927554 -1.849944 1.537932
v -3.199767 -1.068731 1.816781
v -2.882678 -1.703910 2.028978
v -3.392153 -1.078629 2.303799
v -3.103544 -1.725186 2.495761
v -3.509427 -0.250915 1.236796
v -3.373963 -0.239344 1.738300
v -3.555210 -0.259281 2.233239
v -3.445538 0.590157 1.316871
v -3.308688 0.498510 1.814956
v -3.490925 0.453715 2.310779
v 0.368535 -4.821446 2.912340
v -0.479242 -4.753365 2.605961
v -0.371203 -4.328999 2.564064
v 0.361471 -4.391793 2.824244
v 0.300579 -5.119004 3.232396
v -0.648747 -5.051021 2.887910
v 0.181723 -5.168878 3.660486
v -0.814969 -5.108273 3.302210
v 1.206725 -4.671788 3.139672
v 1.122646 -4.258009 3.025295
v 1.207361 -4.948946 3.476305
v 1.119663 -4.986662 3.906021
v 2.024995 -4.334714 3.285340
v 1.860162 -3.967127 3.154486
v 2.100772 -4.572412 3.628978
v 2.058558 -4.589422 4.054147
v -0.631577 -3.792248 3.580931
v 0.035795 -3.829208 3.801970
v 0.987445 -3.872248 3.179421
v 0.852546 -3.655269 3.540619
v 0.771563 -3.690858 3.972201
v 1.669239 -3.610054 3.286406
v 1.525147 -3.399886 3.630703
v 1.482933 -3.416897 4.055871
v 5.762959 2.146682 2.918098
v 5.177217 -0.857185 3.435143
v 4.971991 -0.852402 3.188857
v 5.708988 2.144170 2.855618
v 5.770816 2.162283 2.998652
v 5.207776 -0.796510 3.748437
v 4.674729 -0.770793 3.100684
v 5.633763 2.168894 2.832104
v 4.394735 -0.656726 3.207272
v 5.561773 2.198223 2.859510
v 0.716257 1.622679 7.573008
v 0.823176 1.115971 8.297386
v 0.634417 1.600353 7.647169
v 0.738326 1.154068 8.332926
v 1.294756 1.113331 9.402887
v 1.316534 1.071034 9.409797
v 1.289033 0.977477 9.591391
v 1.131055 0.911947 9.460838
v 1.252700 1.008196 9.631748
v 1.102449 0.967925 9.524259
v 1.398339 0.922239 9.982571
v 1.418233 0.877870 9.946527
v 1.288870 0.939764 9.821046
v 1.318479 0.898278 9.784642
v 1.289033 0.977477 9.591391
v 1.316534 1.071034 9.409797
v 1.136387 0.982668 9.319208
v 1.115282 1.055705 9.343889
v 0.900743 0.760931 9.194456
v 0.957355 0.733342 9.175258
v 0.794635 0.599774 8.945684
v 0.870252 0.590432 8.940021
v 0.947224 0.942836 9.121017
v 0.986174 0.885557 9.112393
v 0.894488 0.818241 8.856996
v 0.804221 0.877489 8.853136
v 0.894488 0.818241 8.856996
v 0.986174 0.885557 9.112393
v 2.021936 0.867537 10.143034
v 1.024373 1.508203 8.508957
v 0.961101 1.090090 8.950057
v 1.084564 1.192474 9.071237
v 2.109988 0.822448 6.752291
v 2.455471 1.234995 7.028578
v 2.241997 0.278903 7.580478
v 2.576528 0.731255 7.809761
v 0.595896 1.044119 7.197872
v 0.715640 0.541505 7.960644
v 0.564405 1.417642 7.508852
v 0.673808 0.952051 8.218341
v 2.116067 -0.547584 9.038189
v 2.073158 -0.663491 9.265722
v 2.048846 -0.465750 8.762530
v 1.871293 -0.467131 8.541583
v 1.932675 -0.809755 9.443225
v 0.885316 -0.105803 9.146003
v 1.029427 -0.332890 9.375918
v 0.936560 -0.282634 9.570020
v 1.111543 -0.462352 9.505264
v 1.001190 -0.245687 9.186869
v 0.989165 -0.138499 8.862919
v 0.841959 0.038953 8.866948
v 1.117558 -0.244453 8.647982
v 0.794635 0.599774 8.945684
v 0.805767 0.298754 9.033967
v 0.890652 0.284213 9.737396
v 1.902167 -1.111584 10.334919
v 1.456053 -0.784041 9.639557
v 1.321417 -0.959608 10.323920
v 1.342754 -0.754044 9.622418
v 1.217739 -0.617980 9.593478
v 0.944588 -0.503020 10.393270
v 0.915617 0.083783 10.516479
v 1.262189 -0.327834 8.501760
v 1.377825 -0.336656 8.462870
v 0.970800 0.121475 8.140553
v 0.811239 0.175722 8.594294
v 0.764929 0.423887 8.611458
v 0.742816 0.668954 8.747148
v 0.777897 0.392446 8.830193
v 1.649103 -1.045360 10.330127
v 1.680683 -0.816663 9.601315
v 1.602299 -0.372579 8.439619
v 0.656140 1.467245 7.453900
v 0.564405 1.417642 7.508852
v 0.772885 0.958503 8.208070
v 0.673808 0.952051 8.218341
v 0.989165 -0.138499 8.862919
v 1.024290 -0.126106 8.893419
v 1.050526 -0.211578 9.169512
v 1.001190 -0.245687 9.186869
v 0.939121 -0.037171 9.126482
v 0.885316 -0.105803 9.146003
v 1.111543 -0.462352 9.505264
v 1.029427 -0.332890 9.375918
v 1.153175 -0.411966 9.498638
v 1.075947 -0.291424 9.368528
v 1.050526 -0.211578 9.169512
v 1.024290 -0.126106 8.893419
v 0.895961 0.088295 8.899672
v 0.841959 0.038953 8.866948
v 0.805767 0.298754 9.033967
v 0.872408 0.316650 9.029513
v 0.777897 0.392446 8.830193
v 0.839201 0.407828 8.859962
v 0.846624 0.655692 8.774381
v 0.742816 0.668954 8.747148
v 0.846624 0.655692 8.774381
v 0.839201 0.407828 8.859962
v 1.686577 -0.738813 9.593326
v 2.550731 1.245600 8.128789
v 2.443521 1.699874 7.410054
v 0.929433 1.921545 7.855633
v 0.634417 1.600353 7.647169
v 0.738326 1.154068 8.332926
v -1.377177 4.976118 3.016631
v -2.327235 4.463095 2.394762
v -1.951441 4.069686 2.271157
v -1.723381 5.165248 3.433409
v -2.710075 4.629363 2.779167
v -2.012492 5.023491 3.907346
v -2.953736 4.504977 3.277546
v -2.137059 4.608029 4.255436
v -2.965147 4.137449 3.699532
v -2.042838 4.073971 4.349162
v -2.739946 3.667166 3.883948
v -0.255554 5.093421 3.799202
v -0.572391 5.290509 4.240670
v -0.917069 5.149196 4.676591
v -1.151555 4.720077 4.945639
v -1.189898 4.169179 4.942077
v 0.722969 4.766186 4.576267
v 0.426589 4.961747 5.036799
v 0.020179 4.837217 5.425998
v -0.341034 4.440164 5.595209
v -0.519074 3.922244 5.479796
v -1.726241 3.599402 2.455576
v -1.135322 3.574452 3.258749
v -1.737647 3.231879 2.877568
v -1.424435 3.432694 3.732685
v -1.981307 3.107494 3.375947
v -1.770225 3.627315 4.149776
v -2.364153 3.273757 3.760346
v 2.413316 0.934275 9.563954
v 2.388631 0.884011 9.806981
v -1.017456 3.706925 4.667271
v 2.216847 1.269786 9.162221
v 2.355053 1.073393 9.312501
v 2.289776 0.927983 10.046644
v -0.445938 3.481288 5.123845
v 1.102449 0.967925 9.524259
v 1.176884 0.792741 9.913689
v 1.288870 0.939764 9.821046
v 1.398339 0.922239 9.982571
v -4.663220 -1.502068 2.255647
v -4.229250 -2.433905 2.392976
v -4.296617 -1.346448 2.575038
v -3.935771 -2.176348 2.720726
v 1.252700 1.008196 9.631748
v 1.294756 1.113331 9.402887
v 1.425138 1.301593 9.200418
v 1.115282 1.055705 9.343889
v 0.900743 0.760931 9.194456
v -4.896839 -0.392770 2.205462
v -4.499557 -0.354025 2.520128
v -4.842607 0.652194 2.301229
v 2.389162 0.635375 10.744627
v 1.818927 0.954107 10.234367
v 1.702740 0.983900 10.221535
v 1.808410 0.787350 10.733627
v 1.543821 0.943936 10.127979
v 1.245568 0.576662 10.646482
v -3.811110 -1.184710 2.593426
v -3.505786 -1.905644 2.759984
v -3.983944 -0.303118 2.532574
v -3.922642 0.472886 2.614963
v -4.438939 0.548698 2.611315
v -0.914424 -4.903253 3.690618
v 0.052415 -4.955791 4.032103
v -0.909121 -4.514270 3.904775
v -0.027138 -4.557458 4.209074
v 1.604857 1.408880 9.126703
v 1.720493 1.400059 9.087813
v 1.326410 1.432438 8.776176
v 0.985143 -4.769713 4.267385
v 0.851592 -4.380947 4.421037
v 1.914477 -4.379250 4.398443
v 1.723554 -4.022176 4.530362
v -0.801081 -4.089903 3.862878
v -0.032456 -4.128160 4.121723
v 0.947224 0.942836 9.121017
v 0.770010 -3.968860 4.308287
v 0.804221 0.877489 8.853136
v 1.558721 -3.654588 4.399509
v 2.136098 0.701599 10.739834
v 2.043558 0.921485 10.196126
v 5.731180 2.190050 3.065371
v 5.053617 -0.688513 4.007937
v 5.659189 2.219378 3.092777
v 4.773623 -0.574448 4.114524
v 5.580722 2.234023 3.071532
v 4.473123 -0.502918 4.028621
v 5.688543 2.324893 2.933013
v 5.688543 2.324893 2.933013
v 5.688543 2.324893 2.933013
v 5.688543 2.324893 2.933013
v 5.688543 2.324893 2.933013
v 1.944967 1.364135 9.064563
v 5.522137 2.225991 2.926229
v 4.240579 -0.548729 3.466772
v 5.529994 2.241590 3.006783
v 4.271138 -0.488057 3.780066
v 2.181758 0.053392 10.548957
v 4.353647 0.666664 10.197381
v 2.172252 0.142557 10.501575
v 4.311943 0.750901 10.161486
v 4.485514 0.742754 10.041787
v 4.431357 0.819104 10.022857
v 4.423563 1.140116 8.978299
v 4.369455 1.202753 9.003510
v 4.294975 1.637954 7.942601
v 4.243496 1.682987 8.010875
v 4.147213 1.673649 7.783510
v 4.109910 1.714400 7.869021
v 1.853053 1.554951 7.552201
v 1.846406 1.524453 7.458684
v 4.034446 1.618305 8.051445
v 1.893328 1.388761 7.781748
v 2.015646 0.782979 8.944123
v 4.140738 1.154754 8.996763
v 1.893328 1.388761 7.781748
v 4.034446 1.618305 8.051445
v 2.138969 0.266460 10.214364
v 2.138969 0.266460 10.214364
v 4.218261 0.790355 9.968577
v 4.218261 0.790355 9.968577
v 2.191892 -0.004330 10.473029
v 4.340941 0.606846 10.116360
v 4.460354 0.675049 9.977729
v 4.399580 1.061090 8.950784
v 4.274762 1.543717 7.950548
v 4.141161 1.575131 7.808698
v 1.863165 1.428384 7.450167
v 4.065696 1.479034 7.991119
v 2.060370 0.623843 8.887033
v 1.907237 1.234653 7.679678
v 4.170861 1.013091 8.944037
v 1.907237 1.234653 7.679678
v 4.065696 1.479034 7.991119
v 2.161011 0.131538 10.169910
v 2.161011 0.131538 10.169910
v 4.247258 0.646300 9.923450
v 4.247258 0.646300 9.923450
v 2.013644 -0.492386 10.415778
v 1.971039 -0.535383 10.331268
v 3.844000 -1.549126 9.511508
v 3.776370 -1.577611 9.440721
v 3.952658 -1.573945 9.324678
v 3.874772 -1.600760 9.273815
v 3.907035 -1.153545 8.171350
v 3.829925 -1.193047 8.160626
v 3.794774 -0.632667 7.045811
v 3.721020 -0.688748 7.074152
v 3.668798 -0.498071 6.925782
v 3.607158 -0.567798 6.967659
v 1.626440 0.995296 7.122424
v 1.662998 1.103995 7.073511
v 3.546391 -0.597174 7.176434
v 1.859804 0.103645 8.657939
v 1.668030 0.800153 7.355809
v 3.639469 -1.071143 8.213655
v 1.668030 0.800153 7.355809
v 3.546391 -0.597174 7.176434
v 1.976432 -0.423313 10.000647
v 1.976432 -0.423313 10.000647
v 3.698345 -1.470084 9.268883
v 3.698345 -1.470084 9.268883
v 2.066162 -0.415354 10.361621
v 3.866301 -1.456743 9.477598
v 3.964703 -1.479891 9.310691
v 3.919117 -1.072421 8.200179
v 3.809471 -0.568363 7.116378
v 3.695610 -0.447414 7.009887
v 1.726087 1.093967 7.187169
v 3.634844 -0.476790 7.218659
v 1.767676 0.898824 7.420554
v 1.951560 0.220079 8.703596
v 3.728660 -0.950518 8.253206
v 1.767676 0.898824 7.420554
v 3.634844 -0.476790 7.218659
v 2.062888 -0.290850 10.030770
v 2.062888 -0.290850 10.030770
v 3.788276 -1.349215 9.305760
v 3.788276 -1.349215 9.305760
v 0.286933 4.417442 4.553183
v 1.028627 4.215901 2.778959
v 0.241762 4.501722 4.511693
v 0.974935 4.302608 2.758857
v 0.976583 4.196784 2.603194
v 0.929437 4.285414 2.600862
v 0.238170 4.144938 2.090105
v 0.219619 4.235575 2.107642
v -0.500245 4.093092 1.577015
v -0.490201 4.185738 1.614422
v -0.684151 4.095644 1.588830
v -0.655071 4.188161 1.626242
v -2.058747 4.340199 2.913176
v -2.105100 4.249493 2.891069
v -0.563133 4.205049 1.784302
v -1.845856 4.355146 3.061105
v -0.908493 4.420960 3.712435
v 0.107495 4.254001 2.267144
v -1.845856 4.355146 3.061105
v -0.563133 4.205049 1.784302
v 0.028871 4.486774 4.363764
v 0.028871 4.486774 4.363764
v 0.794043 4.300339 2.727342
v 0.794043 4.300339 2.727342
v 0.107495 4.254001 2.267144
v 0.240579 4.326737 4.531076
v 0.973753 4.127621 2.778241
v 0.928255 4.110429 2.620245
v 0.218437 4.060590 2.127025
v -0.491383 4.010753 1.633804
v -0.656253 4.013175 1.645625
v -2.059929 4.165214 2.932559
v -0.564315 4.030064 1.803686
v -0.909675 4.245976 3.731818
v -1.847039 4.180161 3.080487
v 0.106313 4.079015 2.286527
v -1.847039 4.180161 3.080487
v -0.564315 4.030064 1.803686
v 0.027687 4.311789 4.383146
v 0.027687 4.311789 4.383146
v 0.792861 4.125354 2.746723
v 0.792861 4.125354 2.746723
v 0.106313 4.079015 2.286527
v -2.361583 4.291640 3.255924
v -3.103277 4.493182 5.030149
v -2.315228 4.382346 3.278032
v -3.048404 4.581462 5.030867
v -3.051232 4.512301 5.205914
v -3.002904 4.598656 5.188863
v -2.312819 4.564147 5.719002
v -2.293086 4.648493 5.682081
v -1.574404 4.615992 6.232093
v -1.583266 4.698331 6.175303
v -1.390496 4.613440 6.220278
v -1.418396 4.695908 6.163483
v -0.014719 4.543869 4.876549
v 0.030451 4.459590 4.918037
v -1.510334 4.679021 6.005421
v -0.227610 4.528923 4.728619
v -1.164975 4.463109 4.077289
v -2.180964 4.630068 5.522581
v -0.227610 4.528923 4.728619
v -1.510334 4.679021 6.005421
v -2.102337 4.397294 3.425958
v -2.102337 4.397294 3.425958
v -2.867510 4.583731 5.062383
v -2.867510 4.583731 5.062383
v -2.180964 4.630068 5.522581
v -2.316412 4.207361 3.297415
v -3.049586 4.406476 5.050248
v -3.004089 4.423669 5.208242
v -2.294267 4.473508 5.701465
v -1.584449 4.523345 6.194685
v -1.419580 4.520923 6.182866
v -0.015901 4.368885 4.895931
v -1.511515 4.504036 6.024804
v -1.166157 4.288123 4.096672
v -0.228794 4.353937 4.748001
v -2.182146 4.455083 5.541963
v -0.228794 4.353937 4.748001
v -1.511515 4.504036 6.024804
v -2.103520 4.222309 3.445342
v -2.103520 4.222309 3.445342
v -2.868691 4.408746 5.081767
v -2.868691 4.408746 5.081767
v -2.182146 4.455083 5.541963
v 0.138561 4.664691 4.741728
v -0.188384 6.517970 4.297808
v 0.040304 4.670105 4.784606
v -0.282415 6.501302 4.346207
v -0.305585 6.624140 4.203154
v -0.386899 6.597529 4.261642
v -1.043999 6.572293 3.690065
v -1.096718 6.547692 3.768421
v -1.782417 6.520450 3.176966
v -1.806537 6.497854 3.275201
v -1.901162 6.397712 3.107679
v -1.912421 6.386855 3.213591
v -2.260204 4.508582 3.186089
v -2.253473 4.496741 3.079616
v -1.776527 6.319222 3.316933
v -2.047313 4.523528 3.334018
v -1.109950 4.589343 3.985347
v -1.098033 6.353051 3.789982
v -2.047313 4.523528 3.334018
v -1.776527 6.319222 3.316933
v -0.172586 4.655158 4.636677
v -0.172586 4.655158 4.636677
v -0.419351 6.414513 4.259972
v -0.419351 6.414513 4.259972
v -1.098033 6.353051 3.789982
v 0.145293 4.652852 4.635254
v -0.177427 6.484048 4.196856
v -0.281911 6.580277 4.112291
v -0.991729 6.530439 3.619071
v -1.701549 6.480600 3.125850
v -1.807433 6.369603 3.064240
v -2.155215 4.491328 3.036738
v -1.671539 6.301969 3.167582
v -1.004961 4.572089 3.835997
v -1.942325 4.506276 3.184666
v -0.993044 6.335798 3.640631
v -1.942325 4.506276 3.184666
v -1.671539 6.301969 3.167582
v -0.067598 4.637904 4.487327
v -0.067598 4.637904 4.487327
v -0.314363 6.397259 4.110620
v -0.314363 6.397259 4.110620
v -0.993044 6.335798 3.640631
v 0.135553 4.219452 4.791048
v 0.037296 4.224866 4.833925
v -0.216758 2.318483 4.762984
v -0.310487 2.346592 4.806423
v -0.335506 2.195745 4.693687
v -0.416371 2.235593 4.744813
v -1.073920 2.143900 4.180598
v -1.126190 2.185755 4.251592
v -1.812335 2.092055 3.667507
v -1.836009 2.135918 3.758372
v -1.929536 2.198225 3.572855
v -1.940493 2.232147 3.673808
v -2.263213 4.063343 3.235408
v -2.256480 4.051503 3.128935
v -1.803556 2.318935 3.760044
v -1.112958 4.144104 4.034666
v -2.050321 4.078291 3.383337
v -1.124875 2.380397 4.230031
v -2.050321 4.078291 3.383337
v -1.803556 2.318935 3.760044
v -0.175595 4.209919 4.685996
v -0.175595 4.209919 4.685996
v -0.446379 2.414225 4.703082
v -0.446379 2.414225 4.703082
v -1.124875 2.380397 4.230031
v 0.142285 4.207613 4.684574
v -0.205498 2.329339 4.657071
v -0.311383 2.218341 4.595461
v -1.021201 2.168502 4.102241
v -1.731021 2.118665 3.609020
v -1.835505 2.214893 3.524456
v -2.158223 4.046090 3.086057
v -1.698567 2.301681 3.610692
v -1.945333 4.061038 3.233985
v -1.007969 4.126852 3.885316
v -1.019887 2.363143 4.080681
v -1.945333 4.061038 3.233985
v -1.698567 2.301681 3.610692
v -0.070607 4.192666 4.536646
v -0.070607 4.192666 4.536646
v -0.341391 2.396972 4.553731
v -0.341391 2.396972 4.553731
v -1.019887 2.363143 4.080681
v -4.547952 0.454840 1.554400
v -5.651822 -0.194263 0.305525
v -4.594197 0.392634 1.611761
v -5.684979 -0.248365 0.377777
v -5.695739 -0.341062 0.230755
v -5.725126 -0.379480 0.310066
v -5.518181 -1.155068 0.241213
v -5.554441 -1.161965 0.320118
v -5.340621 -1.969074 0.251670
v -5.383758 -1.944449 0.330170
v -5.239966 -2.082375 0.329781
v -5.293027 -2.045236 0.400860
v -4.041016 -2.143377 1.644339
v -3.972764 -2.182064 1.588276
v -5.277064 -1.883556 0.450496
v -4.092208 -1.908692 1.641325
v -4.317607 -0.875371 1.628051
v -5.431512 -1.133479 0.450114
v -4.092208 -1.908692 1.641325
v -5.277064 -1.883556 0.450496
v -4.543005 0.157949 1.614775
v -4.543005 0.157949 1.614775
v -5.603412 -0.387446 0.431276
v -5.603412 -0.387446 0.431276
v -5.431512 -1.133479 0.450114
v -4.479701 0.416152 1.498335
v -5.570482 -0.224848 0.264352
v -5.610629 -0.355963 0.196640
v -5.439946 -1.138446 0.206692
v -5.269262 -1.920930 0.216744
v -5.178530 -2.021718 0.287435
v -3.926520 -2.119859 1.530915
v -5.162570 -1.860038 0.337070
v -4.203111 -0.851852 1.514625
v -3.977712 -1.885177 1.527900
v -5.317016 -1.109962 0.336688
v -3.977712 -1.885177 1.527900
v -5.162570 -1.860038 0.337070
v -4.428510 0.181469 1.501351
v -4.428510 0.181469 1.501351
v -5.488917 -0.363928 0.317851
v -5.488917 -0.363928 0.317851
v -5.317016 -1.109962 0.336688
v -3.691564 -2.116910 1.885638
v -2.587694 -1.467805 3.134515
v -3.759817 -2.078219 1.941703
v -2.669034 -1.437219 3.175689
v -2.543778 -1.321004 3.209285
v -2.628887 -1.306101 3.243401
v -2.721337 -0.506999 3.198828
v -2.799572 -0.523621 3.233347
v -2.898897 0.307006 3.188370
v -2.970254 0.258863 3.223295
v -2.999550 0.420309 3.110259
v -3.060986 0.359652 3.152606
v -4.312998 0.457792 1.909123
v -4.266754 0.519998 1.851764
v -3.076948 0.197970 3.102969
v -4.261806 0.223107 1.912139
v -4.036407 -0.810216 1.925413
v -2.922501 -0.552105 3.103351
v -4.261806 0.223107 1.912139
v -3.076948 0.197970 3.102969
v -3.811009 -1.843540 1.938686
v -3.811009 -1.843540 1.938686
v -2.750601 -1.298138 3.122188
v -2.750601 -1.298138 3.122188
v -2.922501 -0.552105 3.103351
v -3.645320 -2.054702 1.828278
v -2.554539 -1.413702 3.062263
v -2.514392 -1.282587 3.129974
v -2.685075 -0.500103 3.119922
v -2.855758 0.282381 3.109869
v -2.946490 0.383170 3.039180
v -4.198503 0.481309 1.795699
v -2.962453 0.221490 2.989544
v -3.921911 -0.786697 1.811989
v -4.147311 0.246623 1.798713
v -2.808004 -0.528587 2.989927
v -4.147311 0.246623 1.798713
v -2.962453 0.221490 2.989544
v -3.696513 -1.820016 1.825263
v -3.696513 -1.820016 1.825263
v -2.636105 -1.274622 3.008764
v -2.636105 -1.274622 3.008764
v -2.808004 -0.528587 2.989927
v -4.523268 0.449950 1.873572
v -5.661074 -0.171940 3.085795
v -4.455235 0.413121 1.934612
v -5.579547 -0.200992 3.132371
v -5.707240 -0.316266 3.161073
v -5.621725 -0.329879 3.200500
v -5.531035 -1.124046 3.171453
v -5.452346 -1.106379 3.210474
v -5.354835 -1.931832 3.181828
v -5.282968 -1.882885 3.220449
v -5.252367 -2.045621 3.109865
v -5.190590 -1.984131 3.155278
v -3.906283 -2.103505 1.966942
v -3.952476 -2.166800 1.907188
v -5.173009 -1.824601 3.103695
v -3.957084 -1.870613 1.963950
v -4.180759 -0.845190 1.950776
v -5.325963 -1.080420 3.085273
v -3.957084 -1.870613 1.963950
v -5.173009 -1.824601 3.103695
v -4.404435 0.180233 1.937603
v -4.404435 0.180233 1.937603
v -5.496862 -0.339926 3.084625
v -5.496862 -0.339926 3.084625
v -5.325963 -1.080420 3.085273
v -4.569463 0.386654 1.813818
v -5.693774 -0.227461 3.011579
v -5.735952 -0.356347 3.079705
v -5.566575 -1.132848 3.089680
v -5.397195 -1.909353 3.099657
v -5.304818 -2.010599 3.034486
v -4.020510 -2.129974 1.846148
v -5.287235 -1.851070 2.982903
v -4.294987 -0.871659 1.829983
v -4.071311 -1.897080 1.843156
v -5.440191 -1.106888 2.964478
v -4.071311 -1.897080 1.843156
v -5.287235 -1.851070 2.982903
v -4.518662 0.153764 1.816811
v -4.518662 0.153764 1.816811
v -5.611088 -0.366395 2.963830
v -5.611088 -0.366395 2.963830
v -5.440191 -1.106888 2.964478
v -4.234169 0.509332 1.587175
v -4.166136 0.472504 1.648215
v -2.934279 0.388155 0.384498
v -2.881828 0.353129 0.459877
v -2.831812 0.274361 0.312535
v -2.789450 0.251882 0.394707
v -2.655610 -0.533422 0.322912
v -2.620072 -0.524619 0.404682
v -2.479407 -1.341206 0.333289
v -2.450692 -1.301124 0.414657
v -2.525573 -1.485527 0.408568
v -2.492872 -1.430008 0.482784
v -3.617183 -2.044123 1.680544
v -3.663376 -2.107418 1.620792
v -2.575558 -1.291075 0.530533
v -3.891660 -0.785808 1.664379
v -3.667984 -1.811230 1.677553
v -2.746455 -0.550579 0.529884
v -3.667984 -1.811230 1.677553
v -2.575558 -1.291075 0.530533
v -4.115336 0.239615 1.651206
v -4.115336 0.239615 1.651206
v -2.899411 0.193600 0.511461
v -2.899411 0.193600 0.511461
v -2.746455 -0.550579 0.529884
v -4.280363 0.446037 1.527421
v -2.996055 0.326661 0.339084
v -2.903677 0.225414 0.273913
v -2.734300 -0.551087 0.283888
v -2.564920 -1.327592 0.293864
v -2.607098 -1.456476 0.361990
v -3.731410 -2.070591 1.559751
v -2.689785 -1.317542 0.409740
v -3.782211 -1.837699 1.556759
v -4.005887 -0.812276 1.543585
v -2.860682 -0.577047 0.409090
v -3.782211 -1.837699 1.556759
v -2.689785 -1.317542 0.409740
v -4.229563 0.213147 1.530413
v -4.229563 0.213147 1.530413
v -3.013638 0.167132 0.390667
v -3.013638 0.167132 0.390667
v -2.860682 -0.577047 0.409090
v -0.564045 -4.688810 3.128016
v 0.207402 -5.762803 2.136057
v -0.526513 -4.737308 3.192674
v 0.235406 -5.798529 2.212457
v 0.351543 -5.816932 2.102588
v 0.364281 -5.847721 2.181707
v 1.088723 -5.730738 2.307651
v 1.072914 -5.764864 2.378829
v 1.825904 -5.644543 2.512716
v 1.781544 -5.682006 2.575952
v 1.917318 -5.562870 2.611710
v 1.862688 -5.608258 2.665123
v 1.770150 -4.468769 3.831545
v 1.823994 -4.409587 3.792305
v 1.708716 -5.578375 2.671921
v 1.557614 -4.493620 3.772424
v 0.621819 -4.603038 3.512110
v 1.028079 -5.649390 2.491466
v 1.557614 -4.493620 3.772424
v -0.313976 -4.712457 3.251795
v -0.313976 -4.712457 3.251795
v 0.353808 -5.736798 2.295022
v -0.510201 -4.629629 3.088775
v 0.251718 -5.690850 2.108557
v 0.380592 -5.740041 2.077808
v 1.089225 -5.657185 2.274931
v 1.797856 -5.574327 2.472053
v 1.879000 -5.500579 2.561224
v 1.786462 -4.361090 3.727646
v 1.725025 -5.470695 2.568022
v 0.638130 -4.495359 3.408210
v 1.573928 -4.385942 3.668525
v 1.044391 -5.541711 2.387568
v 1.573928 -4.385942 3.668525
v -0.297667 -4.604777 3.147897
v -0.297667 -4.604777 3.147897
v 0.370119 -5.629119 2.191122
v 1.721436 -4.145443 4.049960
v 0.949988 -3.071450 5.041917
v 1.667592 -4.204624 4.089200
v 0.905676 -3.143403 5.069418
v 0.805848 -3.017320 5.075388
v 0.776796 -3.094211 5.100167
v 0.068670 -3.103515 4.870325
v 0.068167 -3.177068 4.903045
v -0.668513 -3.189710 4.665260
v -0.640467 -3.259926 4.705921
v -0.759927 -3.271383 4.566265
v -0.721609 -3.333674 4.616751
v -0.629071 -4.473162 3.450329
v -0.666603 -4.424664 3.385672
v -0.567633 -3.363557 4.609955
v -0.416535 -4.448311 3.509451
v 0.519265 -4.338892 3.769766
v 0.113002 -3.292542 4.790408
v -0.416535 -4.448311 3.509451
v 1.455060 -4.229475 4.030079
v 1.455060 -4.229475 4.030079
v 0.787274 -3.205134 4.986853
v 1.683904 -4.096944 3.985302
v 0.921987 -3.035724 4.965518
v 0.793108 -2.986533 4.996267
v 0.084479 -3.069389 4.799146
v -0.624156 -3.152247 4.602023
v -0.705297 -3.225995 4.512852
v -0.612759 -4.365483 3.346431
v -0.551322 -3.255877 4.506056
v 0.535577 -4.231214 3.665867
v -0.400221 -4.340632 3.405553
v 0.129314 -3.184863 4.686509
v -0.400221 -4.340632 3.405553
v 1.471367 -4.121797 3.926178
v 1.471367 -4.121797 3.926178
v 0.803588 -3.097455 4.882954
v -0.575221 -4.653302 3.427976
v -0.418533 -5.718506 4.582376
v -0.551638 -4.596575 3.490470
v -0.397130 -5.649110 4.631016
v -0.316242 -5.772613 4.678559
v -0.306074 -5.698272 4.717660
v 0.387714 -5.690301 4.874382
v 0.370628 -5.619148 4.905900
v 1.091690 -5.607991 5.070208
v 1.047329 -5.540024 5.094141
v 1.214333 -5.527583 5.036597
v 1.156826 -5.467412 5.063284
v 1.641536 -4.340138 4.100552
v 1.705211 -4.386663 4.062330
v 1.033650 -5.437247 4.983330
v 1.438578 -4.363869 4.044094
v 0.544954 -4.468357 3.795511
v 0.387956 -5.504770 4.795538
v 1.438578 -4.363869 4.044094
v 1.033650 -5.437247 4.983330
v -0.348679 -4.572845 3.546927
v -0.348679 -4.572845 3.546927
v -0.260205 -5.588532 4.623414
v -0.260205 -5.588532 4.623414
v 0.387956 -5.504770 4.795538
v -0.511548 -4.699829 3.389752
v -0.357041 -5.752365 4.530299
v -0.265985 -5.801526 4.616943
v 0.410717 -5.722403 4.805183
v 1.087418 -5.643278 4.993423
v 1.196916 -5.570667 4.962569
v 1.681625 -4.443392 3.999835
v 1.073740 -5.540501 4.882613
v 0.585043 -4.571610 3.694795
v 1.478667 -4.467122 3.943377
v 0.428050 -5.608026 4.694823
v 1.478667 -4.467122 3.943377
v 1.073740 -5.540501 4.882613
v -0.308589 -4.676099 3.446210
v -0.308589 -4.676099 3.446210
v -0.220115 -5.691786 4.522697
v -0.220115 -5.691786 4.522697
v 0.428050 -5.608026 4.694823
v -0.535585 -4.391666 3.175524
v -0.512004 -4.334938 3.238019
v -0.044710 -3.250746 2.201257
v -0.027295 -3.207664 2.275285
v 0.077948 -3.170340 2.167648
v 0.082207 -3.135052 2.244430
v 0.781911 -3.088028 2.363471
v 0.758910 -3.055928 2.432670
v 1.485873 -3.005717 2.559296
v 1.435611 -2.976805 2.620910
v 1.588155 -3.059824 2.655476
v 1.526662 -3.025966 2.707553
v 1.681169 -4.078502 3.848100
v 1.744843 -4.125026 3.809879
v 1.389738 -3.086545 2.715156
v 0.584584 -4.206719 3.543059
v 1.478210 -4.102232 3.791642
v 0.741582 -3.170305 2.543032
v 1.478210 -4.102232 3.791642
v 1.389738 -3.086545 2.715156
v -0.309045 -4.311207 3.294476
v -0.309045 -4.311207 3.294476
v 0.095884 -3.237828 2.355240
v 0.095884 -3.237828 2.355240
v 0.741582 -3.170305 2.543032
v -0.471915 -4.438192 3.137300
v 0.012795 -3.310918 2.174567
v 0.122297 -3.238306 2.143713
v 0.798998 -3.159182 2.331953
v 1.475699 -3.080059 2.520194
v 1.566752 -3.129220 2.606836
v 1.721259 -4.181754 3.747383
v 1.429828 -3.189799 2.614439
v 1.518300 -4.205485 3.690925
v 0.624677 -4.309973 3.442342
v 0.781672 -3.273559 2.442315
v 1.518300 -4.205485 3.690925
v 1.429828 -3.189799 2.614439
v -0.268955 -4.414461 3.193758
v -0.268955 -4.414461 3.193758
v 0.135974 -3.341082 2.254524
v 0.135974 -3.341082 2.254524
v 0.781672 -3.273559 2.442315
v 5.241346 -0.257491 3.825284
v 5.120831 -0.339243 3.790537
v 5.130421 -0.480294 3.766288
v 5.299046 -0.358479 3.814281
v 5.215659 -0.178930 3.782402
v 5.144288 -0.221370 3.759149
v 5.216208 -0.271754 3.638082
v 5.512906 1.361251 3.133244
v 5.287579 -0.229313 3.661335
v 6.523858 1.544030 3.657740
v 5.440986 1.411635 3.254309
v 6.451936 1.594414 3.778805
v 5.476635 1.522265 3.229326
v 5.540995 1.585527 3.148973
v 6.604128 1.756148 3.709527
v 6.553071 1.702616 3.787445
v 6.661870 1.716679 3.760252
v 6.637558 1.602208 3.793453
v 5.144288 -0.221370 3.759149
v 5.215659 -0.178930 3.782402
v 5.440986 1.411635 3.254309
v 6.451936 1.594414 3.778805
v 5.216208 -0.271754 3.638082
v 5.287579 -0.229313 3.661335
v 5.189324 -0.387227 3.675236
v 5.309841 -0.305474 3.709985
v 6.620887 1.658484 3.674160
v 6.523858 1.544030 3.657740
v 5.512906 1.361251 3.133244
v 5.548461 1.471946 3.108418
v 4.439106 -0.119563 3.291307
v 4.480141 -0.368493 3.333457
v 4.494586 -0.231586 3.373712
v 4.404810 -0.204724 3.219064
v 4.505416 -0.056819 3.309659
v 4.542089 -0.117836 3.358320
v 4.614008 -0.168220 3.237254
v 4.577336 -0.107204 3.188593
v 5.345429 1.390045 3.021770
v 4.551897 1.883064 2.345187
v 5.273508 1.440429 3.142837
v 5.309158 1.551059 3.117852
v 4.479977 1.933448 2.466254
v 5.373519 1.614321 3.037499
v 4.525862 2.113458 2.326217
v 4.461211 2.062264 2.395086
v 4.450123 2.096971 2.288073
v 4.402081 1.986559 2.305493
v 4.542089 -0.117836 3.358320
v 5.273508 1.440429 3.142837
v 4.505416 -0.056819 3.309659
v 4.479977 1.933448 2.466254
v 4.614008 -0.168220 3.237254
v 4.563080 -0.279571 3.258411
v 4.577336 -0.107204 3.188593
v 4.507598 -0.167547 3.176008
v 4.529028 2.018131 2.281801
v 4.551897 1.883064 2.345187
v 5.345429 1.390045 3.021770
v 5.380983 1.500741 2.996944
v 1.617943 2.112981 7.834973
v 1.692053 1.669235 8.511808
v 1.909367 1.631848 8.457682
v 1.818896 2.083778 7.767942
v 1.433582 0.142080 7.612685
v 1.216269 0.179468 7.666810
v 1.098064 0.768796 6.804935
v 1.301292 0.745474 6.742410
v -0.684930 3.875061 13.682550
v -0.173611 3.512165 14.094506
v 0.033667 3.379845 13.549332
v -1.360508 1.977141 14.698994
v -1.525074 2.800334 14.117762
v -1.547831 2.546838 13.576543
v -1.546320 3.421356 13.697371
v 0.670193 1.552693 7.511225
v 0.791257 1.038403 8.254415
v 0.716257 1.622679 7.573008
v 0.823176 1.115971 8.297386
v 1.817516 1.047676 9.534380
v 2.253848 0.852630 9.993812
v 2.349971 0.849338 9.785467
v 2.320910 1.039478 9.317350
v 2.172522 1.239111 9.168548
v 2.374478 0.899308 9.552005
v 1.289033 0.977477 9.591391
v 1.316534 1.071034 9.409797
v 1.131055 0.911947 9.460838
v 1.418233 0.877870 9.946527
v 1.318479 0.898278 9.784642
v 1.289033 0.977477 9.591391
v 1.136387 0.982668 9.319208
v 1.316534 1.071034 9.409797
v 1.430840 1.248732 9.213203
v 0.986174 0.885557 9.112393
v 0.957355 0.733342 9.175258
v 0.870252 0.590432 8.940021
v 1.810919 0.904799 10.181385
v 1.700796 0.932560 10.169055
v 1.550260 0.892383 10.079851
v 2.443521 1.699874 7.410054
v 2.455471 1.234995 7.028578
v 1.401160 1.975783 6.788518
v 2.078708 2.039509 7.751009
v 1.401160 1.975783 6.788518
v 1.608737 2.108550 7.894533
v 1.617943 2.112981 7.834973
v 1.500373 2.124181 7.921207
v 1.401160 1.975783 6.788518
v 1.617943 2.112981 7.834973
v 1.818896 2.083778 7.767942
v 1.401160 1.975783 6.788518
v 1.827012 2.076687 7.829801
v 1.818896 2.083778 7.767942
v 0.929433 1.921545 7.855633
v 1.401160 1.975783 6.788518
v 0.670193 1.552693 7.511225
v 0.716257 1.622679 7.573008
v 1.401160 1.975783 6.788518
v 0.634417 1.600353 7.647169
v 0.929433 1.921545 7.855633
v 0.716257 1.622679 7.573008
v 1.401160 1.975783 6.788518
v 2.794966 -0.408019 10.552071
v 2.765992 0.178785 10.675278
v 1.712661 -0.194894 11.287017
v 2.389162 0.635375 10.744627
v 1.712661 -0.194894 11.287017
v 2.136098 0.701599 10.739834
v 2.123550 0.629666 10.768047
v 1.712661 -0.194894 11.287017
v 1.913632 0.759815 10.735620
v 1.808410 0.787350 10.733627
v 1.915902 0.685389 10.762250
v 2.123550 0.629666 10.768047
v 1.915902 0.685389 10.762250
v 1.712661 -0.194894 11.287017
v 1.245568 0.576662 10.646482
v 1.712661 -0.194894 11.287017
v 0.915617 0.083783 10.516479
v 1.712661 -0.194894 11.287017
v 1.722531 1.357126 9.108109
v 1.609533 1.346813 9.138164
v 0.894488 0.818241 8.856996
v 2.021936 0.867537 10.143034
v 1.934740 1.323165 9.086130
v 2.123550 0.629666 10.768047
v 2.021936 0.867537 10.143034
v 1.810919 0.904799 10.181385
v 1.915902 0.685389 10.762250
v 1.722531 1.357126 9.108109
v 1.934740 1.323165 9.086130
v 0.656140 1.467245 7.453900
v 0.772885 0.958503 8.208070
v 1.533118 -0.393688 9.015717
v 2.051999 -0.612308 9.274237
v 1.928789 -0.716687 9.452826
v 1.844278 -0.424501 8.569909
v 2.027982 -0.432915 8.791232
v 2.093391 -0.502039 9.054807
v 1.050526 -0.211578 9.169512
v 0.939121 -0.037171 9.126482
v 1.024290 -0.126106 8.893419
v 1.153175 -0.411966 9.498638
v 1.075947 -0.291424 9.368528
v 1.050526 -0.211578 9.169512
v 0.895961 0.088295 8.899672
v 1.024290 -0.126106 8.893419
v 1.143344 -0.208362 8.688880
v 0.872408 0.316650 9.029513
v 0.839201 0.407828 8.859962
v 1.472880 -0.714396 9.627280
v 1.365698 -0.685219 9.611362
v 1.248171 -0.554607 9.584677
v 2.109988 0.822448 6.752291
v 1.539043 0.619805 6.686728
v 1.066661 0.693893 6.823595
v 0.960706 0.704477 6.856926
v 1.098064 0.768796 6.804935
v 1.098064 0.768796 6.804935
v 1.301292 0.745474 6.742410
v 1.284935 0.662030 6.758863
v 1.301292 0.745474 6.742410
v 0.595896 1.044119 7.197872
v 0.656140 1.467245 7.453900
v 0.564405 1.417642 7.508852
v 0.656140 1.467245 7.453900
v 0.595896 1.044119 7.197872
v 2.465013 -0.900896 10.422063
v 1.902167 -1.111584 10.334919
v 1.649103 -1.045360 10.330127
v 1.657696 -1.004007 10.390092
v 1.426638 -0.987144 10.325913
v 1.449988 -0.948502 10.384244
v 1.321417 -0.959608 10.323920
v 1.657696 -1.004007 10.390092
v 1.449988 -0.948502 10.384244
v 0.944588 -0.503020 10.393270
v 1.391761 -0.319289 8.504866
v 1.286123 -0.292298 8.548343
v 0.846624 0.655692 8.774381
v 1.686577 -0.738813 9.593326
v 1.603970 -0.353250 8.482884
v 1.657696 -1.004007 10.390092
v 1.472880 -0.714396 9.627280
v 1.686577 -0.738813 9.593326
v 1.449988 -0.948502 10.384244
v 1.391761 -0.319289 8.504866
v 1.603970 -0.353250 8.482884
v 0.427702 2.919014 14.668224
v -2.327235 4.463095 2.394762
v -1.951441 4.069686 2.271157
v -2.764688 3.355197 2.793154
v -2.710075 4.629363 2.779167
v -2.764688 3.355197 2.793154
v -2.953736 4.504977 3.277546
v -2.764688 3.355197 2.793154
v -2.965147 4.137449 3.699532
v -2.764688 3.355197 2.793154
v -2.739946 3.667166 3.883948
v -2.764688 3.355197 2.793154
v 0.796108 4.325231 4.220314
v 0.722969 4.766186 4.576267
v 0.493021 3.703440 5.227649
v 0.426589 4.961747 5.036799
v 0.493021 3.703440 5.227649
v 0.020179 4.837217 5.425998
v 0.493021 3.703440 5.227649
v -0.341034 4.440164 5.595209
v 0.493021 3.703440 5.227649
v -0.519074 3.922244 5.479796
v 0.493021 3.703440 5.227649
v -1.726241 3.599402 2.455576
v -1.737647 3.231879 2.877568
v -1.981307 3.107494 3.375947
v -2.364153 3.273757 3.760346
v 0.618064 3.807311 4.104901
v 0.256849 3.410255 4.274114
v -0.149561 3.285726 4.663316
v -0.445938 3.481288 5.123845
v -3.651018 -2.378204 1.170923
v -3.221033 -2.107499 1.210181
v -3.169375 -2.622602 2.147303
v -4.053267 -2.558653 1.435146
v -3.169375 -2.622602 2.147303
v -4.274131 -2.579930 1.901930
v -3.169375 -2.622602 2.147303
v -4.229250 -2.433905 2.392976
v -3.169375 -2.622602 2.147303
v -3.935771 -2.176348 2.720726
v -3.169375 -2.622602 2.147303
v -3.849205 0.693655 1.006784
v -4.365503 0.769465 1.003137
v -3.953894 1.160943 1.952007
v -4.797221 0.788637 1.307324
v -3.953894 1.160943 1.952007
v -4.979459 0.743842 1.803147
v -3.953894 1.160943 1.952007
v -4.842607 0.652194 2.301229
v -3.953894 1.160943 1.952007
v -4.438939 0.548698 2.611315
v -3.953894 1.160943 1.952007
v -2.927554 -1.849944 1.537932
v -2.882678 -1.703910 2.028978
v -3.103544 -1.725186 2.495761
v -3.505786 -1.905644 2.759984
v -3.445538 0.590157 1.316871
v -3.308688 0.498510 1.814956
v -3.490925 0.453715 2.310779
v -3.922642 0.472886 2.614963
v -0.371203 -4.328999 2.564064
v -0.479242 -4.753365 2.605961
v -1.051026 -4.219131 3.060421
v -0.648747 -5.051021 2.887910
v -1.051026 -4.219131 3.060421
v -0.814969 -5.108273 3.302210
v -1.051026 -4.219131 3.060421
v -0.914424 -4.903253 3.690618
v -1.051026 -4.219131 3.060421
v -0.909121 -4.514270 3.904775
v -1.051026 -4.219131 3.060421
v 2.024995 -4.334714 3.285340
v 1.860162 -3.967127 3.154486
v 2.231694 -3.694944 3.861897
v 2.100772 -4.572412 3.628978
v 2.231694 -3.694944 3.861897
v 2.058558 -4.589422 4.054147
v 2.231694 -3.694944 3.861897
v 1.914477 -4.379250 4.398443
v 2.231694 -3.694944 3.861897
v 1.723554 -4.022176 4.530362
v 2.231694 -3.694944 3.861897
v -0.365898 -3.940016 2.778221
v -0.465353 -3.734996 3.166631
v -0.631577 -3.792248 3.580931
v -0.801081 -4.089903 3.862878
v 1.669239 -3.610054 3.286406
v 1.525147 -3.399886 3.630703
v 1.482933 -3.416897 4.055871
v 1.558721 -3.654588 4.399509
v 4.703437 -0.737079 3.622113
v 4.937533 -0.902332 3.227726
v 5.130412 -0.906826 3.459193
v 5.177217 -0.857185 3.435143
v 4.971991 -0.852402 3.188857
v 4.703437 -0.737079 3.622113
v 5.130412 -0.906826 3.459193
v 5.159132 -0.849801 3.753635
v 5.207776 -0.796510 3.748437
v 4.703437 -0.737079 3.622113
v 5.159132 -0.849801 3.753635
v 5.014252 -0.748303 3.997519
v 5.053617 -0.688513 4.007937
v 4.703437 -0.737079 3.622113
v 5.014252 -0.748303 3.997519
v 4.751103 -0.641105 4.097694
v 4.773623 -0.574448 4.114524
v 4.703437 -0.737079 3.622113
v 4.751103 -0.641105 4.097694
v 4.468683 -0.573880 4.016958
v 4.473123 -0.502918 4.028621
v 4.658160 -0.825632 3.144858
v 4.674729 -0.770793 3.100684
v 4.395015 -0.718428 3.245034
v 4.658160 -0.825632 3.144858
v 4.394735 -0.656726 3.207272
v 4.250134 -0.616930 3.488917
v 4.395015 -0.718428 3.245034
v 4.240579 -0.548729 3.466772
v 4.278853 -0.559912 3.783361
v 4.250134 -0.616930 3.488917
v 4.271138 -0.488057 3.780066
v 4.278853 -0.559912 3.783361
v 2.064341 0.862559 9.211233
v 1.920237 0.915955 9.187114
v 1.936829 1.102837 9.174419
v 2.123398 0.993334 9.267650
v 1.789517 1.286120 9.194121
v 1.787125 1.118031 9.153561
v 1.614020 1.141768 9.211468
v 1.611027 1.306499 9.255259
v 1.355285 0.911675 9.597560
v 1.343470 1.062237 9.653763
v 1.396679 1.085480 9.548586
v 1.377135 0.945544 9.466476
v 1.522252 1.054996 10.000918
v 1.402742 1.132728 9.875407
v 1.401362 0.993828 9.806125
v 1.511842 0.918714 9.928708
v 1.643817 0.689586 9.732826
v 1.789502 0.630297 9.809571
v 1.670215 0.854641 10.002385
v 1.788261 0.678424 9.986616
v 2.005708 0.609800 9.872066
v 2.015969 0.782591 9.965953
v 1.821103 0.818984 10.035345
v 2.163221 0.594633 9.791687
v 2.224737 0.630919 9.629690
v 2.238594 0.827367 9.702425
v 2.200587 0.734001 9.837592
v 2.236182 0.684672 9.477629
v 2.166096 0.775778 9.343084
v 2.205030 0.963354 9.370789
v 2.255175 0.887194 9.531420
v 2.133259 1.174073 9.278400
v 1.972558 1.239380 9.203414
v 1.998148 1.367441 9.264194
v 2.153845 1.306888 9.338785
v 1.649020 1.433339 9.313147
v 1.821823 1.415859 9.255625
v 1.463698 1.299459 9.374052
v 1.378246 1.260874 9.530794
v 1.418660 1.391376 9.584814
v 1.507721 1.428829 9.429424
v 1.471364 1.458164 9.797923
v 1.395549 1.338193 9.758392
v 1.442062 1.266125 9.920054
v 1.512208 1.393537 9.943896
v 1.692095 0.984018 10.069159
v 1.728766 1.119433 10.101057
v 1.551025 1.197045 10.049805
v 1.870114 0.937040 10.086421
v 2.054750 0.908499 10.024127
v 2.080169 1.046595 10.055825
v 1.883063 1.088078 10.132947
v 2.188746 0.924419 9.915034
v 2.284791 0.954427 9.752226
v 2.301419 1.091348 9.794199
v 2.197147 1.075117 9.959131
v 2.298528 1.023411 9.578271
v 2.249878 1.094680 9.409907
v 2.266552 1.227269 9.464530
v 2.309302 1.165750 9.630183
v 2.153235 1.430017 9.420606
v 2.013615 1.484895 9.352527
v 2.015736 1.568921 9.451437
v 2.130567 1.527001 9.513920
v 1.854675 1.528005 9.345828
v 1.698814 1.544310 9.396667
v 1.751918 1.618718 9.488373
v 1.883911 1.607954 9.452125
v 1.572228 1.539666 9.502112
v 1.491109 1.506471 9.641623
v 1.577806 1.587010 9.693653
v 1.650543 1.617591 9.581231
v 1.595489 1.492353 9.947011
v 1.567197 1.550252 9.825640
v 1.611168 1.331243 10.059966
v 1.749749 1.271678 10.126382
v 1.794606 1.390230 10.099932
v 1.682715 1.445387 10.042146
v 1.909742 1.233259 10.134728
v 2.064548 1.212283 10.082186
v 2.058414 1.340487 10.062848
v 1.929407 1.364441 10.103901
v 2.192174 1.221604 9.978434
v 2.272198 1.250132 9.837238
v 2.232374 1.372224 9.857591
v 2.162735 1.354824 9.974762
v 2.293026 1.303104 9.682636
v 2.251102 1.363045 9.535019
v 2.214700 1.466828 9.604379
v 2.246046 1.422158 9.730395
v 2.086376 1.603620 9.621737
v 2.005564 1.635644 9.576521
v 1.987279 1.660438 9.680565
v 2.029439 1.641833 9.720865
v 1.910904 1.661209 9.577785
v 1.816746 1.671282 9.602983
v 1.868945 1.682777 9.697119
v 1.929614 1.674595 9.695848
v 1.744898 1.668064 9.669634
v 1.692155 1.648587 9.749905
v 1.790842 1.668556 9.789197
v 1.835158 1.678497 9.748099
v 1.685615 1.620162 9.843493
v 1.704809 1.580848 9.931216
v 1.798775 1.626095 9.902843
v 1.801424 1.651242 9.847021
v 1.767784 1.545567 9.997504
v 1.847298 1.507757 10.040668
v 1.888093 1.580289 9.971433
v 1.848181 1.608799 9.934649
v 1.943270 1.487979 10.041441
v 2.036112 1.472140 10.014147
v 2.006421 1.557984 9.954788
v 1.948027 1.576039 9.959640
v 2.109260 1.481134 9.949579
v 2.160644 1.494848 9.867235
v 2.084432 1.572225 9.862725
v 2.042458 1.572151 9.907372
v 2.168531 1.529033 9.775738
v 2.147993 1.562566 9.685982
v 2.076505 1.614652 9.749168
v 2.076173 1.599403 9.808476
v 1.828840 -0.168311 8.821465
v 1.826286 -0.313664 8.768615
v 1.668258 -0.265469 8.693184
v 1.681989 -0.132198 8.782816
v 1.466467 -0.358299 8.613529
v 1.285560 -0.350177 8.670254
v 1.313494 -0.224044 8.739594
v 1.489726 -0.230104 8.684611
v 1.132714 -0.204692 9.212580
v 1.138279 -0.148928 9.066236
v 1.081870 -0.287500 8.998183
v 1.063035 -0.342608 9.166429
v 1.186160 -0.613566 9.424206
v 1.226276 -0.477122 9.455071
v 1.115356 -0.415510 9.324267
v 1.070735 -0.543045 9.287740
v 1.265872 -0.339104 9.491342
v 1.380777 -0.537597 9.536979
v 1.425285 -0.386601 9.551037
v 1.587025 -0.438676 9.612043
v 1.561710 -0.580165 9.563400
v 1.731659 -0.585072 9.508957
v 1.747341 -0.439546 9.533966
v 1.900975 -0.423544 9.448360
v 1.876305 -0.565287 9.399194
v 1.964771 -0.522194 9.241473
v 1.960306 -0.377302 9.286243
v 1.978701 -0.303026 9.119250
v 1.987499 -0.454040 9.066655
v 1.937996 -0.385828 8.899819
v 1.930896 -0.242298 8.967755
v 1.814899 -0.446556 8.706367
v 1.781921 -0.585230 8.669058
v 1.625214 -0.529800 8.592626
v 1.651966 -0.392575 8.627305
v 1.445329 -0.499430 8.577560
v 1.271148 -0.488940 8.632567
v 1.038030 -0.745205 9.016195
v 1.012591 -0.609865 9.068536
v 1.037295 -0.548606 8.897864
v 1.059141 -0.689982 8.862384
v 1.060695 -0.673857 9.233106
v 1.169960 -0.741413 9.363404
v 1.331603 -0.804010 9.449041
v 1.349846 -0.674308 9.508536
v 1.533283 -0.708256 9.526161
v 1.506569 -0.827211 9.454882
v 1.685021 -0.851984 9.417144
v 1.715109 -0.724191 9.476436
v 1.862265 -0.696589 9.355072
v 1.825226 -0.817003 9.289405
v 1.919402 -0.788948 9.147619
v 1.957081 -0.659458 9.198824
v 1.979455 -0.587343 9.013837
v 1.939274 -0.716771 8.963911
v 1.892085 -0.647236 8.801387
v 1.930273 -0.518734 8.844522
v 1.729825 -0.723056 8.656977
v 1.664572 -0.841904 8.672627
v 1.550829 -0.794467 8.612128
v 1.589249 -0.673026 8.587153
v 1.427154 -0.645902 8.574701
v 1.414523 -0.778151 8.604641
v 1.283284 -0.763560 8.642266
v 1.269994 -0.636182 8.623173
v 1.140597 -0.655072 8.723490
v 1.177760 -0.785717 8.727557
v 1.106534 -0.808631 8.842737
v 1.093008 -0.860183 8.969401
v 1.124219 -0.903289 9.096096
v 1.080240 -0.802915 9.164659
v 1.179537 -0.863496 9.281343
v 1.209932 -0.957921 9.188472
v 1.325973 -0.992047 9.253824
v 1.320930 -0.908814 9.352886
v 1.482222 -0.940648 9.363604
v 1.460019 -1.021665 9.256417
v 1.593510 -1.022901 9.223539
v 1.640185 -0.945639 9.316813
v 1.768768 -0.931470 9.214805
v 1.696743 -1.014081 9.133468
v 1.770104 -0.977813 9.023086
v 1.850982 -0.891832 9.077608
v 1.871320 -0.841340 8.922113
v 1.781457 -0.939624 8.891665
v 1.752426 -0.883208 8.769874
v 1.829883 -0.778917 8.775388
v 1.584344 -0.947919 8.714725
v 1.506250 -1.016944 8.775263
v 1.465514 -0.991123 8.737558
v 1.503600 -0.915567 8.669626
v 1.406460 -0.902571 8.666366
v 1.405053 -0.991139 8.747743
v 1.345509 -0.977253 8.751066
v 1.312111 -0.893459 8.691217
v 1.238037 -0.907957 8.753811
v 1.309223 -0.994198 8.797489
v 1.266223 -0.997467 8.840986
v 1.185630 -0.925725 8.834696
v 1.177753 -0.960930 8.925844
v 1.274920 -1.024337 8.895372
v 1.274155 -1.039928 8.954633
v 1.198286 -0.993465 9.016008
v 1.260923 -1.030454 9.081681
v 1.322245 -1.063896 8.984039
v 1.364656 -1.079741 9.025378
v 1.342663 -1.056985 9.128903
v 1.438824 -1.075800 9.130023
v 1.423465 -1.089695 9.011535
v 1.484656 -1.093576 9.011782
v 1.534147 -1.079070 9.107252
v 1.607230 -1.070405 9.042567
v 1.519268 -1.086625 8.961768
v 1.563847 -1.073354 8.921873
v 1.660565 -1.046799 8.963779
v 1.667500 -1.017436 8.870548
v 1.553550 -1.056492 8.863909
v 1.555920 -1.030927 8.808314
v 1.647913 -0.979080 8.782527
v 1.754898 0.973926 9.116196
v 1.592760 0.982423 9.200784
v 1.430623 0.990920 9.285372
v 1.442514 1.155867 9.341505
v 1.353452 1.203582 9.708054
v 1.437380 0.825912 9.702763
v 1.944997 1.652049 9.837300
v 1.514331 -0.092928 8.746798
v 1.135989 -0.368580 8.784961
v 1.168668 -0.239180 8.850645
v 1.187294 -0.098848 8.914350
v 1.350813 -0.095888 8.830574
v 1.046131 -0.415443 8.942933
v 1.020978 -0.474541 9.119547
v 1.175483 -0.265910 9.354520
v 1.126657 -0.509629 8.743024
v 1.409834 -1.067413 8.869862
vn -0.9902 -0.1353 -0.0349
vn -0.9830 -0.1451 0.1128
vn -0.9979 0.0389 0.0514
vn -0.9734 -0.0475 0.2240
vn -0.9672 0.1002 0.2335
vn -0.9679 0.2116 0.1358
vn -0.9751 0.2214 -0.0119
vn -0.9846 0.1239 -0.1231
vn -0.9909 -0.0239 -0.1326
vn 0.6703 0.7393 -0.0634
vn 0.5334 0.8455 0.0251
vn 0.6783 0.7299 0.0842
vn 0.5955 0.7788 0.1970
vn 0.4704 0.8574 0.2088
vn 0.3763 0.9196 0.1127
vn 0.3683 0.9290 -0.0350
vn 0.4512 0.8801 -0.1478
vn 0.5762 0.8016 -0.1595
vn 0.9365 0.0271 -0.3495
vn 0.8035 0.2022 0.5599
vn 0.7545 -0.1428 0.6406
vn 0.9259 -0.2844 -0.2488
vn -0.2785 0.2109 0.9370
vn -0.2068 -0.2048 0.9567
vn 0.0374 -0.9797 0.1968
vn -0.8728 -0.4290 -0.2328
vn -0.6416 -0.4683 -0.6075
vn 0.1822 -0.9680 -0.1725
vn -0.9578 -0.2462 0.1486
vn -0.8554 0.5152 -0.0534
vn -0.7997 0.4789 -0.3622
vn 0.0944 0.0501 -0.9943
vn -0.2849 0.8579 -0.4275
vn -0.1615 0.9318 -0.3250
vn 0.3667 0.0350 -0.9297
vn -0.4687 0.7725 0.4284
vn -0.4370 0.7843 0.4403
vn -0.3968 0.1000 0.9124
vn -0.5290 -0.0023 0.8486
vn -0.1687 -0.8957 0.4115
vn 0.1036 -0.8906 0.4428
vn 0.7187 0.6557 -0.2313
vn 0.7533 0.4345 -0.4938
vn 0.7459 0.5785 -0.3300
vn 0.6971 0.7047 0.1319
vn 0.9116 0.3716 -0.1757
vn 0.8773 0.4376 0.1973
vn 0.7853 -0.4698 0.4032
vn 0.8630 -0.5014 0.0628
vn 0.0861 0.8094 -0.5810
vn -0.0433 0.9739 -0.2229
vn 0.9408 0.2871 0.1801
vn 0.9382 -0.3318 0.0986
vn 0.9530 -0.2973 0.0581
vn 0.9347 0.3164 0.1617
vn 0.6148 0.6679 0.4195
vn -0.3533 0.5714 0.7407
vn -0.9149 0.3249 0.2397
vn -0.9415 0.0147 0.3367
vn 0.2949 -0.5577 -0.7759
vn 0.2669 -0.2358 -0.9344
vn -0.6784 -0.6223 -0.3905
vn -0.8100 -0.2335 -0.5379
vn 0.5820 0.7871 0.2043
vn 0.5544 0.8051 0.2108
vn -0.0183 0.9857 0.1675
vn -0.0467 0.9808 0.1894
vn -0.6524 0.7537 0.0797
vn -0.6263 0.7713 0.1135
vn -0.2071 -0.7574 0.6192
vn -0.2324 0.9622 0.1419
vn 0.5732 0.5442 0.6126
vn -0.8165 0.2038 -0.5402
vn 0.1200 0.2680 -0.9559
vn 0.3670 -0.7679 0.5250
vn 0.3802 -0.7994 -0.4652
vn 0.6528 -0.6793 -0.3352
vn 0.0007 0.1646 0.9864
vn 0.6157 0.1156 -0.7794
vn 0.2204 0.9572 -0.1875
vn 0.5792 -0.8151 -0.0125
vn 0.6110 -0.7892 -0.0621
vn 0.0211 -0.9934 -0.1126
vn 0.0493 -0.9865 -0.1559
vn -0.5834 -0.7941 -0.1704
vn -0.6400 -0.7470 -0.1798
vn 0.7906 0.5861 -0.1773
vn 0.8061 0.1624 -0.5690
vn 0.7381 0.2276 -0.6352
vn 0.7290 0.6252 -0.2786
vn 0.9388 -0.0968 -0.3305
vn 0.8947 0.0320 -0.4454
vn 0.9249 0.3777 -0.0436
vn 0.9636 0.2585 0.0690
vn 0.7914 0.5578 0.2500
vn 0.8169 0.4626 0.3445
vn 0.6074 0.5820 0.5407
vn 0.5960 0.6485 0.4735
vn 0.2930 0.6796 0.6725
vn 0.3203 0.6477 0.6913
vn -0.0184 0.6173 0.7865
vn -0.0340 0.6303 0.7756
vn 0.5570 -0.2653 -0.7870
vn 0.5272 -0.2431 -0.8143
vn 0.2741 -0.5235 -0.8067
vn 0.2762 -0.5397 -0.7953
vn 0.0370 -0.7262 -0.6865
vn 0.0056 -0.6790 -0.7341
vn -0.2752 -0.7685 -0.5776
vn -0.2122 -0.8424 -0.4953
vn -0.4617 -0.8624 -0.2077
vn -0.5625 -0.7468 -0.3548
vn -0.7805 0.2485 -0.5736
vn -0.9160 0.2327 -0.3268
vn -0.8950 0.3315 -0.2983
vn -0.7552 0.3512 -0.5535
vn -0.2244 0.1999 -0.9538
vn -0.5713 0.2424 -0.7841
vn -0.5455 0.3393 -0.7664
vn -0.2027 0.2772 -0.9392
vn 0.2837 0.1473 -0.9475
vn 0.3346 0.0849 -0.9385
vn -0.9805 0.1938 -0.0336
vn -0.9621 0.2705 0.0346
vn 0.9527 -0.3032 -0.0218
vn 0.8927 -0.3398 0.2959
vn 0.9200 -0.2262 0.3200
vn 0.9804 -0.1936 0.0357
vn 0.7483 -0.0754 -0.6590
vn 0.9243 -0.2212 -0.3109
vn 0.9544 -0.1433 -0.2618
vn 0.7884 -0.0569 -0.6125
vn 0.7267 -0.3825 0.5706
vn 0.7503 -0.2424 0.6150
vn -0.0392 -0.8812 -0.4711
vn -0.1734 -0.9643 -0.2002
vn -0.2791 -0.9352 -0.2181
vn -0.1420 -0.8423 -0.5200
vn 0.2668 -0.3960 -0.8786
vn 0.1027 -0.7097 -0.6969
vn 0.0260 -0.6777 -0.7349
vn 0.2323 -0.3809 -0.8950
vn 0.4581 0.1153 -0.8814
vn 0.4218 0.1330 -0.8969
vn 0.4439 0.8960 -0.0085
vn 0.3367 0.8877 0.3140
vn 0.1665 0.9515 0.2587
vn 0.3003 0.9510 -0.0731
vn 0.5526 0.5716 -0.6066
vn 0.5239 0.7990 -0.2953
vn 0.3888 0.8519 -0.3507
vn 0.4493 0.6155 -0.6475
vn 0.6714 0.6254 0.3976
vn 0.5153 0.7628 0.3906
vn 0.6471 0.7573 0.0884
vn 0.7830 0.6116 0.1139
vn 0.8211 0.5368 -0.1943
vn 0.7000 0.6805 -0.2167
vn 0.6819 0.4832 -0.5491
vn 0.7544 0.3718 -0.5410
vn 0.4901 0.0870 -0.8673
vn 0.4782 0.0481 -0.8770
vn 0.8481 -0.5275 0.0503
vn 0.7892 -0.5352 -0.3013
vn 0.8284 -0.4756 -0.2959
vn 0.8914 -0.4487 0.0639
vn 0.6779 -0.4849 -0.5526
vn 0.4338 -0.3460 -0.8319
vn 0.4530 -0.3375 -0.8252
vn 0.7116 -0.4455 -0.5434
vn -0.0205 -0.0519 -0.9984
vn -0.0240 -0.0859 -0.9960
vn 0.6739 -0.7347 0.0779
vn 0.6498 -0.7037 -0.2874
vn 0.7395 -0.6055 -0.2941
vn 0.7897 -0.6112 0.0530
vn 0.5723 -0.6106 -0.5473
vn 0.3940 -0.3982 -0.8284
vn 0.4218 -0.3637 -0.8305
vn 0.6414 -0.5355 -0.5495
vn 0.0457 0.0150 -0.9988
vn 0.0039 -0.0189 -0.9998
vn 0.7654 -0.3789 -0.5203
vn 0.4968 -0.3179 -0.8076
vn 0.5239 -0.3040 -0.7956
vn 0.7963 -0.3331 -0.5050
vn -0.0055 -0.1379 -0.9904
vn 0.0066 -0.1739 -0.9847
vn 0.8957 -0.3668 -0.2514
vn 0.9126 -0.3202 -0.2543
vn -0.8134 0.4689 -0.3441
vn -0.7757 0.5376 -0.3305
vn -0.7996 0.6003 0.0179
vn -0.8384 0.5449 0.0114
vn -0.4851 0.2042 -0.8503
vn -0.4604 0.2661 -0.8469
vn -0.6828 0.4475 -0.5776
vn -0.7177 0.3792 -0.5840
vn -0.7105 0.6214 -0.3301
vn -0.5773 0.7473 -0.3291
vn -0.5973 0.8020 0.0099
vn -0.7349 0.6780 0.0122
vn -0.4066 0.3361 -0.8495
vn -0.3052 0.4298 -0.8498
vn -0.4909 0.6476 -0.5827
vn -0.6182 0.5292 -0.5812
vn -0.4981 0.8670 0.0135
vn -0.4603 0.8284 -0.3193
vn -0.3802 0.7243 -0.5752
vn -0.2180 0.4929 -0.8423
vn 0.0813 0.0390 -0.9959
vn -0.5086 0.0214 -0.8607
vn -0.5006 0.0979 -0.8601
vn -0.7569 0.2561 -0.6012
vn -0.7784 0.1645 -0.6059
vn -0.8646 0.3485 -0.3619
vn -0.9027 0.2589 -0.3437
vn 0.6060 -0.3254 -0.7259
vn 0.6443 -0.4280 -0.6338
vn 0.2867 -0.5222 -0.8032
vn 0.3192 -0.5903 -0.7414
vn -0.0162 -0.6242 -0.7811
vn 0.0089 -0.6589 -0.7522
vn -0.3327 -0.6598 -0.6737
vn -0.3183 -0.6562 -0.6842
vn -0.6090 -0.6216 -0.4926
vn -0.6352 -0.5695 -0.5216
vn 0.9504 -0.1614 -0.2660
vn 0.6589 -0.4897 -0.5709
vn 0.3354 -0.6407 -0.6907
vn 0.0243 -0.6957 -0.7179
vn -0.3050 -0.6751 -0.6717
vn -0.6002 -0.5764 -0.5546
vn -0.8363 -0.4373 -0.3306
vn -0.8452 -0.3942 -0.3609
vn -0.0209 0.6822 0.7309
vn -0.3399 0.5551 0.7592
vn -0.3783 0.6213 0.6863
vn 0.3075 0.6630 0.6825
vn 0.6006 0.5746 0.5560
vn 0.8212 0.4291 0.3763
vn 0.9700 0.2111 0.1205
vn 0.2650 0.7871 0.5570
vn 0.4831 0.8185 0.3109
vn 0.6895 0.7176 0.0981
vn -0.5789 0.8139 -0.0490
vn -0.4328 0.8525 -0.2932
vn 0.2376 0.9638 -0.1208
vn 0.0826 0.9957 0.0409
vn 0.7622 0.6373 0.1133
vn 0.6592 0.7343 0.1620
vn 0.9481 0.0946 0.3036
vn 0.9501 0.2077 0.2329
vn 0.7760 -0.5042 0.3788
vn 0.8776 -0.4227 0.2262
vn 0.3195 -0.8966 0.3068
vn 0.4764 -0.8682 0.1390
vn -0.2153 -0.9659 0.1439
vn -0.0740 -0.9971 0.0169
vn -0.7456 -0.6595 -0.0961
vn -0.6512 -0.7491 -0.1214
vn -0.9527 0.0099 -0.3038
vn -0.9694 -0.1166 -0.2163
vn -0.9489 -0.2826 -0.1405
vn -0.1093 0.9096 -0.4009
vn 0.4470 0.8704 -0.2063
vn 0.8570 0.5016 0.1184
vn 0.9162 -0.0493 0.3978
vn 0.6267 -0.5615 0.5404
vn 0.1517 -0.8848 0.4405
vn -0.3887 -0.8963 0.2135
vn -0.8021 -0.5881 -0.1043
vn -0.9224 -0.0212 -0.3856
vn -0.8095 0.5379 -0.2354
vn -0.8842 0.4643 0.0507
vn -0.7766 0.6084 0.1634
vn -0.6597 0.7391 -0.1358
vn -0.6686 0.5590 -0.4904
vn -0.5365 0.7222 -0.4366
vn -0.4478 0.5610 -0.6963
vn -0.0708 0.3878 -0.9190
vn 0.8533 -0.5206 -0.0283
vn 0.7985 -0.5575 0.2272
vn 0.6373 -0.6117 0.4687
vn -0.3195 -0.7402 -0.5917
vn -0.5069 -0.8094 -0.2964
vn -0.6483 -0.6625 -0.3754
vn -0.4751 -0.6130 -0.6313
vn -0.1142 -0.5986 -0.7928
vn -0.2477 -0.5010 -0.8292
vn 0.1563 -0.3431 -0.9262
vn 0.0649 -0.2975 -0.9525
vn -0.7456 -0.6594 -0.0961
vn -0.8240 -0.5586 -0.0954
vn -0.7233 -0.5733 -0.3849
vn -0.5515 -0.5366 -0.6386
vn -0.3168 -0.4445 -0.8379
vn 0.0148 -0.2737 -0.9617
vn 0.4694 0.0195 -0.8828
vn 0.7894 0.2951 -0.5382
vn 0.8807 0.4354 -0.1863
vn 0.8570 0.5016 0.1183
vn 0.7504 0.5172 0.4116
vn 0.5903 0.4912 0.6405
vn 0.5022 0.5834 0.6383
vn 0.5663 -0.8226 0.0502
vn 0.5648 -0.7747 -0.2844
vn 0.5085 -0.6638 -0.5485
vn 0.3687 -0.4223 -0.8280
vn 0.5433 -0.8393 0.0176
vn 0.5396 -0.7927 -0.2838
vn 0.4907 -0.6760 -0.5497
vn 0.3687 -0.4223 -0.8281
vn -0.2001 0.5032 -0.8407
vn -0.3598 0.7356 -0.5739
vn -0.4403 0.8407 -0.3152
vn -0.4813 0.8764 -0.0155
vn 0.9426 -0.3222 0.0883
vn -0.9050 0.4218 -0.0546
vn 0.2682 -0.4329 -0.8606
vn -0.4418 -0.3389 -0.8306
vn -0.3971 0.1683 -0.9022
vn 0.3517 0.0546 -0.9345
vn -0.9195 -0.2496 -0.3036
vn -0.9050 0.2485 -0.3451
vn -0.8850 -0.2173 0.4117
vn -0.8758 0.2477 0.4143
vn -0.3586 -0.2610 0.8963
vn -0.3229 0.1650 0.9319
vn 0.3515 -0.3550 0.8663
vn 0.4303 0.0495 0.9013
vn 0.8292 -0.4443 0.3393
vn 0.9367 -0.0298 0.3489
vn 0.7947 -0.4766 -0.3760
vn 0.9064 -0.0273 -0.4215
vn 0.0898 -0.8588 -0.5043
vn -0.3513 -0.8004 -0.4857
vn -0.6480 -0.7450 -0.1583
vn -0.6266 -0.7249 0.2861
vn -0.2996 -0.7520 0.5871
vn 0.1415 -0.8104 0.5685
vn 0.4383 -0.8659 0.2411
vn 0.4168 -0.8860 -0.2033
vn -0.6790 0.3355 -0.6530
vn -0.6968 0.2541 -0.6708
vn -0.3040 -0.3969 -0.8661
vn -0.2434 -0.4010 -0.8832
vn -0.5884 0.8062 -0.0609
vn -0.6429 0.7602 -0.0932
vn -0.1169 0.8357 0.5366
vn -0.2089 0.8364 0.5068
vn 0.4595 0.4066 0.7896
vn 0.4332 0.3896 0.8127
vn 0.3294 0.2956 0.8967
vn 0.6021 0.5202 0.6057
vn 0.0569 0.9288 0.3662
vn -0.2465 0.7243 0.6439
vn 0.6726 -0.3401 0.6572
vn 0.9226 -0.0737 0.3788
vn 0.5822 -0.8104 0.0657
vn 0.8374 -0.5167 -0.1784
vn 0.1110 -0.8398 -0.5314
vn 0.3936 -0.5444 -0.7407
vn -0.4648 -0.4112 -0.7841
vn -0.1488 -0.1407 -0.9788
vn -0.8080 0.2245 -0.5446
vn -0.4720 0.4581 -0.7532
vn -0.7176 0.6949 0.0469
vn -0.3868 0.9011 -0.1961
vn 0.7553 0.6529 0.0571
vn 0.4184 0.9037 -0.0908
vn 0.9561 0.2809 -0.0830
vn 0.9032 0.0058 -0.4292
vn 0.6275 -0.0115 -0.7785
vn 0.2906 0.2394 -0.9264
vn 0.0898 0.6113 -0.7863
vn 0.1427 0.8865 -0.4402
vn -0.3629 -0.3539 -0.8620
vn -0.0415 0.0029 -0.9991
vn 0.5210 -0.3756 -0.7665
vn 0.2283 -0.7558 -0.6137
vn -0.7988 0.1951 -0.5691
vn -0.4527 0.5214 -0.7234
vn -0.7988 0.5968 0.0762
vn -0.4715 0.8761 -0.1007
vn -0.3689 0.6057 0.7050
vn -0.0871 0.8592 0.5042
vn 0.2391 0.2140 0.9471
vn 0.4754 0.4807 0.7368
vn 0.8866 -0.0378 0.4611
vn 0.6622 -0.7492 0.0114
vn 0.9055 -0.3925 -0.1616
vn 0.3431 0.4130 -0.8437
vn 0.6925 0.1778 -0.6991
vn 0.0877 0.7350 -0.6723
vn 0.0760 0.9554 -0.2855
vn 0.3147 0.9449 0.0902
vn 0.6642 0.7097 0.2348
vn 0.9196 0.3876 0.0634
vn 0.9314 0.1673 -0.3234
vn 0.9790 0.0766 -0.1892
vn 0.8260 0.5057 -0.2490
vn 0.6111 0.6140 0.4996
vn 0.7666 0.1795 0.6166
vn -0.4388 0.7855 -0.4364
vn -0.4919 0.8705 -0.0166
vn -0.2791 0.9567 0.0826
vn 0.1751 0.9466 0.2708
vn 0.1994 0.5356 -0.8206
vn -0.9338 0.0484 -0.3545
vn -0.2832 0.0135 -0.9590
vn -0.7706 -0.5187 -0.3704
vn -0.5868 -0.7286 -0.3532
vn 0.5024 0.7847 0.3630
vn 0.3839 0.7389 -0.5538
vn 0.5161 0.7821 0.3491
vn -0.6183 -0.7689 0.1629
vn 0.4085 -0.7107 0.5727
vn -0.4664 -0.6708 0.5766
vn 0.3831 -0.5743 0.7235
vn -0.9666 -0.1567 -0.2026
vn -0.7685 -0.2764 -0.5771
vn -0.3496 0.4863 -0.8008
vn -0.3730 0.5459 -0.7502
vn -0.1723 -0.0085 -0.9850
vn 0.3490 -0.4787 0.8056
vn -0.7309 -0.3001 0.6130
vn 0.0034 0.3000 0.9539
vn -0.9379 0.2737 -0.2132
vn -0.4336 0.7689 -0.4698
vn 0.1849 -0.7218 -0.6669
vn -0.6294 0.4408 0.6399
vn -0.0903 0.4744 0.8757
vn -0.7493 0.6622 -0.0035
vn -0.4436 0.8650 -0.2347
vn -0.3486 0.4454 -0.8247
vn -0.9966 -0.0825 -0.0036
vn -0.2033 0.6778 0.7066
vn -0.7602 -0.0578 0.6471
vn 0.0216 0.2283 0.9733
vn 0.1493 -0.0043 0.9888
vn -0.2201 0.1205 -0.9680
vn -0.9078 -0.0718 -0.4132
vn -0.2044 0.1184 -0.9717
vn 0.9949 -0.0853 -0.0542
vn 0.6678 0.5902 -0.4535
vn 0.5433 0.2957 -0.7858
vn 0.8212 0.4291 0.3762
vn 0.3108 0.8604 -0.4039
vn 0.2050 0.8332 0.5136
vn -0.0470 0.9928 -0.1103
vn 0.6558 0.6967 -0.2908
vn 0.6333 0.6471 0.4244
vn 0.4848 0.6137 -0.6231
vn -0.9342 0.2569 0.2475
vn -0.9235 0.3241 0.2051
vn -0.5571 0.4084 -0.7231
vn -0.8366 0.5122 0.1943
vn -0.6489 0.6807 0.3401
vn -0.6606 0.5803 -0.4762
vn -0.8922 0.4340 0.1251
vn -0.1215 -0.0355 -0.9920
vn -0.4038 0.1454 -0.9032
vn 0.4710 0.6848 0.5561
vn -0.2422 0.9244 -0.2948
vn -0.5072 0.6249 0.5935
vn 0.8529 0.5202 -0.0434
vn 0.5718 0.5448 -0.6134
vn 0.8342 0.3352 0.4379
vn 0.7825 0.2154 -0.5842
vn 0.2688 0.3058 -0.9133
vn 0.2929 0.0579 -0.9544
vn -0.0286 0.8262 0.5626
vn 0.1545 -0.8314 -0.5338
vn -0.3646 -0.7375 -0.5685
vn -0.9143 -0.2334 -0.3311
vn 0.0147 -0.1471 -0.9890
vn -0.0697 0.0984 -0.9927
vn 0.9048 0.4031 -0.1372
vn 0.7209 0.5002 0.4798
vn 0.0328 -0.8304 -0.5562
vn 0.5876 0.1525 -0.7946
vn 0.2458 -0.2954 -0.9232
vn 0.9147 0.3826 -0.1302
vn 0.9202 0.2204 0.3236
vn 0.0509 -0.8314 -0.5534
vn 0.2459 -0.2954 -0.9232
vn 0.5877 0.1525 -0.7946
vn 0.8500 -0.4967 -0.1755
vn 0.9147 0.3825 -0.1301
vn 0.9202 0.2204 0.3235
vn 0.0509 -0.8314 -0.5533
vn -0.9911 -0.0359 0.1282
vn -0.8731 0.4810 -0.0796
vn -0.7802 -0.4035 0.4779
vn -0.8484 -0.0942 0.5209
vn -0.3609 -0.8920 0.2723
vn -0.6128 -0.7070 0.3530
vn 0.5143 0.6597 0.5481
vn -0.4413 0.8542 0.2750
vn -0.3806 0.0752 0.9217
vn 0.7477 -0.0019 0.6641
vn 0.8472 0.3852 0.3660
vn 0.5613 -0.5786 0.5917
vn 0.0111 -0.7771 0.6293
vn 0.0277 -0.8904 0.4544
vn -0.2110 -0.9558 0.2047
vn -0.3334 -0.8480 0.4119
vn 0.7522 -0.1222 0.6475
vn -0.3356 -0.9166 0.2170
vn 0.0752 -0.7084 0.7018
vn 0.5687 0.1097 0.8152
vn 0.5922 -0.8014 -0.0842
vn 0.7167 -0.6771 0.1670
vn -0.4853 0.7654 0.4227
vn 0.1506 0.8056 0.5731
vn 0.3596 -0.8057 -0.4707
vn -0.2959 -0.7666 -0.5699
vn 0.9484 0.1491 0.2797
vn -0.4632 0.1352 -0.8759
vn -0.5719 -0.6249 -0.5314
vn -0.5864 0.7995 -0.1302
vn -0.6271 0.6975 0.3467
vn -0.5469 0.7376 0.3960
vn -0.1835 0.7480 -0.6378
vn -0.8910 -0.2794 -0.3578
vn -0.3077 0.1016 -0.9460
vn -0.5227 -0.6567 -0.5436
vn -0.2575 -0.7768 -0.5747
vn 0.1084 0.8158 0.5680
vn 0.0114 0.9756 -0.2194
vn 0.1084 0.8159 0.5680
vn -0.6832 -0.6637 0.3046
vn -0.7275 0.2966 0.6187
vn -0.4675 -0.2568 0.8459
vn -0.5502 -0.7654 0.3339
vn -0.2159 0.1824 0.9592
vn -0.9356 -0.0297 0.3517
vn -0.6407 -0.6305 0.4382
vn 0.9253 0.0957 -0.3671
vn 0.4612 0.7937 -0.3967
vn 0.2025 -0.9505 0.2355
vn 0.0725 0.9755 0.2077
vn 0.2665 0.8965 -0.3540
vn -0.5441 0.7276 0.4178
vn -0.8234 0.5500 0.1394
vn -0.9132 -0.1315 0.3858
vn -0.0205 0.4136 0.9102
vn -0.0221 0.9604 -0.2777
vn 0.4327 0.7467 0.5053
vn 0.5217 0.7593 -0.3890
vn 0.7158 0.5602 -0.4169
vn -0.7668 -0.4754 0.4312
vn -0.3054 0.1041 0.9465
vn -0.7671 -0.4882 0.4163
vn -0.2292 0.7309 -0.6428
vn -0.7996 0.5253 -0.2911
vn -0.6547 -0.0951 -0.7499
vn -0.1223 0.3591 -0.9252
vn -0.8342 -0.2864 -0.4712
vn -0.7876 0.4729 -0.3950
vn -0.3851 0.2542 -0.8872
vn 0.7554 -0.4532 0.4733
vn 0.1730 -0.0975 0.9801
vn 0.4050 -0.1947 -0.8933
vn -0.0571 0.5804 0.8124
vn -0.0177 0.0170 0.9997
vn -0.5305 0.7738 0.3460
vn -0.8367 0.5058 0.2101
vn -0.7325 0.4505 -0.5104
vn -0.2713 0.1599 0.9491
vn 0.1573 0.9871 0.0287
vn 0.4094 0.6856 0.6020
vn 0.2387 -0.1179 0.9639
vn 0.4446 -0.2589 0.8575
vn -0.5172 0.3238 -0.7922
vn -0.0422 0.9403 -0.3377
vn -0.5169 0.3094 -0.7982
vn -0.5335 -0.2160 0.8178
vn -0.9307 0.1081 0.3495
vn -0.8082 -0.5888 0.0080
vn -0.4402 -0.6469 0.6227
vn -0.8671 -0.3869 -0.3138
vn 0.6978 -0.3172 0.6422
vn 0.7519 -0.0339 0.6584
vn 0.3812 -0.4544 0.8051
vn 0.4901 -0.5347 0.6884
vn 0.8390 -0.0985 0.5352
vn 0.8714 0.4244 0.2460
vn 0.8501 0.2224 0.4773
vn 0.8996 0.1935 0.3916
vn 0.4870 0.8136 -0.3176
vn 0.8234 0.5674 -0.0005
vn 0.7794 0.6264 -0.0105
vn 0.8795 0.3746 0.2935
vn 0.5465 0.7387 -0.3945
vn 0.0601 0.7221 -0.6892
vn -0.0181 0.8166 -0.5770
vn -0.4757 0.5361 -0.6973
vn -0.3486 0.4453 -0.8247
vn 0.2811 0.4391 0.8534
vn -0.0239 0.4905 0.8711
vn 0.0873 0.3334 0.9387
vn 0.1942 0.0908 0.9768
vn 0.3417 0.2325 0.9106
vn 0.2017 0.5932 0.7794
vn -0.0885 0.1566 0.9837
vn -0.3605 -0.0244 0.9324
vn -0.5670 0.3100 0.7632
vn 0.0972 0.9098 0.4034
vn 0.3837 0.6187 0.6855
vn -0.0555 0.0934 0.9941
vn -0.0884 0.1565 0.9837
vn -0.3102 0.0665 0.9483
vn 0.0517 -0.0638 0.9966
vn 0.1536 -0.2452 0.9572
vn 0.2753 -0.1149 0.9544
vn 0.2694 0.0181 0.9629
vn 0.4498 0.0137 0.8930
vn 0.4175 -0.3799 0.8255
vn 0.8260 0.1667 0.5384
vn 0.7869 0.1277 0.6038
vn 0.6039 -0.0833 0.7927
vn 0.8969 0.2706 0.3497
vn 0.9778 -0.1536 0.1424
vn 0.8816 0.1909 -0.4316
vn -0.1376 0.9467 0.2912
vn 0.1015 0.8638 0.4935
vn -0.8223 -0.1772 0.5408
vn 0.1016 0.8638 0.4936
vn 0.5224 -0.1032 0.8464
vn 0.6109 -0.0117 0.7916
vn 0.3779 -0.1875 0.9067
vn 0.3886 -0.2593 0.8842
vn 0.2273 -0.3492 0.9091
vn 0.6897 -0.0689 0.7208
vn 0.2943 -0.4179 0.8595
vn 0.9723 0.0787 0.2201
vn 0.8297 0.5542 0.0668
vn 0.4312 0.3268 0.8410
vn 0.9105 0.4117 -0.0395
vn 0.8404 0.3781 -0.3882
vn 0.9138 -0.3899 -0.1140
vn 0.2027 -0.3663 -0.9082
vn 0.5314 0.0262 -0.8467
vn -0.0038 0.0600 -0.9982
vn 0.4454 -0.1830 -0.8764
vn -0.1279 0.1564 -0.9794
vn -0.1794 0.3694 -0.9118
vn -0.0674 0.6459 0.7605
vn 0.1906 0.7698 0.6091
vn -0.0529 0.8184 0.5721
vn -0.3338 0.6559 0.6771
vn -0.2525 0.5065 0.8244
vn -0.2696 0.2660 0.9255
vn -0.0893 0.2018 0.9754
vn -0.1907 0.3917 0.9001
vn -0.5159 0.2174 0.8286
vn -0.4957 0.3775 0.7822
vn -0.2695 0.2660 0.9255
vn -0.1865 0.0417 0.9816
vn -0.4044 0.3004 0.8638
vn -0.6402 0.2894 0.7116
vn 0.4277 0.8293 0.3596
vn 0.5374 0.5829 0.6094
vn 0.1520 0.9235 0.3521
vn 0.6855 0.7137 0.1442
vn 0.6904 0.7189 0.0809
vn 0.7281 0.1474 0.6695
vn 0.4920 0.8039 0.3341
vn 0.9066 0.2697 0.3245
vn -0.3954 -0.5319 -0.7488
vn 0.5194 0.4179 -0.7453
vn 0.9288 -0.2551 0.2689
vn 0.5195 0.4179 -0.7453
vn 0.5695 0.6286 0.5297
vn 0.9288 -0.2551 0.2690
vn 0.8709 0.4666 0.1545
vn 0.8078 0.3133 -0.4994
vn 0.7454 -0.2717 -0.6087
vn 0.5986 -0.5143 -0.6141
vn 0.6618 0.4887 -0.5685
vn 0.5115 0.8332 -0.2103
vn 0.3213 -0.6280 -0.7088
vn 0.4118 -0.7964 -0.4429
vn 0.8891 0.0535 -0.4546
vn 0.7010 -0.5608 -0.4406
vn 0.2833 0.9527 0.1097
vn 0.3776 0.8583 -0.3475
vn -0.4658 0.8848 0.0129
vn -0.3796 0.7388 0.5568
vn -0.1074 0.8684 0.4840
vn 0.1893 0.9260 0.3265
vn -0.4128 0.7980 0.4391
vn 0.5835 0.7775 -0.2347
vn -0.3786 0.6990 -0.6067
vn 0.4702 0.8774 0.0951
vn 0.6446 0.7516 -0.1401
vn 0.6524 0.7578 0.0094
vn 0.4914 0.8668 0.0852
vn 0.5996 0.7662 -0.2311
vn -0.2960 0.5866 0.7538
vn -0.7451 -0.0173 0.6667
vn -0.1977 0.4045 0.8929
vn -0.4967 0.5029 0.7074
vn -0.3899 0.7573 0.5239
vn 0.7138 0.7004 -0.0021
vn 0.5756 0.7999 0.1697
vn 0.6001 0.7737 -0.2032
vn 0.5502 0.8264 0.1197
vn 0.5365 0.7855 0.3085
vn 0.5641 0.7427 0.3609
vn 0.5294 0.2011 0.8242
vn 0.5718 -0.1968 -0.7964
vn 0.7241 0.1939 -0.6619
vn 0.6446 0.7515 -0.1401
vn 0.5615 0.8274 0.0058
vn 0.4025 0.5634 0.7215
vn 0.3750 0.4111 0.8309
vn 0.3751 0.4111 0.8309
vn 0.2291 0.2138 0.9496
vn 0.7296 0.6752 -0.1090
vn 0.5486 0.7995 -0.2446
vn 0.7061 0.1371 -0.6947
vn 0.4209 0.7844 -0.4556
vn 0.7296 0.6751 -0.1090
vn 0.4542 0.8069 0.3776
vn 0.2539 0.6951 0.6726
vn 0.0746 0.7454 0.6624
vn -0.0559 0.9119 0.4066
vn 0.3737 0.8926 0.2522
vn 0.4834 0.7949 0.3667
vn 0.2885 0.6218 0.7281
vn 0.2884 0.6217 0.7282
vn 0.0912 0.3684 0.9252
vn 0.0136 0.5314 0.8470
vn -0.0860 0.7222 0.6863
vn 0.0746 0.7454 0.6625
vn -0.2180 0.9057 0.3636
vn 0.3286 0.9199 0.2141
vn -0.1334 0.8992 0.4167
vn 0.6854 0.7137 0.1442
vn -0.1335 0.8992 0.4167
vn 0.4208 0.7845 -0.4556
vn 0.6203 0.7716 0.1412
vn 0.1352 0.7486 -0.6491
vn -0.1131 0.6945 -0.7106
vn 0.6684 0.6957 -0.2631
vn 0.6559 0.6966 -0.2909
vn 0.4909 0.8517 -0.1831
vn 0.5838 -0.1014 -0.8055
vn 0.7718 -0.0670 -0.6323
vn 0.5289 -0.4957 -0.6889
vn 0.7125 -0.4630 -0.5272
vn 0.3362 0.2912 -0.8956
vn 0.6846 0.5456 -0.4833
vn 0.6395 0.7225 -0.2629
vn 0.1756 -0.3633 -0.9150
vn 0.3460 -0.6781 -0.6484
vn 0.3777 0.8582 -0.3476
vn -0.0698 0.0985 -0.9927
vn 0.5738 0.3055 -0.7599
vn 0.5835 0.7774 -0.2348
vn 0.6181 0.2180 -0.7552
vn 0.5996 0.7662 -0.2312
vn 0.5192 0.2036 -0.8301
vn 0.6001 0.7737 -0.2033
vn 0.3716 0.1279 -0.9195
vn 0.6684 0.6957 -0.2632
vn 0.4517 0.1348 -0.8819
vn 0.7460 0.5785 -0.3300
vn 0.4163 -0.1003 -0.9037
vn 0.7533 0.4344 -0.4938
vn 0.7187 0.6557 -0.2312
vn 0.6328 0.1109 -0.7663
vn 0.4814 0.4459 -0.7546
vn 0.3362 0.2913 -0.8956
vn -0.1073 0.9765 -0.1868
vn 0.6846 0.5457 -0.4833
vn 0.3041 0.9228 -0.2366
vn -0.1539 0.9703 0.1866
vn 0.5114 0.8332 -0.2102
vn -0.1912 0.9742 0.1200
vn 0.4909 0.8518 -0.1831
vn -0.0283 0.9996 -0.0003
vn 0.6558 0.6966 -0.2908
vn 0.6394 0.7225 -0.2629
vn 0.0026 0.9996 -0.0269
vn -0.0560 0.0738 -0.9957
vn -0.0561 0.0738 -0.9957
vn -0.4293 0.8015 -0.4163
vn 0.8584 0.2360 -0.4554
vn 0.8296 0.5543 0.0667
vn -0.1595 0.9518 0.2619
vn 0.0971 0.9099 0.4034
vn -0.8520 -0.0404 0.5220
vn -0.5670 0.3100 0.7631
vn -0.3604 -0.0244 0.9325
vn 0.0431 -0.8619 -0.5053
vn 0.1301 -0.9299 -0.3441
vn 0.9778 -0.1536 0.1425
vn -0.6548 -0.6335 0.4122
vn 0.3456 -0.9189 0.1904
vn -0.6548 -0.6334 0.4122
vn -0.8047 -0.4453 0.3926
vn 0.3456 -0.9189 0.1903
vn 0.0431 -0.8619 -0.5052
vn 0.1300 -0.9299 -0.3441
vn 0.4174 -0.3799 0.8255
vn 0.9778 -0.1535 0.1423
vn 0.7280 0.1474 0.6696
vn 0.1273 -0.9695 -0.2095
vn 0.2027 -0.3662 -0.9082
vn -0.9249 0.3801 0.0117
vn -0.9464 0.3211 -0.0342
vn -0.6745 0.5740 -0.4643
vn 0.2714 -0.7070 0.6531
vn -0.0705 -0.7357 0.6737
vn 0.0273 -0.8256 0.5636
vn -0.3445 -0.7995 0.4920
vn -0.5128 -0.7978 0.3171
vn -0.4956 -0.8174 0.2938
vn -0.6850 -0.7275 0.0382
vn -0.7761 -0.5218 -0.3542
vn -0.2367 -0.8644 0.4435
vn -0.6763 -0.7329 0.0746
vn -0.8427 0.0643 -0.5345
vn -0.6615 -0.0401 -0.7488
vn -0.4976 0.0293 0.8669
vn -0.2990 0.1303 0.9453
vn -0.3667 0.3099 0.8772
vn -0.3743 -0.1581 0.9137
vn -0.1575 -0.0950 0.9829
vn -0.5815 0.1806 0.7933
vn -0.0560 0.1714 0.9836
vn 0.2291 0.2573 0.9388
vn 0.0797 0.6335 0.7696
vn -0.7086 0.0435 0.7043
vn -0.7830 0.4849 0.3895
vn -0.0188 0.1127 0.9934
vn -0.7529 -0.1935 0.6290
vn -0.0560 0.1713 0.9836
vn 0.1437 0.3071 0.9408
vn -0.0418 -0.2910 0.9558
vn -0.1636 -0.2326 0.9587
vn -0.2503 -0.3714 0.8941
vn -0.3425 -0.7838 0.5181
vn -0.5093 -0.7793 0.3651
vn -0.1238 -0.6203 0.7745
vn -0.4145 -0.6979 0.5841
vn -0.0744 -0.6965 0.7137
vn -0.3508 -0.9248 0.1471
vn -0.2679 -0.5703 0.7765
vn 0.1187 -0.5766 0.8084
vn -0.6569 -0.5612 -0.5035
vn -0.7804 0.4606 0.4230
vn -0.6751 0.7003 0.2320
vn -0.7804 0.4606 0.4229
vn -0.1755 -0.5077 0.8435
vn 0.0998 -0.4820 0.8705
vn 0.0002 -0.4319 0.9019
vn -0.5496 -0.7899 0.2721
vn -0.9344 -0.3499 0.0664
vn -0.6053 -0.1364 0.7842
vn -0.6052 -0.1364 0.7843
vn -0.5840 -0.8094 0.0623
vn -0.5744 -0.7559 -0.3141
vn -0.2448 -0.9509 -0.1892
vn 0.1328 -0.4023 -0.9058
vn -0.2757 -0.5100 -0.8148
vn -0.1328 -0.4999 -0.8558
vn -0.4735 0.4318 0.7677
vn -0.6294 0.5148 0.5821
vn -0.0420 0.3858 0.9216
vn 0.1347 0.5601 0.8174
vn -0.0099 0.6334 0.7738
vn -0.0421 0.3858 0.9216
vn 0.0975 0.1913 0.9767
vn 0.1424 0.7016 0.6982
vn 0.0042 0.5156 0.8568
vn -0.0100 0.6333 0.7738
vn -0.9158 0.1217 0.3828
vn -0.7652 -0.0955 0.6367
vn -0.8378 0.4022 0.3692
vn -0.9720 -0.1593 0.1727
vn -0.9808 -0.1613 0.1097
vn -0.4958 -0.5566 0.6666
vn -0.7114 -0.6023 0.3622
vn -0.9428 -0.0359 0.3314
vn 0.6539 0.0230 -0.7563
vn -0.0816 -0.8786 0.4706
vn -0.5591 -0.4963 -0.6642
vn -0.5591 -0.4963 -0.6641
vn -0.0815 -0.8786 0.4705
vn -0.7980 -0.1982 0.5691
vn -0.8687 -0.4622 0.1782
vn -0.7346 -0.4862 -0.4733
vn -0.2179 -0.7779 -0.5894
vn 0.0660 -0.7882 -0.6119
vn -0.7924 -0.2772 -0.5434
vn -0.9531 -0.2248 -0.2025
vn -0.9712 -0.0269 -0.2367
vn -0.5590 -0.7092 -0.4296
vn 0.0542 -0.9014 -0.4295
vn -0.9427 0.3070 0.1308
vn -0.9304 0.1693 -0.3250
vn -0.8617 0.3724 0.3446
vn -0.6422 0.5868 0.4932
vn -0.9771 -0.0445 -0.2079
vn -0.9866 0.1101 0.1202
vn -0.9933 -0.1090 0.0377
vn -0.9878 -0.1082 -0.1120
vn -0.9901 0.0865 0.1107
vn -0.9769 -0.0641 -0.2040
vn 0.4535 0.6140 0.6461
vn -0.1147 0.7041 0.7008
vn -0.9777 -0.2076 0.0330
vn -0.9715 -0.1741 0.1606
vn -0.9789 -0.0181 0.2035
vn -0.9891 0.0156 0.1462
vn -0.9826 -0.0599 -0.1760
vn -0.9214 -0.0398 0.3865
vn -0.4429 -0.3110 0.8409
vn -0.1824 -0.5941 -0.7834
vn -0.5870 -0.4967 -0.6393
vn -0.9995 0.0052 0.0326
vn -0.6727 -0.0029 0.7399
vn -0.6726 -0.0029 0.7400
vn -0.5286 -0.0649 0.8464
vn -0.5285 -0.0649 0.8464
vn -0.2802 -0.0545 0.9584
vn -0.9720 -0.2211 -0.0797
vn -0.9720 -0.1593 0.1726
vn -0.5309 -0.5145 -0.6734
vn -0.9759 -0.0034 -0.2184
vn -0.8911 0.0952 -0.4436
vn -0.9720 -0.2211 -0.0798
vn -0.9042 0.0822 0.4192
vn -0.6340 0.3508 0.6892
vn -0.6931 0.1758 0.6991
vn -0.9375 0.2105 0.2770
vn -0.7104 0.5732 0.4083
vn -0.9162 0.0450 0.3981
vn -0.6561 0.1242 0.7444
vn -0.9292 0.0582 0.3649
vn -0.3304 0.1464 0.9324
vn -0.6560 0.1242 0.7445
vn -0.6930 0.1758 0.6991
vn -0.4152 0.2795 0.8657
vn -0.5239 0.4762 0.7062
vn -0.6142 0.7042 0.3563
vn -0.6558 0.6301 0.4158
vn -0.9390 0.2584 0.2269
vn -0.9720 -0.1592 0.1727
vn -0.9759 -0.0035 -0.2183
vn -0.6557 0.6302 0.4158
vn -0.8912 0.0952 -0.4435
vn -0.9879 -0.0991 0.1190
vn -0.9363 -0.2616 -0.2343
vn -0.9813 -0.0620 0.1820
vn -0.7093 0.1913 -0.6785
vn -0.5650 0.1960 -0.8015
vn -0.9585 -0.1612 -0.2351
vn -0.9585 -0.1612 -0.2352
vn -0.9691 -0.1058 -0.2229
vn -0.2681 -0.5501 -0.7909
vn 0.0912 -0.7263 -0.6813
vn -0.3981 -0.6832 -0.6122
vn -0.0352 -0.8569 -0.5143
vn -0.4543 -0.1252 -0.8820
vn -0.8499 -0.2626 -0.4569
vn -0.9642 -0.1222 -0.2353
vn -0.9304 0.1692 -0.3250
vn -0.5967 -0.3110 -0.7398
vn -0.9771 -0.0446 -0.2080
vn -0.5495 -0.3970 -0.7352
vn -0.9769 -0.0642 -0.2040
vn -0.4837 -0.3246 -0.8128
vn -0.3403 -0.2470 -0.9073
vn -0.3902 -0.3086 -0.8675
vn -0.9363 -0.2617 -0.2343
vn -0.1770 -0.4129 -0.8934
vn -0.9531 -0.2249 -0.2024
vn -0.7909 0.0373 -0.6108
vn -0.4543 -0.1251 -0.8820
vn -0.8499 -0.2625 -0.4569
vn -0.7494 0.6383 -0.1757
vn -0.9379 0.2736 -0.2132
vn -0.7079 0.6785 0.1961
vn -0.9531 -0.2249 -0.2025
vn -0.9691 -0.1057 -0.2229
vn -0.8245 0.5650 0.0316
vn -0.8591 0.5117 -0.0086
vn -0.9585 -0.1611 -0.2352
vn -0.9642 -0.1221 -0.2353
vn -0.8264 0.5630 -0.0126
vn -0.7908 0.0372 -0.6109
vn -0.6735 -0.5199 -0.5254
vn -0.6591 0.7217 0.2115
vn -0.9345 -0.3498 0.0664
vn 0.5136 0.6335 0.5787
vn 0.0797 0.6336 0.7696
vn 0.2291 0.2572 0.9388
vn 0.0244 -0.8942 -0.4471
vn 0.6907 -0.5700 -0.4449
vn 0.6682 -0.6843 -0.2919
vn -0.3508 -0.9248 0.1472
vn 0.8587 0.1094 0.5007
vn 0.4761 -0.8485 0.2311
vn 0.8587 0.1095 0.5007
vn 0.8075 0.3480 0.4762
vn 0.4761 -0.8485 0.2310
vn 0.6908 -0.5700 -0.4449
vn 0.6683 -0.6843 -0.2919
vn 0.1188 -0.5766 0.8083
vn -0.3508 -0.9248 0.1470
vn -0.4957 -0.5565 0.6667
vn 0.7020 -0.6255 -0.3407
vn 0.7019 -0.6255 -0.3407
vn -0.7093 0.1912 -0.6785
vn -0.1462 0.8173 -0.5574
vn -0.2508 0.9674 -0.0339
vn -0.1750 0.9844 -0.0165
vn -0.3643 0.3749 -0.8525
vn -0.4162 0.9072 -0.0613
vn -0.6102 0.7809 0.1337
vn -0.4182 0.9047 -0.0817
vn -0.5743 0.5587 -0.5984
vn -0.9688 -0.2240 -0.1059
vn -0.0172 -0.1313 -0.9912
vn 0.6008 0.7993 0.0102
vn 0.4280 0.8664 0.2573
vn 0.2067 0.8470 0.4897
vn -0.3130 0.5071 0.8030
vn -0.2365 0.5569 0.7962
vn -0.0873 0.7044 0.7044
vn 0.0331 0.7133 0.7000
vn -0.8187 -0.1965 0.5396
vn -0.5226 0.2789 0.8057
vn -0.6938 -0.1501 0.7044
vn -0.5149 0.2459 0.8212
vn -0.2842 0.5091 0.8124
vn -0.9472 0.1379 0.2895
vn -0.6433 0.4251 0.6367
vn -0.9071 -0.0007 0.4209
vn -0.6023 0.3112 0.7351
vn -0.1112 0.1526 -0.9820
vn -0.7153 -0.2409 0.6560
vn -0.5764 0.6900 0.4378
vn -0.9070 0.2309 -0.3521
vn -0.5950 -0.7788 0.1985
vn -0.6030 -0.6740 -0.4267
vn -0.5862 -0.8101 -0.0036
vn -0.6648 -0.7432 -0.0760
vn -0.8329 -0.5383 0.1285
vn -0.7080 -0.6390 0.3007
vn -0.4039 -0.6467 0.6470
vn -0.2932 -0.8956 -0.3344
vn -0.9357 0.1842 0.3010
vn -0.9658 0.1464 0.2139
vn -0.3420 -0.4936 -0.7996
vn -0.1023 -0.5474 -0.8306
vn -0.3443 -0.1163 0.9316
vn -0.7814 0.0836 0.6184
vn -0.4433 -0.0740 0.8933
vn -0.8381 0.0630 0.5419
vn 0.5435 -0.3466 0.7645
vn 0.5315 -0.2364 0.8134
vn -0.8079 0.2576 0.5301
vn 0.2006 -0.2831 0.9379
vn 0.1416 -0.1939 0.9708
vn 0.4819 -0.7794 0.4003
vn 0.3273 -0.7198 0.6122
vn 0.4561 -0.5465 0.7024
vn 0.7345 -0.6594 -0.1605
vn 0.6599 -0.7346 0.1577
vn 0.6494 -0.1889 -0.7366
vn 0.7584 -0.4814 -0.4393
vn 0.7746 -0.2246 -0.5913
vn 0.8710 -0.3979 -0.2882
vn 0.2953 0.2653 -0.9178
vn 0.4428 0.0836 -0.8927
vn 0.0400 -0.5674 0.8225
vn -0.3885 -0.1996 0.8996
vn 0.1354 -0.4339 0.8907
vn -0.3050 -0.1970 0.9318
vn -0.4637 -0.8141 0.3495
vn -0.4274 -0.9033 0.0353
vn -0.3533 -0.8804 0.3165
vn -0.2670 -0.9630 0.0365
vn 0.8052 -0.3782 -0.4568
vn 0.7190 0.2200 -0.6592
vn 0.1930 0.8295 -0.5240
vn -0.4284 -0.1316 0.8940
vn -0.5139 -0.5927 0.6202
vn -0.3969 -0.2509 0.8829
vn -0.4107 -0.6782 0.6094
vn 0.1730 0.8282 0.5330
vn 0.0045 0.6646 0.7472
vn 0.0385 0.8529 0.5206
vn -0.0967 0.6628 0.7425
vn 0.1206 -0.3170 -0.9407
vn -0.1144 -0.2060 -0.9718
vn -0.2035 0.3680 0.9073
vn -0.2560 0.3120 0.9149
vn 0.2697 0.4765 0.8368
vn 0.3502 0.7137 0.6067
vn 0.1411 0.5744 0.8063
vn -0.4841 -0.8662 0.1238
vn -0.0510 0.2799 0.9587
vn -0.4280 -0.0325 0.9032
vn -0.1326 0.3225 0.9372
vn -0.4660 -0.1080 0.8782
vn 0.7213 -0.3942 0.5695
vn 0.8136 -0.4841 0.3220
vn 0.7619 -0.3066 0.5705
vn 0.8563 -0.3976 0.3296
vn -0.5504 -0.5108 0.6604
vn 0.0597 0.1057 0.9926
vn 0.4999 -0.2134 0.8394
vn 0.0641 0.1545 0.9859
vn 0.5286 -0.1341 0.8382
vn 0.5357 -0.5752 0.6182
vn 0.6278 -0.6812 0.3767
vn 0.6586 -0.4852 0.5752
vn 0.7488 -0.5769 0.3261
vn 0.8136 -0.2955 -0.5007
vn -0.2179 -0.7779 -0.5895
vn 0.0065 0.0297 0.9995
vn 0.3458 -0.3373 0.8756
vn 0.0370 0.0651 0.9972
vn 0.4492 -0.2921 0.8443
vn 0.7907 -0.1777 0.5858
vn 0.8963 -0.2686 0.3529
vn 0.8193 -0.1101 0.5627
vn 0.9196 -0.1959 0.3405
vn 0.9594 -0.2820 -0.0001
vn 0.2600 -0.5301 -0.8071
vn 0.0404 0.2130 0.9762
vn 0.5363 -0.0219 0.8438
vn 0.1133 0.2171 0.9696
vn 0.5910 0.0195 0.8064
vn -0.4634 -0.8758 0.1353
vn -0.7510 0.5890 0.2984
vn -0.6311 0.5329 0.5637
vn -0.7853 0.5476 0.2890
vn -0.6878 0.5193 0.5073
vn -0.2929 -0.7654 0.5730
vn -0.3524 0.3770 0.8566
vn -0.4357 0.4199 0.7962
vn -0.5907 0.7533 0.2890
vn -0.5154 0.6602 0.5464
vn -0.7007 0.6505 0.2932
vn -0.6003 0.5821 0.5484
vn 0.4169 -0.9052 0.0830
vn -0.4633 -0.8758 0.1353
vn -0.2928 -0.7654 0.5730
vn -0.3405 0.4439 0.8289
vn -0.3795 0.4099 0.8294
vn -0.4893 0.8221 0.2911
vn -0.4344 0.7122 0.5515
vn 0.1311 0.9666 -0.2203
vn -0.3945 0.8564 -0.3330
vn -0.3866 0.8797 -0.2770
vn 0.4791 0.8482 0.2258
vn -0.2973 0.4697 0.8312
vn -0.0460 0.0673 0.9967
vn -0.8470 0.4599 0.2665
vn -0.7321 0.4546 0.5073
vn -0.8751 0.3928 0.2827
vn -0.7502 0.4049 0.5227
vn -0.9388 0.3443 -0.0120
vn 0.1094 0.9533 0.2815
vn 0.8995 0.3988 0.1783
vn -0.4626 0.3935 0.7945
vn -0.4314 0.3692 0.8231
vn 0.7515 0.6460 0.1343
vn 0.6447 -0.5951 -0.4798
vn -0.3110 -0.9165 -0.2515
vn -0.3386 0.5790 -0.7417
vn -0.7069 0.0617 -0.7046
vn -0.1895 -0.8683 -0.4584
vn 0.7507 -0.6409 0.1602
vn 0.8039 -0.5938 0.0344
vn 0.5241 0.8123 -0.2558
vn 0.8997 0.3790 -0.2165
vn 0.1134 -0.8750 -0.4706
vn -0.3060 0.5963 -0.7422
vn 0.9247 -0.2657 -0.2727
vn 0.3298 0.6077 -0.7225
vn 0.8106 -0.3415 -0.4757
vn 0.1083 -0.9793 0.1713
vn 0.0360 -0.9982 0.0476
vn -0.9729 0.0238 -0.2300
vn -0.8269 -0.5304 -0.1868
vn -0.0759 0.7090 0.7011
vn -0.8140 0.5752 0.0805
vn -0.0623 -0.4826 0.8736
vn 0.4330 -0.0889 0.8970
vn -0.4387 -0.6677 0.6015
vn -0.7908 -0.5421 -0.2843
vn -0.9668 -0.2400 -0.0881
vn -0.9356 -0.3524 0.0198
vn 0.5387 -0.4158 0.7327
vn 0.7687 0.1390 0.6244
vn 0.8918 0.0247 0.4517
vn -0.9861 -0.1363 -0.0952
vn -0.9535 0.1858 0.2373
vn -0.7143 0.4617 0.5260
vn 0.9737 0.1710 0.1505
vn 0.8813 0.3615 0.3044
vn 0.0698 -0.5443 0.8360
vn -0.8963 0.4096 -0.1699
vn -0.8382 0.4362 -0.3274
vn 0.7114 0.0585 0.7004
vn 0.9484 0.2945 0.1171
vn -0.1405 -0.3028 0.9426
vn 0.7445 -0.6602 0.0986
vn 0.6140 -0.6951 0.3739
vn 0.3475 -0.8086 0.4748
vn -0.2239 -0.6579 -0.7190
vn 0.0391 -0.5061 -0.8616
vn 0.7494 -0.5784 -0.3222
vn 0.8024 -0.4021 -0.4410
vn -0.9549 -0.2898 -0.0654
vn -0.9259 -0.0965 -0.3651
vn -0.8029 0.4039 0.4384
vn -0.7830 0.4850 0.3896
vn -0.3553 0.7189 -0.5975
vn -0.1210 0.5886 -0.7993
vn -0.7113 0.2174 0.6684
vn -0.7073 0.1085 0.6986
vn -0.7789 0.4741 0.4106
vn -0.8776 0.3539 0.3234
vn -0.7760 -0.0540 0.6284
vn 0.8135 -0.3150 -0.4888
vn -0.2004 -0.2958 -0.9340
vn 0.6812 0.3048 -0.6656
vn -0.9036 0.1489 -0.4017
vn -0.6123 0.7835 -0.1063
vn -0.6940 0.7121 0.1060
vn -0.4693 0.8092 -0.3535
vn -0.2474 0.7514 -0.6117
vn 0.0572 0.5601 -0.8265
vn 0.6774 -0.3361 -0.6544
vn 0.7065 -0.5877 -0.3942
vn 0.6698 -0.7204 -0.1802
vn 0.5918 -0.8051 0.0409
vn 0.4589 -0.8415 0.2852
vn 0.2765 -0.8069 0.5220
vn 0.0320 -0.6759 0.7363
vn -0.4193 -0.2322 0.8776
vn -0.7077 0.3115 0.6341
vn -0.7413 0.5596 0.3706
vn -0.7911 -0.5776 0.2012
vn -0.6521 -0.7128 0.2581
vn -0.7145 -0.3996 0.5743
vn -0.6308 -0.4940 0.5984
vn -0.6224 -0.7814 -0.0457
vn -0.8074 0.3724 0.4577
vn -0.1312 -0.8617 0.4901
vn -0.2265 0.3106 -0.9232
vn 0.5288 0.5397 -0.6551
vn -0.8671 0.4720 -0.1593
vn -0.7405 0.6000 0.3027
vn -0.7675 0.5314 0.3585
vn 0.1607 0.8470 -0.5067
vn -0.7983 0.0083 -0.6022
vn -0.8497 -0.5053 0.1507
vn -0.7842 -0.3718 0.4967
vn -0.1840 0.1472 -0.9718
vn 0.5651 0.4923 -0.6620
vn 0.7110 0.2388 -0.6614
vn -0.7649 -0.0953 0.6371
vn -0.9793 -0.1415 -0.1449
vn -0.7652 -0.0954 0.6367
vn 0.8006 -0.0647 0.5957
vn 0.9503 0.0231 0.3103
vn -0.1468 0.1767 0.9733
vn 0.0438 0.4666 0.8834
vn 0.4005 0.4275 0.8105
vn 0.0804 0.2863 0.9548
vn -0.4502 -0.0494 0.8916
vn 0.4532 -0.6764 0.5806
vn 0.2756 -0.4151 0.8670
vn 0.5338 -0.7802 0.3261
vn 0.4352 -0.7206 0.5397
vn 0.3027 -0.5275 0.7938
vn 0.5112 -0.8160 0.2697
vn 0.8520 0.3132 0.4196
vn -0.0118 0.6671 0.7449
vn -0.4769 0.8454 0.2405
vn -0.4294 0.7389 0.5194
vn -0.3215 0.5313 0.7838
vn -0.0194 -0.0038 0.9998
vn 0.6004 0.7876 0.1384
vn -0.3339 0.7811 0.5277
vn 0.2517 0.6170 0.7456
vn 0.7189 0.6694 0.1871
vn -0.1459 0.3435 0.9277
vn -0.1151 -0.9901 0.0802
vn -0.2330 -0.9552 -0.1826
vn 0.0320 -0.9806 -0.1933
vn -0.1152 -0.9901 0.0802
vn -0.4086 -0.9126 0.0133
vn -0.2331 -0.9552 -0.1826
vn -0.1152 -0.9901 0.0803
vn -0.4076 -0.8867 0.2184
vn -0.4086 -0.9126 0.0134
vn -0.2375 -0.9100 0.3398
vn 0.0098 -0.9434 0.3316
vn -0.2374 -0.9100 0.3398
vn -0.1151 -0.9901 0.0803
vn 0.1748 -0.9736 0.1465
vn 0.0099 -0.9434 0.3315
vn 0.1925 -0.9793 -0.0630
vn 0.1748 -0.9737 0.1465
vn 0.5129 0.0030 -0.8584
vn -0.2679 0.1644 -0.9493
vn 0.3520 0.0206 -0.9358
vn -0.8670 0.2455 -0.4336
vn -0.9232 0.2070 -0.3238
vn -0.9023 0.1567 0.4015
vn -0.4978 0.0984 0.8617
vn -0.3404 0.0497 0.9390
vn 0.2921 -0.0261 0.9560
vn 0.4129 -0.0836 0.9069
vn 0.8950 -0.1066 0.4332
vn 0.9329 -0.1579 0.3237
vn 0.9464 -0.1238 -0.2983
vn 0.9075 -0.1266 -0.4004
vn 0.2177 0.0133 -0.9759
vn -0.5248 0.1393 -0.8397
vn -0.9599 0.1837 -0.2117
vn -0.8328 0.1204 0.5404
vn -0.2178 -0.0133 0.9759
vn 0.9599 -0.1837 0.2117
vn 0.8327 -0.1205 -0.5404
vn 0.3473 0.7860 -0.5114
vn -0.0974 0.8648 -0.4925
vn 0.1763 0.9829 0.0527
vn -0.0975 0.8648 -0.4925
vn -0.4018 0.9016 -0.1601
vn 0.1764 0.9829 0.0527
vn -0.3872 0.8749 0.2910
vn -0.0626 0.8003 0.5964
vn -0.0625 0.8002 0.5964
vn 0.3821 0.7215 0.5774
vn 0.1764 0.9829 0.0526
vn 0.3822 0.7215 0.5774
vn 0.6863 0.6847 0.2452
vn 0.6864 0.6847 0.2451
vn 0.6720 0.7114 -0.2057
vn -0.4697 0.0369 0.8821
vn -0.2177 -0.0133 0.9759
vn 0.2796 -0.1015 0.9547
vn 0.8650 -0.1805 0.4681
vn 0.9599 -0.1837 0.2116
vn 0.9438 -0.1537 -0.2927
vn 0.4696 -0.0369 -0.8821
vn 0.2178 0.0133 -0.9759
vn -0.2796 0.1014 -0.9547
vn -0.8651 0.1804 -0.4681
vn -0.9599 0.1837 -0.2116
vn -0.9438 0.1537 0.2926
vn -0.8327 0.1205 0.5404
vn -0.9438 0.1537 0.2927
vn -0.8327 0.1204 0.5405
vn 0.1506 0.9886 -0.0041
vn -0.0657 -0.4630 0.8839
vn -0.3381 -0.7219 0.6038
vn 0.0777 -0.9950 0.0632
vn -0.1061 -0.9556 -0.2750
vn -0.2644 0.2924 0.9190
vn 0.2124 0.3994 0.8918
vn 0.1403 0.9607 0.2396
vn 0.0913 0.9779 0.1882
vn 0.6671 0.6681 0.3294
vn -0.1549 -0.9658 -0.2078
vn -0.6539 -0.4460 0.6111
vn -0.8016 -0.4615 -0.3801
vn -0.4690 0.5679 0.6764
vn 0.9244 -0.2106 0.3179
vn -0.1290 -0.9903 0.0509
vn -0.6430 -0.5486 0.5345
vn -0.7452 -0.6412 0.1829
vn -0.5305 -0.8011 0.2772
vn -0.6430 -0.5486 0.5344
vn -0.8732 -0.4042 0.2722
vn -0.7453 -0.6412 0.1829
vn -0.6430 -0.5485 0.5344
vn -0.8395 -0.2287 0.4928
vn -0.8732 -0.4041 0.2723
vn -0.6430 -0.5485 0.5345
vn -0.6638 -0.2178 0.7155
vn -0.8395 -0.2287 0.4929
vn -0.4491 -0.3776 0.8098
vn -0.3211 -0.6147 0.7205
vn -0.4490 -0.3777 0.8098
vn -0.3548 -0.7901 0.4999
vn -0.3211 -0.6147 0.7204
vn 0.3400 -0.7617 -0.5515
vn 0.2282 -0.7558 -0.6137
vn -0.9896 0.0265 0.1411
vn -0.8872 -0.2551 -0.3845
vn 0.7711 -0.1205 0.6252
vn 0.7818 -0.2538 0.5695
vn 0.7602 -0.6455 0.0733
vn 0.6909 -0.7224 -0.0264
vn 0.1216 -0.7461 -0.6546
vn -0.4743 -0.2364 -0.8480
vn -0.7494 0.4349 -0.4993
vn -0.5657 0.8175 0.1075
vn -0.0733 0.7573 0.6489
vn 0.4977 0.2583 0.8280
vn 0.7790 -0.3852 0.4948
vn 0.6187 -0.7792 -0.1008
vn 0.7747 0.2676 -0.5729
vn 0.5461 0.4628 -0.6983
vn 0.6900 0.5905 -0.4186
vn 0.5461 0.4629 -0.6983
vn 0.3848 0.7192 -0.5785
vn 0.3788 0.8469 -0.3732
vn 0.6899 0.5906 -0.4186
vn 0.5114 0.8332 -0.2103
vn 0.7517 0.6475 -0.1252
vn 0.6900 0.5906 -0.4186
vn 0.8981 0.3896 -0.2039
vn 0.6900 0.5906 -0.4185
vn 0.8981 0.3896 -0.2040
vn 0.8976 0.2461 -0.3657
vn 0.6900 0.5905 -0.4185
vn -0.7101 0.6454 0.2814
vn -0.4739 0.1752 0.8629
vn -0.8116 -0.3037 0.4990
vn -0.1458 0.4409 0.8856
vn 0.2566 -0.3487 -0.9014
vn 0.4112 -0.5961 -0.6896
vn 0.3992 0.5949 -0.6976
vn 0.6229 0.4915 -0.6086
vn 0.6430 0.5485 -0.5345
vn 0.6279 0.6981 -0.3441
vn 0.7311 0.4552 -0.5082
vn 0.5280 0.6019 -0.5991
vn 0.5280 0.6020 -0.5990
vn 0.3699 0.7880 -0.4922
vn 0.6279 0.6982 -0.3441
vn 0.3463 0.8850 -0.3112
vn 0.4782 0.8656 -0.1485
vn 0.6279 0.6981 -0.3440
vn 0.6745 0.7353 -0.0659
vn 0.8161 0.5543 -0.1635
vn 0.6280 0.6981 -0.3440
vn 0.8383 0.4318 -0.3330
vn 0.3786 -0.7764 -0.5038
vn 0.2563 -0.7349 -0.6279
vn -0.2782 -0.4627 -0.8417
vn -0.7677 0.1258 -0.6283
vn -0.7907 0.6076 -0.0745
vn -0.7517 0.6592 0.0211
vn -0.2986 0.6881 0.6613
vn 0.1957 0.3703 0.9081
vn 0.3224 0.3063 0.8957
vn 0.6875 -0.2247 0.6905
vn 0.7538 -0.2770 0.5959
vn 0.7559 -0.6478 0.0953
vn 0.7337 -0.6795 -0.0070
vn 0.1690 -0.6736 -0.7195
vn -0.4421 -0.2364 -0.8653
vn -0.7942 0.3393 -0.5042
vn -0.6810 0.7162 0.1523
vn -0.1690 0.6736 0.7195
vn 0.4421 0.2364 0.8653
vn 0.7942 -0.3393 0.5042
vn 0.6810 -0.7162 -0.1523
vn -0.3080 -0.9514 0.0050
vn -0.5838 -0.6566 0.4776
vn -0.6747 -0.7260 -0.1333
vn -0.6747 -0.7259 -0.1333
vn -0.5837 -0.6567 0.4775
vn -0.9221 -0.3857 0.0322
vn -0.9221 -0.3856 0.0323
vn -0.9052 -0.1299 0.4047
vn -0.6341 -0.1084 0.7656
vn -0.6340 -0.1085 0.7656
vn -0.5838 -0.6567 0.4775
vn -0.2675 -0.3338 0.9039
vn -0.5838 -0.6566 0.4775
vn -0.0202 -0.6740 0.7385
vn -0.0201 -0.6741 0.7384
vn -0.0369 -0.9298 0.3662
vn -0.3080 -0.9514 0.0051
vn 0.3778 -0.7403 -0.5560
vn -0.2410 -0.4216 -0.8742
vn -0.7187 0.1441 -0.6802
vn -0.7942 0.3393 -0.5041
vn -0.7753 0.6254 -0.0878
vn -0.3795 0.7388 0.5568
vn 0.2410 0.4216 0.8742
vn 0.7187 -0.1442 0.6802
vn 0.7942 -0.3393 0.5041
vn 0.7753 -0.6254 0.0879
vn 0.6810 -0.7163 -0.1524
vn -0.6042 -0.6761 0.4217
vn -0.0516 -0.1854 -0.9813
vn 0.0113 0.8073 -0.5900
vn -0.6652 0.1804 -0.7245
vn 0.6193 0.6902 -0.3743
vn -0.2090 0.9690 -0.1322
vn 0.0126 0.9024 -0.4306
vn -0.2586 0.8369 -0.4824
vn -0.2090 0.9690 -0.1321
vn -0.4920 0.8082 -0.3235
vn -0.4921 0.8082 -0.3235
vn -0.5509 0.8332 -0.0470
vn -0.2089 0.9690 -0.1321
vn -0.4007 0.8973 0.1852
vn -0.1295 0.9628 0.2370
vn -0.1294 0.9628 0.2370
vn 0.1040 0.9915 0.0781
vn 0.1628 0.9665 -0.1984
vn 0.0127 0.9025 -0.4306
vn 0.6789 -0.0521 -0.7324
vn 0.5798 -0.0480 -0.8134
vn -0.1532 -0.2625 -0.9527
vn -0.0727 -0.2002 -0.9770
vn -0.8483 -0.3372 -0.4083
vn -0.7130 -0.2993 -0.6341
vn -0.9052 -0.2466 0.3460
vn -0.9620 -0.2571 0.0918
vn -0.4202 -0.0658 0.9050
vn -0.6507 -0.0999 0.7528
vn 0.1935 0.0756 0.9782
vn 0.1266 0.0966 0.9872
vn 0.7280 0.1474 0.6695
vn 0.8165 0.1894 0.5454
vn 0.9926 0.1077 -0.0567
vn 0.9729 0.1186 -0.1986
vn 0.4838 -0.0343 -0.8745
vn -0.3024 -0.2111 -0.9295
vn -0.8863 -0.2670 -0.3783
vn -0.9175 -0.1774 0.3560
vn -0.4496 0.0009 0.8932
vn 0.3092 0.1727 0.9352
vn 0.8834 0.2209 0.4134
vn 0.9407 0.1354 -0.3111
vn 0.4719 -0.8816 -0.0126
vn 0.2300 -0.9382 0.2586
vn 0.1683 -0.9831 -0.0721
vn 0.1682 -0.9831 -0.0721
vn 0.2300 -0.9382 0.2587
vn -0.1022 -0.9887 0.1093
vn -0.1685 -0.9275 0.3337
vn -0.0346 -0.8692 0.4932
vn 0.2631 -0.8052 0.5314
vn 0.2632 -0.8052 0.5314
vn 0.2301 -0.9382 0.2587
vn 0.5238 -0.7650 0.3747
vn 0.5239 -0.7650 0.3747
vn 0.2301 -0.9382 0.2586
vn 0.5954 -0.7849 0.1716
vn 0.4719 -0.8816 -0.0125
vn 0.2089 -0.9690 0.1321
vn -0.0787 -0.2195 -0.9724
vn 0.6353 -0.0381 -0.7713
vn -0.7383 -0.3107 -0.5987
vn -0.9571 -0.2584 0.1310
vn -0.6070 -0.0932 0.7892
vn 0.1070 0.0882 0.9903
vn 0.4393 0.3430 -0.8303
vn -0.2477 0.1783 -0.9523
vn -0.8324 0.1079 -0.5436
vn -0.9724 0.1732 0.1564
vn -0.5856 0.3359 0.7377
vn 0.1013 0.5006 0.8597
vn 0.1357 0.7353 -0.6641
vn -0.3376 0.6282 -0.7010
vn -0.7076 0.5912 -0.3870
vn -0.7575 0.6460 0.0939
vn -0.4582 0.7605 0.4601
vn 0.0151 0.8676 0.4970
vn 0.3850 0.9046 0.1831
vn 0.4350 0.8497 -0.2979
vn 0.1995 -0.4079 -0.8910
vn 0.0863 -0.2846 -0.9548
vn 0.1079 -0.2364 -0.9656
vn -0.3246 0.5922 -0.7375
vn -0.0686 0.0979 -0.9928
vn 0.6182 0.2180 -0.7552
vn 0.5192 0.2036 -0.8300
vn 0.3716 0.1280 -0.9195
vn 0.4517 0.1347 -0.8819
vn -0.3916 0.5222 -0.7576
vn -0.5917 0.7669 0.2486
vn 0.0026 0.9996 -0.0268
vn 0.3040 0.9228 -0.2366
vn -0.1913 0.9742 0.1200
vn -0.1539 0.9703 0.1865
vn -0.4494 0.8610 0.2383
vn -0.4039 0.8853 0.2303
vn -0.4494 0.8610 0.2382
vn -0.4293 0.8015 -0.4164
vn 0.1601 -0.2457 -0.9560
vn -0.5967 -0.3111 -0.7397
vn -0.5495 -0.3970 -0.7351
vn -0.3403 -0.2471 -0.9073
vn -0.2296 0.6075 -0.7604
vn -0.1770 -0.4128 -0.8935
vn -0.7909 0.0372 -0.6108
vn -0.2911 0.9252 0.2435
vn -0.8591 0.5118 -0.0086
vn -0.7495 0.6383 -0.1758
vn -0.9391 0.2681 -0.2152
vn -0.8245 0.5650 0.0317
vn -0.7080 0.6785 0.1961
vn -0.4954 0.8372 0.2318
vn -0.5721 0.4032 0.7142
vn -0.0542 0.9974 0.0474
vn -0.0002 0.9261 -0.3772
vn -0.5827 -0.2314 0.7790
vn -0.8520 -0.2132 0.4783
vn -0.3990 0.7736 0.4924
vn -0.0081 0.0480 0.9988
vn -0.7626 0.4661 0.4486
vn -0.4103 0.7625 -0.5002
vn -0.2217 0.3917 -0.8930
vn 0.2477 0.6982 -0.6717
vn 0.5082 0.8029 -0.3116
vn -0.8873 -0.3363 0.3155
vn -0.9371 -0.1120 0.3306
vn -0.9859 0.1231 0.1132
vn -0.5464 0.7752 0.3170
vn -0.0739 0.9663 -0.2465
vn 0.3778 0.9169 -0.1290
vn -0.9378 -0.0152 0.3468
vn -0.5734 0.8161 0.0725
vn -0.5769 0.7851 0.2252
vn 0.3018 0.9497 -0.0836
vn -0.8907 -0.3139 0.3289
vn 0.5968 0.7679 -0.2328
vn 0.4079 0.8900 -0.2035
vn 0.5968 0.7679 -0.2327
vn -0.8204 0.1706 0.5457
vn -0.9265 -0.1397 0.3494
vn 0.1090 0.9877 0.1118
vn 0.3654 0.7952 -0.4839
vn -0.9736 0.0744 -0.2157
vn -0.9297 -0.2233 0.2930
vn -0.8941 -0.4295 0.1270
vn 0.5459 0.8108 -0.2114
vn 0.6171 0.7093 -0.3407
vn -0.7489 -0.6340 0.1928
vn -0.7886 -0.6094 -0.0826
vn 0.1744 -0.1936 -0.9655
vn 0.4697 0.3440 -0.8130
vn -0.0724 -0.2286 -0.9708
vn -0.3815 -0.6914 -0.6135
vn -0.5619 -0.6606 -0.4980
vn -0.5287 -0.7968 -0.2927
vn 0.3135 0.3506 -0.8825
vn -0.6165 -0.3736 -0.6930
vn 0.7582 0.5788 -0.3002
vn 0.6736 0.5800 -0.4581
vn 0.6187 0.5275 -0.5823
vn 0.5622 0.4280 -0.7077
vn 0.6068 0.6021 -0.5189
vn 0.1553 0.6259 -0.7643
vn -0.4629 -0.5217 -0.7166
vn 0.3180 0.1331 -0.9387
vn -0.5951 -0.7469 -0.2965
vn -0.2856 -0.5721 -0.7689
vn 0.0758 -0.2171 -0.9732
vn -0.5224 -0.8105 -0.2649
vn -0.4187 -0.8160 -0.3986
vn 0.2318 -0.4278 -0.8736
vn 0.6439 0.6460 -0.4101
vn -0.4163 -0.7666 -0.4889
vn 0.1338 -0.3245 -0.9364
vn 0.6342 0.5496 -0.5438
vn -0.4872 -0.8315 -0.2669
vn -0.2579 -0.8704 -0.4194
vn 0.0694 -0.3718 -0.9257
vn 0.3544 -0.6241 -0.6963
vn 0.8012 0.2559 -0.5410
vn -0.3928 -0.8102 -0.4351
vn 0.6708 0.6080 -0.4247
vn 0.5629 0.6360 -0.5279
vn 0.6279 0.7071 -0.3251
vn 0.6511 0.6813 -0.3345
vn 0.0102 0.7099 0.7042
vn -0.7736 0.5188 -0.3639
vn -0.7904 0.6096 0.0601
vn 0.6702 0.5886 0.4521
vn 0.5411 0.3606 0.7597
vn 0.0589 0.8988 0.4345
vn -0.7337 0.1812 -0.6548
vn -0.9572 0.0356 -0.2873
vn 0.7874 0.5458 0.2867
vn 0.4589 0.8841 0.0883
vn 0.6310 0.7139 0.3036
vn -0.7590 0.6072 -0.2350
vn -0.3217 0.8936 0.3131
vn -0.9721 0.2120 -0.1004
vn 0.5520 0.7695 0.3212
vn -0.3151 0.9230 0.2207
vn -0.3467 0.9354 0.0687
vn -0.9533 0.2965 -0.0583
vn 0.7714 0.5609 0.3006
vn -0.9798 -0.0383 -0.1964
vn -0.9693 0.1724 -0.1753
vn -0.9798 -0.0382 -0.1964
vn 0.3388 0.7800 0.5262
vn 0.6483 0.6898 0.3223
vn -0.8694 0.4755 0.1346
vn -0.8751 0.1408 -0.4630
vn 0.4796 0.8423 -0.2460
vn 0.7128 0.6534 0.2549
vn 0.8601 0.5007 0.0976
vn -0.9836 0.0128 -0.1799
vn -0.9426 -0.1125 -0.3143
vn 0.9480 0.2506 0.1963
vn 0.9479 0.3003 -0.1059
vn 0.0350 -0.2670 -0.9631
vn 0.2033 -0.0834 -0.9756
vn -0.5711 -0.2042 -0.7951
vn 0.7692 -0.0853 -0.6333
vn 0.8488 0.0824 -0.5222
vn 0.9479 -0.0191 -0.3181
vn -0.4900 -0.0727 -0.8687
vn 0.6379 0.2871 -0.7146
vn -0.9139 -0.3019 -0.2715
vn -0.8713 -0.2337 -0.4315
vn -0.8003 -0.2199 -0.5579
vn -0.8534 -0.1670 -0.4938
vn -0.6897 -0.2314 -0.6861
vn -0.6244 0.2152 -0.7509
vn -0.3148 -0.2002 -0.9278
vn 0.6725 0.0764 -0.7362
vn 0.9442 0.0639 -0.3230
vn 0.6124 -0.0991 -0.7843
vn 0.1099 -0.1991 -0.9738
vn 0.9564 -0.0316 -0.2903
vn 0.8987 -0.1221 -0.4212
vn 0.1982 -0.4455 -0.8731
vn -0.9076 -0.1712 -0.3834
vn 0.8542 -0.0974 -0.5108
vn 0.1666 -0.3072 -0.9369
vn -0.8263 -0.2196 -0.5186
vn 0.9537 -0.0726 -0.2917
vn 0.8521 -0.2858 -0.4385
vn 0.2954 -0.6552 -0.6953
vn 0.2424 -0.2807 -0.9287
vn -0.6785 -0.5234 -0.5155
vn 0.8783 -0.1407 -0.4569
vn -0.8919 -0.2150 -0.3978
vn -0.8568 -0.1117 -0.5035
vn -0.9467 -0.1223 -0.2980
vn -0.9388 -0.1561 -0.3072
vn -0.6518 0.4305 0.6243
vn -0.1471 0.7767 0.6124
vn -0.0018 0.6428 0.7661
vn -0.2033 0.4576 0.8656
vn -0.6825 0.7176 -0.1390
vn -0.2340 0.9720 0.0229
vn -0.1599 0.9662 -0.2024
vn -0.4757 0.6935 -0.5411
vn -0.1028 0.7263 0.6797
vn -0.4555 0.5533 0.6974
vn -0.6696 0.6821 0.2940
vn -0.2437 0.8993 0.3632
vn -0.0439 0.8447 0.5334
vn -0.1731 0.8275 0.5341
vn 0.2457 0.8459 0.4734
vn 0.2530 0.8361 0.4868
vn -0.5512 -0.6083 -0.5711
vn -0.5874 -0.7635 -0.2682
vn -0.8946 -0.4262 -0.1343
vn -0.8536 -0.1918 -0.4844
vn -0.4619 -0.8823 0.0905
vn -0.7334 -0.6255 0.2663
vn 0.0237 -0.9834 -0.1798
vn -0.1541 -0.9447 0.2894
vn 0.0827 -0.8351 0.5438
vn 0.6991 -0.6981 0.1546
vn 0.8479 0.5119 0.1380
vn 0.8672 0.4806 0.1307
vn 0.9732 -0.1957 -0.1206
vn 0.9659 -0.1601 -0.2037
vn -0.1229 -0.9272 0.3538
vn 0.1871 -0.8018 0.5676
vn 0.5331 -0.7769 -0.3352
vn 0.5376 -0.7444 -0.3961
vn 0.1103 -0.8509 -0.5135
vn -0.2647 -0.8433 -0.4677
vn -0.2726 -0.8206 -0.5023
vn 0.0321 -0.8300 -0.5568
vn -0.1786 -0.5299 -0.8291
vn 0.0623 -0.8440 -0.5327
vn 0.6669 -0.3306 -0.6678
vn 0.0694 -0.1788 -0.9814
vn -0.7991 0.5643 -0.2074
vn -0.2366 0.9699 -0.0569
vn -0.0493 0.6950 0.7173
vn -0.5574 0.3592 0.7485
vn 0.6167 0.5992 0.5106
vn 0.4129 0.5659 0.7136
vn 0.4305 0.9018 0.0370
vn 0.7460 0.4124 -0.5228
vn 0.8356 0.1154 0.5370
vn 0.3995 0.7198 0.5676
vn 0.8100 0.5318 0.2470
vn 0.9960 -0.0150 -0.0878
vn -0.9647 0.1852 0.1872
vn -0.3325 0.8111 0.4812
vn -0.1471 0.7768 0.6124
vn -0.6518 0.4305 0.6244
vn 0.3669 0.9283 0.0610
vn 0.7342 0.6787 0.0184
vn -0.5827 0.7852 0.2095
vn -0.0713 0.9901 0.1208
vn 0.9710 -0.2296 -0.0667
vn 0.5481 -0.7998 -0.2448
vn -0.2251 -0.5165 -0.8262
vn 0.2240 -0.2685 -0.9369
vn 0.8779 0.4618 0.1267
vn -0.4601 -0.4985 -0.7347
vn -0.6155 -0.0125 -0.7880
vn 0.7461 0.4124 -0.5227
vn 0.4305 0.9019 0.0370
vn 0.1100 0.9466 -0.3031
vn 0.2406 0.6870 -0.6856
vn -0.3490 -0.9086 0.2296
vn -0.4975 -0.7259 0.4749
vn -0.2450 -0.8465 -0.4727
vn -0.6189 -0.7070 -0.3422
vn -0.5434 -0.7364 -0.4031
vn -0.2553 -0.8229 -0.5076
vn 0.0549 0.9514 -0.3031
vn 0.4129 0.6647 -0.6227
vn 0.2689 0.8336 0.4825
vn 0.2632 0.8478 0.4604
vn 0.5628 0.7509 0.3456
vn 0.5480 0.7427 0.3848
vn 0.2686 0.2583 0.9280
vn 0.1262 0.5568 0.8210
vn 0.3995 0.7199 0.5676
vn 0.8357 0.1154 0.5370
vn 0.4982 0.2380 0.8337
vn 0.2837 0.5322 0.7977
vn -0.4915 -0.8708 0.0099
vn -0.8086 -0.4293 0.4023
vn -0.4293 -0.8589 0.2792
vn -0.5482 -0.5424 -0.6366
vn -0.8731 0.0424 -0.4857
vn -0.8083 -0.4463 0.3840
vn 0.0623 -0.8440 -0.5328
vn 0.0082 -0.9106 0.4132
vn 0.2349 -0.9648 0.1186
vn 0.6669 -0.3305 -0.6678
vn 0.4398 -0.7161 -0.5420
vn 0.0236 -0.9834 -0.1799
vn 0.6991 -0.6981 0.1547
vn 0.9191 -0.2313 -0.3189
vn -0.4914 -0.8709 0.0100
vn -0.7229 -0.6403 -0.2596
vn -0.9630 0.1066 0.2474
vn -0.8086 -0.4292 0.4024
vn -0.0955 -0.2850 -0.9538
vn 0.3812 -0.2937 -0.8766
vn -0.5282 -0.1664 -0.8327
vn -0.8793 0.0557 -0.4729
vn 0.6040 0.3396 -0.7210
vn 0.5260 -0.3518 -0.7743
vn 0.5773 -0.3555 -0.7351
vn 0.4373 0.3655 -0.8217
vn 0.9514 0.0379 -0.3056
vn 0.7697 -0.4866 -0.4134
vn 0.4048 -0.8786 -0.2533
vn 0.2856 -0.8409 -0.4598
vn 0.0186 -0.9947 0.1012
vn -0.1840 -0.9829 0.0001
vn 0.1235 -0.6473 -0.7522
vn -0.2073 -0.2039 -0.9568
vn 0.3816 0.0018 -0.9243
vn 0.5998 -0.3612 -0.7140
vn -0.3119 -0.8273 -0.4672
vn -0.7072 -0.3313 -0.6246
vn -0.5386 -0.8423 0.0226
vn -0.9349 -0.3550 -0.0021
vn -0.2797 -0.0131 -0.9600
vn 0.3425 0.0349 -0.9389
vn -0.7848 -0.0591 -0.6169
vn -0.9940 -0.1082 0.0146
vn -0.1818 0.6093 -0.7719
vn 0.3675 0.5387 -0.7581
vn -0.6304 0.6223 -0.4640
vn -0.8793 0.4659 0.0988
vn -0.1248 0.6935 -0.7096
vn -0.2452 0.9342 -0.2591
vn 0.0037 0.9802 -0.1979
vn 0.1782 0.6883 -0.7032
vn 0.8214 0.2104 -0.5302
vn 0.9274 -0.0747 -0.3666
vn 0.9386 0.3395 0.0615
vn 0.9835 0.1006 0.1505
vn 0.6800 0.3117 0.6637
vn 0.6981 0.1637 0.6970
vn 0.8331 0.0627 -0.5496
vn 0.9971 0.0609 0.0456
vn 0.7498 0.0017 0.6616
vn 0.7973 0.4302 -0.4234
vn 0.9401 0.3285 0.0912
vn 0.7569 0.2802 0.5904
vn 0.2861 -0.4853 -0.8262
vn -0.2411 -0.3177 -0.9170
vn -0.1221 0.2202 -0.9678
vn 0.2881 0.1296 -0.9488
vn 0.1751 -0.9072 -0.3825
vn -0.4364 -0.6999 -0.5654
vn 0.0098 -0.9629 0.2699
vn -0.5518 -0.8320 0.0567
vn 0.3256 -0.4880 -0.8098
vn 0.1874 0.0988 -0.9773
vn 0.3392 -0.8816 -0.3281
vn 0.2337 -0.9109 0.3401
vn 0.7087 -0.2333 -0.6658
vn 0.4944 0.2510 -0.8322
vn 0.8037 -0.5521 -0.2220
vn 0.7460 -0.5811 0.3254
vn -0.4407 0.8686 0.2264
vn -0.1719 0.8780 0.4466
vn -0.0192 0.6425 -0.7660
vn -0.2093 0.9401 -0.2692
vn -0.3090 0.8641 0.3972
vn 0.2472 0.7086 -0.6609
vn 0.0662 0.9721 -0.2250
vn -0.0650 0.9208 0.3846
vn 0.9124 0.0782 -0.4019
vn 0.8140 -0.5014 -0.2934
vn 0.3876 -0.5651 -0.7283
vn 0.5624 0.0890 -0.8220
vn 0.9611 0.1416 0.2370
vn 0.8550 -0.4528 0.2528
vn -0.1434 -0.3368 -0.9306
vn 0.0548 0.2257 -0.9727
vn -0.6405 -0.1956 -0.7426
vn -0.5254 0.3972 -0.7525
vn -0.8918 0.4148 -0.1808
vn -0.7829 -0.5746 -0.2386
vn -0.6469 -0.4010 -0.6486
vn -0.5073 -0.7714 -0.3842
vn 0.2049 0.0668 0.9765
vn -0.2312 0.7051 0.6704
vn 0.0282 0.9826 0.1836
vn -0.3432 0.9230 -0.1740
vn 0.5341 0.8029 -0.2647
vn 0.2002 0.7776 -0.5961
vn 0.5793 0.6545 -0.4859
vn 0.3663 0.8849 -0.2875
vn 0.7306 0.6458 -0.2216
vn 0.4516 0.8841 0.1201
vn 0.0282 0.9826 0.1835
vn -0.2312 0.7050 0.6704
vn 0.2049 0.0669 0.9765
vn -0.6303 0.1273 0.7659
vn -0.4755 -0.4294 0.7678
vn 0.1567 0.7983 -0.5815
vn -0.5441 0.8061 -0.2326
vn -0.0288 0.3372 -0.9410
vn -0.9065 0.3146 -0.2814
vn -0.6078 -0.6024 0.5173
vn -0.8881 -0.0124 0.4594
vn -0.9215 -0.2922 0.2558
vn -0.5436 -0.8340 -0.0944
vn -0.9216 -0.2922 0.2557
vn -0.6079 -0.6025 0.5172
vn -0.8881 -0.0123 0.4594
vn -0.7991 0.5642 -0.2073
vn -0.2365 0.9700 -0.0569
vn -0.6121 0.6349 0.4714
vn -0.8038 0.4806 0.3505
vn -0.5920 0.6924 0.4123
vn 0.5194 -0.6730 -0.5266
vn 0.9530 -0.1643 -0.2546
vn 0.7014 -0.5626 -0.4376
vn 0.9563 -0.1698 -0.2378
vn -0.8811 -0.4464 -0.1560
vn -0.9356 -0.3451 -0.0745
vn -0.9884 -0.1381 0.0630
vn -0.9884 -0.1382 0.0629
vn 0.3439 -0.8596 -0.3779
vn 0.3180 -0.8553 -0.4092
vn 0.4035 -0.8507 -0.3369
vn 0.2242 -0.8743 -0.4306
vn 0.1345 -0.9325 -0.3351
vn -0.9079 -0.4163 -0.0493
vn -0.7329 -0.6540 -0.1874
vn -0.8865 -0.4519 -0.0992
vn -0.7462 -0.6423 -0.1748
vn -0.7329 -0.6540 -0.1875
vn -0.7631 -0.6297 -0.1454
vn -0.8689 -0.4816 -0.1146
vn -0.7517 -0.6244 -0.2122
vn -0.9753 0.1372 0.1730
vn -0.9897 -0.0815 0.1177
vn -0.9735 0.1622 0.1610
vn 0.0736 -0.9454 -0.3175
vn -0.2217 -0.9331 -0.2830
vn -0.4835 -0.8612 0.1568
vn -0.4681 -0.8441 -0.2616
vn -0.7450 -0.6394 -0.1903
vn -0.8883 -0.4401 0.1310
vn -0.8851 0.1440 0.4425
vn -0.4859 -0.7901 -0.3736
vn -0.2198 -0.8613 -0.4581
vn -0.7501 -0.6164 -0.2396
vn -0.9130 -0.3976 -0.0911
vn -0.9879 -0.1484 0.0457
vn -0.9915 -0.1187 0.0527
vn -0.9869 -0.1583 0.0323
vn -0.1991 -0.9295 -0.3106
vn -0.1636 -0.9392 -0.3018
vn -0.2022 -0.8778 -0.4342
vn -0.8685 0.4763 -0.1376
vn -0.3165 0.9241 0.2142
vn -0.4261 0.7483 0.5085
vn -0.0030 0.8595 0.5111
vn -0.1663 -0.6609 0.7318
vn -0.5983 -0.7875 0.1479
vn -0.3229 -0.8228 -0.4677
vn 0.2498 -0.5969 -0.7624
vn -0.6349 -0.4210 -0.6477
vn -0.0014 -0.2726 -0.9621
vn 0.3592 -0.4072 -0.8397
vn 0.4756 -0.5921 -0.6505
vn 0.0737 -0.5929 -0.8019
vn 0.1103 -0.8509 -0.5136
vn -0.3229 -0.8227 -0.4679
vn -0.5982 -0.7876 0.1479
vn -0.7518 -0.2993 0.5876
vn -0.4291 -0.0835 0.8994
vn -0.0220 -0.2817 -0.9592
vn -0.7474 -0.2570 -0.6127
vn -0.3830 0.1928 0.9034
vn -0.8595 0.0262 0.5104
vn -0.7418 0.3560 0.5683
vn -0.0845 0.7277 0.6807
vn -0.0845 0.7276 0.6807
vn -0.7419 0.3560 0.5683
vn -0.8595 0.0263 0.5104
vn -0.5483 -0.5424 -0.6365
vn 0.9596 0.2805 0.0236
vn 0.8870 0.4386 0.1444
vn -0.5083 0.6940 0.5099
vn -0.7938 0.4515 0.4075
vn -0.8102 0.4586 0.3649
vn 0.1176 0.8224 -0.5566
vn -0.1826 0.4183 -0.8898
vn 0.1734 -0.0410 -0.9840
vn -0.1913 0.9749 -0.1142
vn -0.5614 0.7044 -0.4344
vn -0.5206 0.8011 0.2953
vn -0.9082 0.4178 -0.0236
vn -0.5914 0.3532 0.7249
vn -0.8906 0.1706 0.4217
vn -0.4647 -0.2589 0.8468
vn -0.6833 -0.3457 0.6431
vn 0.4251 0.7879 -0.4455
vn 0.0922 0.9957 0.0100
vn -0.3019 0.8431 0.4451
vn -0.5204 0.3522 0.7779
vn -0.5802 -0.2812 0.7644
vn 0.8518 0.5112 -0.1144
vn 0.5805 0.7453 0.3278
vn 0.0912 0.6585 0.7470
vn -0.2327 0.1016 0.9672
vn -0.3761 -0.4429 0.8138
vn 0.3651 -0.5460 -0.7540
vn 0.5169 -0.7752 -0.3632
vn 0.3294 -0.8936 -0.3048
vn 0.1957 -0.9706 0.1398
vn 0.0822 -0.9790 0.1865
vn -0.1583 -0.7550 0.6363
vn -0.3007 -0.7812 0.5471
vn 0.7415 0.6410 0.1980
vn -0.4224 -0.7877 0.4485
vn 0.5683 0.7647 0.3039
vn 0.7280 0.6577 0.1934
vn 0.5633 0.7850 0.2577
vn -0.2888 -0.8504 0.4398
vn -0.7249 0.5786 0.3738
vn -0.7050 0.6165 0.3504
vn -0.5357 0.7335 0.4184
vn -0.5195 0.7770 0.3554
vn -0.8204 -0.2079 0.5326
vn -0.5911 -0.6379 0.4936
vn -0.3794 0.0036 0.9252
vn -0.2639 -0.3579 0.8957
vn -0.4822 0.7904 0.3779
vn -0.4059 0.7848 0.4683
vn -0.4012 0.8214 0.4053
vn -0.5550 0.7123 0.4297
vn -0.9092 0.3210 0.2650
vn -0.8326 -0.0633 0.5502
vn -0.3415 -0.0268 0.9395
vn -0.6700 0.3837 0.6355
vn 0.5311 0.8057 0.2622
vn 0.2191 0.9241 0.3133
vn -0.1242 0.9175 0.3778
vn -0.0642 0.7642 0.6417
vn -0.4220 0.8275 0.3703
vn -0.6246 0.6377 0.4508
vn 0.2073 0.2183 0.9536
vn 0.2316 -0.0497 0.9715
vn 0.2812 0.0124 0.9596
vn 0.3831 0.2142 0.8985
vn -0.1821 0.2881 0.9401
vn -0.6764 -0.5190 0.5226
vn -0.1693 -0.6878 0.7058
vn -0.6772 0.0232 0.7354
vn -0.2821 -0.1300 0.9505
vn -0.0986 0.8835 0.4579
vn 0.2221 0.8564 0.4662
vn -0.3678 0.8143 0.4490
vn 0.0384 -0.6358 0.7709
vn -0.1640 -0.0923 0.9821
vn 0.5074 -0.4324 0.7454
vn 0.2641 0.0442 0.9635
vn -0.5496 0.5726 0.6084
vn -0.2866 0.4842 0.8267
vn -0.3026 0.4938 0.8152
vn -0.8245 0.4551 0.3363
vn 0.0455 0.5644 0.8243
vn 0.2072 0.9155 0.3449
vn 0.1831 0.9218 0.3416
vn 0.6517 0.3404 0.6779
vn 0.5946 -0.2355 0.7687
vn 0.2018 0.5757 0.7924
vn 0.0754 0.1289 0.9888
vn -0.3575 0.6210 0.6975
vn -0.5417 0.0860 0.8361
vn 0.2994 0.9309 -0.2095
vn 0.2994 0.9308 -0.2096
vn 0.2995 0.9308 -0.2096
vn 0.2995 0.9308 -0.2095
vn 0.2092 0.8792 0.4281
vn -0.7667 0.5842 -0.2662
vn -0.9629 0.0322 -0.2680
vn -0.6541 0.7229 0.2227
vn -0.8907 0.2950 0.3457
vn 0.2994 0.9309 -0.2094
vn 0.2995 0.9308 -0.2094
vn 0.2050 -0.1738 0.9632
vn 0.5267 -0.1317 0.8398
vn -0.0526 0.6249 0.7790
vn -0.0153 0.8200 0.5722
vn 0.9652 0.1372 0.2226
vn 0.3130 0.8053 0.5035
vn 0.9777 0.2099 0.0009
vn 0.3406 0.8748 0.3444
vn 0.9365 0.2882 -0.1999
vn 0.2960 0.9459 0.1332
vn 0.4252 0.5028 -0.7526
vn -0.0119 0.9857 0.1683
vn -0.0607 0.9967 -0.0541
vn 0.0679 0.6327 -0.7714
vn -0.1748 0.8826 0.4364
vn -0.1473 0.8565 0.4947
vn -0.1675 0.8938 0.4160
vn -0.1833 0.8961 0.4041
vn -0.1473 0.8565 0.4948
vn -0.1914 0.9126 0.3613
vn -0.1913 0.9126 0.3613
vn -0.1949 0.9202 0.3394
vn 0.3033 -0.9136 0.2710
vn 0.3633 -0.9312 -0.0294
vn 0.6562 -0.7541 -0.0277
vn 0.6753 -0.6535 -0.3419
vn 0.6191 -0.5528 -0.5578
vn 0.3013 -0.6646 -0.6837
vn 0.1618 -0.3187 -0.9340
vn 0.1806 -0.8828 -0.4337
vn 0.1753 -0.8958 -0.4085
vn 0.1601 -0.8440 -0.5119
vn 0.1879 -0.8956 -0.4032
vn 0.1601 -0.8440 -0.5120
vn 0.1806 -0.8828 -0.4336
vn 0.1881 -0.9149 -0.3572
vn 0.1957 -0.9216 -0.3352
vn 0.1957 -0.9216 -0.3353
vn 0.2086 -0.4018 0.8917
vn -0.3678 -0.8840 0.2887
vn 0.4530 -0.5427 0.7073
vn -0.3957 -0.9183 0.0069
vn 0.8086 -0.5882 -0.0150
vn -0.0729 -0.9940 -0.0809
vn 0.8154 -0.5131 -0.2681
vn -0.0625 -0.9237 -0.3780
vn 0.7763 -0.4061 -0.4821
vn -0.0998 -0.8011 -0.5902
vn 0.4122 0.0642 -0.9088
vn -0.4194 -0.6800 -0.6014
vn -0.4111 -0.4425 -0.7970
vn 0.2205 0.3597 -0.9066
vn -0.5778 -0.7618 -0.2929
vn -0.5797 -0.7648 -0.2812
vn -0.5846 -0.7303 -0.3535
vn -0.5796 -0.7648 -0.2811
vn -0.5774 -0.7768 -0.2515
vn -0.5796 -0.7649 -0.2811
vn 0.5841 0.4173 0.6962
vn 0.6909 0.5545 0.4638
vn 0.8904 0.3163 0.3273
vn 0.9157 0.3896 0.0980
vn 0.8619 0.4934 -0.1170
vn 0.6818 0.7315 -0.0028
vn 0.6074 0.7834 -0.1319
vn 0.5775 0.7621 0.2927
vn 0.5842 0.7309 0.3528
vn 0.5798 0.7652 0.2798
vn 0.5842 0.7309 0.3529
vn 0.5794 0.7746 0.2535
vn 0.5794 0.7746 0.2534
vn 0.9235 0.0361 0.3820
vn 0.9987 -0.0011 0.0511
vn 0.5949 0.7878 0.1593
vn 0.3816 0.9207 -0.0818
vn 0.7320 -0.0799 -0.6766
vn 0.5349 0.7522 -0.3849
vn 0.5725 -0.0941 -0.8145
vn 0.3307 0.7647 -0.5531
vn 0.3876 -0.1041 -0.9160
vn 0.1044 0.7220 -0.6840
vn -0.3915 -0.0987 -0.9149
vn -0.1419 0.8839 -0.4456
vn -0.4280 0.7160 -0.5515
vn -0.6782 -0.0764 -0.7309
vn 0.0067 0.9939 -0.1101
vn 0.5846 -0.7417 0.3287
vn 0.3692 -0.9213 0.1222
vn 0.5242 -0.8252 -0.2102
vn 0.3196 -0.8715 -0.3719
vn 0.0937 -0.8555 -0.5093
vn -0.1543 -0.9580 -0.2415
vn -0.4383 -0.8136 -0.3821
vn -0.0067 -0.9939 0.1101
vn -0.9235 -0.0361 -0.3820
vn -0.9987 0.0011 -0.0511
vn -0.5846 0.7417 -0.3287
vn -0.3692 0.9213 -0.1222
vn -0.7320 0.0799 0.6766
vn -0.5242 0.8253 0.2102
vn -0.5725 0.0941 0.8145
vn -0.3196 0.8715 0.3719
vn -0.3876 0.1041 0.9159
vn -0.0937 0.8555 0.5093
vn 0.3915 0.0987 0.9149
vn 0.1543 0.9580 0.2415
vn 0.4383 0.8136 0.3821
vn 0.6782 0.0764 0.7309
vn -0.5949 -0.7878 -0.1593
vn -0.3816 -0.9207 0.0818
vn -0.5349 -0.7522 0.3849
vn -0.3307 -0.7647 0.5531
vn -0.1044 -0.7220 0.6840
vn 0.1419 -0.8839 0.4456
vn 0.4280 -0.7160 0.5515
vn 0.8023 0.2692 0.5329
vn 0.6988 0.5756 0.4247
vn 0.0845 0.2461 0.9656
vn -0.2620 0.3059 0.9153
vn 0.1792 0.9837 0.0124
vn -0.2288 0.6419 0.7319
vn -0.4652 0.6469 0.6042
vn -0.1661 0.9595 -0.2276
vn -0.6654 0.6113 0.4284
vn -0.6917 0.4780 -0.5414
vn -0.7936 0.2685 0.5459
vn -0.9542 0.1732 0.2438
vn -0.7994 0.1567 -0.5800
vn 0.9561 0.1029 -0.2744
vn 0.7963 0.1319 -0.5903
vn 0.6729 0.4937 -0.5508
vn 0.4729 0.4928 -0.7304
vn 0.2362 0.4631 -0.8543
vn 0.2647 0.0946 -0.9597
vn -0.0826 0.0299 -0.9961
vn 0.7994 -0.1567 0.5800
vn 0.0826 -0.0299 0.9961
vn 0.6917 -0.4780 0.5414
vn -0.2647 -0.0946 0.9597
vn 0.1661 -0.9595 0.2276
vn -0.2362 -0.4631 0.8543
vn -0.4729 -0.4928 0.7304
vn -0.1792 -0.9837 -0.0124
vn -0.6729 -0.4938 0.5508
vn -0.6988 -0.5756 -0.4247
vn -0.7963 -0.1319 0.5903
vn -0.9561 -0.1029 0.2744
vn -0.8023 -0.2692 -0.5329
vn 0.9542 -0.1732 -0.2438
vn 0.7936 -0.2685 -0.5459
vn 0.6655 -0.6113 -0.4284
vn 0.4652 -0.6469 -0.6042
vn 0.2287 -0.6419 -0.7319
vn 0.2620 -0.3059 -0.9153
vn -0.0845 -0.2461 -0.9656
vn -0.3535 0.9206 -0.1660
vn -0.5405 0.7449 -0.3912
vn -0.7667 0.4769 0.4299
vn -0.8541 0.1469 0.4989
vn -0.7082 0.0515 -0.7042
vn -0.9863 0.0556 0.1555
vn -0.6785 -0.1572 -0.7175
vn -0.9640 -0.2081 0.1657
vn -0.6186 -0.3589 -0.6989
vn -0.8744 -0.4574 0.1620
vn -0.1792 -0.9116 -0.3699
vn -0.7181 -0.4769 0.5069
vn -0.5008 -0.7421 0.4456
vn 0.0628 -0.9880 -0.1415
vn -0.7030 -0.1444 0.6964
vn 0.3152 0.6991 -0.6418
vn 0.4487 0.4145 -0.7918
vn 0.1294 0.2848 -0.9498
vn 0.1933 0.0296 -0.9807
vn 0.2413 -0.2282 -0.9432
vn 0.5847 -0.2093 -0.7838
vn 0.5811 -0.5199 -0.6262
vn 0.7030 0.1444 -0.6964
vn 0.3535 -0.9206 0.1660
vn 0.5405 -0.7449 0.3912
vn -0.3152 -0.6991 0.6418
vn -0.4487 -0.4145 0.7918
vn 0.7082 -0.0515 0.7042
vn -0.1294 -0.2848 0.9498
vn 0.6785 0.1572 0.7175
vn -0.1933 -0.0296 0.9807
vn 0.6186 0.3589 0.6989
vn -0.2413 0.2282 0.9432
vn 0.1792 0.9116 0.3699
vn -0.5848 0.2093 0.7837
vn -0.5811 0.5199 0.6262
vn -0.0628 0.9879 0.1415
vn 0.7667 -0.4769 -0.4299
vn 0.8541 -0.1469 -0.4989
vn 0.9863 -0.0556 -0.1555
vn 0.9640 0.2081 -0.1657
vn 0.8744 0.4574 -0.1620
vn 0.7181 0.4769 -0.5069
vn 0.5008 0.7421 -0.4456
vn -0.3588 0.9233 0.1369
vn -0.5533 0.7519 0.3585
vn 0.2839 0.7185 0.6350
vn 0.4164 0.4330 0.7994
vn -0.7321 0.0646 0.6781
vn 0.0868 0.3037 0.9488
vn 0.1529 0.0460 0.9872
vn -0.6423 -0.3469 0.6834
vn 0.2003 -0.2167 0.9555
vn -0.1919 -0.9050 0.3798
vn 0.5546 -0.2005 0.8076
vn 0.5539 -0.5193 0.6508
vn 0.0575 -0.9852 0.1615
vn -0.7491 0.4792 -0.4574
vn -0.8379 0.1423 -0.5270
vn -0.9818 0.0561 -0.1812
vn -0.9590 -0.2116 -0.1886
vn -0.8683 -0.4643 -0.1745
vn -0.6997 -0.4911 -0.5188
vn -0.4791 -0.7586 -0.4415
vn -0.0575 0.9852 -0.1615
vn 0.4791 0.7586 0.4415
vn 0.1919 0.9050 -0.3798
vn 0.6997 0.4911 0.5188
vn 0.6424 0.3469 -0.6834
vn 0.8683 0.4643 0.1745
vn 0.9590 0.2116 0.1886
vn 0.7321 -0.0646 -0.6781
vn 0.9818 -0.0561 0.1812
vn 0.5533 -0.7519 -0.3585
vn 0.8379 -0.1423 0.5270
vn 0.7491 -0.4791 0.4574
vn 0.3588 -0.9233 -0.1369
vn -0.5539 0.5193 -0.6509
vn -0.5546 0.2005 -0.8076
vn -0.2003 0.2167 -0.9555
vn -0.1529 -0.0460 -0.9872
vn -0.0868 -0.3037 -0.9488
vn -0.2839 -0.7185 -0.6349
vn -0.8778 -0.2571 -0.4043
vn -0.6697 -0.4607 -0.5825
vn -0.6440 -0.7146 0.2730
vn -0.3529 -0.8356 0.4211
vn 0.0607 -0.6978 -0.7137
vn -0.1904 -0.9757 0.1086
vn 0.2678 -0.6897 -0.6728
vn 0.0629 -0.9805 0.1861
vn 0.4653 -0.6469 -0.6042
vn 0.3124 -0.9169 0.2484
vn 0.9537 -0.2709 -0.1310
vn 0.2584 -0.7641 0.5911
vn 0.5505 -0.5750 0.6053
vn 0.9925 -0.0384 0.1160
vn -0.4772 0.3863 -0.7893
vn -0.1521 0.4903 -0.8582
vn -0.0184 0.1597 -0.9870
vn 0.2413 0.1972 -0.9502
vn 0.4843 0.2185 -0.8472
vn 0.4592 0.5617 -0.6882
vn 0.7173 0.5260 -0.4570
vn 0.8778 0.2571 0.4043
vn 0.6696 0.4607 0.5825
vn 0.4773 -0.3863 0.7893
vn 0.1521 -0.4903 0.8582
vn -0.0608 0.6978 0.7137
vn 0.0184 -0.1597 0.9870
vn -0.2678 0.6897 0.6728
vn -0.2413 -0.1972 0.9502
vn -0.4653 0.6469 0.6042
vn -0.4844 -0.2185 0.8471
vn -0.9537 0.2708 0.1310
vn -0.4592 -0.5618 0.6881
vn -0.7173 -0.5260 0.4570
vn -0.9925 0.0384 -0.1160
vn 0.6440 0.7146 -0.2730
vn 0.3529 0.8356 -0.4211
vn 0.1904 0.9757 -0.1086
vn -0.0629 0.9805 -0.1861
vn -0.3124 0.9169 -0.2484
vn -0.2584 0.7641 -0.5911
vn -0.5505 0.5750 -0.6053
vn -0.9584 -0.2626 -0.1122
vn -0.8692 -0.4741 0.1401
vn -0.8254 0.3547 0.4393
vn -0.5797 0.4571 0.6745
vn -0.3076 -0.7229 0.6187
vn -0.5261 0.1156 0.8425
vn -0.1044 -0.7219 0.6840
vn -0.2815 0.1549 0.9470
vn 0.0957 -0.6758 0.7309
vn -0.0161 0.1752 0.9844
vn 0.7544 -0.2842 0.5917
vn 0.0410 0.5297 0.8472
vn 0.3876 0.4966 0.7767
vn 0.9119 -0.0439 0.4080
vn -0.4177 -0.6953 -0.5849
vn -0.0847 -0.8179 -0.5691
vn -0.1044 -0.9706 -0.2169
vn 0.1573 -0.9752 -0.1554
vn 0.4056 -0.9110 -0.0751
vn 0.5361 -0.7453 -0.3964
vn 0.7952 -0.5534 -0.2475
vn -0.9119 0.0439 -0.4080
vn -0.7953 0.5534 0.2475
vn -0.7544 0.2843 -0.5917
vn -0.5361 0.7453 0.3964
vn -0.0957 0.6758 -0.7309
vn -0.4056 0.9110 0.0751
vn -0.1573 0.9752 0.1554
vn 0.3076 0.7229 -0.6187
vn 0.1044 0.9706 0.2170
vn 0.8693 0.4741 -0.1400
vn 0.0847 0.8179 0.5691
vn 0.4177 0.6953 0.5849
vn 0.9583 0.2626 0.1122
vn -0.3876 -0.4965 -0.7767
vn -0.0411 -0.5296 -0.8472
vn 0.0161 -0.1752 -0.9844
vn 0.2815 -0.1549 -0.9470
vn 0.5261 -0.1156 -0.8425
vn 0.5797 -0.4571 -0.6745
vn 0.8254 -0.3547 -0.4393
vn -0.1969 0.0421 0.9795
vn -0.3704 0.1541 0.9160
vn 0.1588 -0.5507 0.8195
vn 0.6163 -0.7053 0.3502
vn -0.4376 0.3064 0.8454
vn -0.4622 0.3251 0.8250
vn 0.4825 -0.3531 -0.8015
vn 0.4763 -0.3368 -0.8122
vn 0.4825 -0.3531 -0.8016
vn 0.5138 -0.3488 -0.7838
vn -0.4763 0.3374 0.8120
vn -0.4410 0.3214 0.8380
vn -0.4344 0.6454 0.6282
vn 0.0418 0.9310 -0.3626
vn 0.2319 0.9412 -0.2457
vn -0.2143 0.4534 0.8652
vn 0.8259 0.4774 0.2998
vn 0.7555 -0.3077 0.5783
vn -0.4622 0.3252 0.8250
vn -0.4411 0.3214 0.8379
vn 0.4826 -0.3531 -0.8015
vn 0.5678 -0.5754 -0.5887
vn 0.6587 -0.5171 -0.5465
vn 0.7336 -0.1492 -0.6630
vn 0.5138 -0.3489 -0.7838
vn 0.4637 0.0196 -0.8858
vn -0.8052 0.1467 0.5746
vn -0.9262 -0.3642 0.0972
vn -0.6595 0.2038 0.7236
vn -0.7020 -0.4787 -0.5273
vn -0.5360 0.3233 0.7799
vn -0.5044 0.3324 0.7969
vn 0.4693 -0.3509 -0.8103
vn 0.4431 -0.3367 -0.8309
vn -0.4762 0.3374 0.8120
vn -0.2616 0.6157 0.7433
vn -0.5245 0.3358 0.7824
vn 0.5302 0.8470 -0.0375
vn 0.3590 0.9193 -0.1611
vn -0.5995 0.5196 0.6088
vn -0.4553 0.6978 -0.5530
vn -0.8653 -0.0291 -0.5005
vn 0.1945 -0.5112 -0.8372
vn 0.4693 -0.3509 -0.8104
vn 0.1374 -0.4275 -0.8935
vn 0.3019 -0.0750 -0.9504
vn 0.6392 -0.0106 -0.7689
vn 0.8101 0.5318 0.2470
vn -0.3325 0.8110 0.4813
vn -0.0714 0.9901 0.1208
vn -0.7229 -0.6403 -0.2595
vn -0.0955 -0.2849 -0.9538
vn -0.5281 -0.1663 -0.8327
vn 0.5695 0.8218 0.0171
vn 0.6185 0.7845 0.0447
vn -0.9869 -0.1262 0.1006
vn -0.9952 -0.0654 0.0725
vn -0.9952 -0.0655 0.0725
vn -0.9990 -0.0044 0.0440
vn -0.9122 0.4045 -0.0660
vn -0.9578 0.1624 0.2372
vn -0.7829 -0.5745 -0.2386
vn 0.0543 0.9189 0.3907
vn -0.1599 0.9661 -0.2025
vn -0.0018 0.6428 0.7660
vn 0.0283 0.9826 0.1835
vn 0.3663 0.8849 -0.2876
vn 0.0282 0.9826 0.1837
vn -0.6302 0.1273 0.7659
vn 0.2836 0.5323 0.7976
vn -0.5440 0.8062 -0.2326
vn 0.4304 0.9019 0.0370
vn 0.4928 0.7012 -0.5152
vn 0.4685 0.4139 -0.7805
vn -0.2385 0.6713 -0.7018
vn 0.2609 0.9533 -0.1520
vn 0.4928 0.7013 -0.5151
vn -0.2385 0.6712 -0.7019
vn 0.7342 0.6787 0.0183
vn 0.3668 0.9283 0.0610
vn -0.0541 0.9976 -0.0432
vn -0.2384 0.6712 -0.7019
vn -0.0713 0.9901 0.1207
vn -0.5827 0.7852 0.2096
vn 0.2608 0.9534 -0.1519
vn -0.2385 0.6712 -0.7018
vn -0.5203 0.8172 -0.2479
vn -0.0542 0.9976 -0.0432
vn -0.9121 0.4046 -0.0660
vn -0.2384 0.6712 -0.7018
vn 0.4876 -0.3221 0.8115
vn 0.4919 0.0375 0.8699
vn -0.0833 -0.1662 0.9826
vn 0.1940 0.3690 0.9090
vn -0.5575 0.3593 0.7484
vn -0.0493 0.6949 0.7174
vn 0.1940 0.3691 0.9089
vn -0.0833 -0.1663 0.9826
vn 0.6166 0.5992 0.5106
vn -0.0642 0.7642 0.6418
vn 0.4129 0.5659 0.7137
vn -0.0832 -0.1663 0.9826
vn -0.0643 0.7642 0.6418
vn -0.6246 0.6376 0.4509
vn -0.0833 -0.1663 0.9825
vn -0.6246 0.6377 0.4509
vn -0.8851 0.1440 0.4426
vn 0.1262 0.5569 0.8209
vn -0.9215 -0.2922 0.2557
vn 0.3994 0.7199 0.5676
vn -0.4261 0.7483 0.5084
vn -0.3139 -0.9056 -0.2853
vn -0.5511 -0.6083 -0.5711
vn -0.4602 -0.4985 -0.7347
vn -0.3490 -0.9086 0.2295
vn -0.5874 -0.7636 -0.2682
vn -0.3228 -0.8227 -0.4679
vn -0.6349 -0.4210 -0.6478
vn 0.1072 -0.8507 -0.5145
vn -0.3229 -0.8228 -0.4678
vn -0.7473 -0.2570 -0.6127
vn -0.8596 0.0263 0.5103
vn -0.1785 -0.5299 -0.8290
vn -0.2250 -0.5165 -0.8262
vn 0.2404 0.1777 -0.9543
vn -0.1381 0.0021 -0.9904
vn 0.3813 -0.2937 -0.8765
vn -0.4350 0.0474 -0.8992
vn -0.2384 0.6713 -0.7018
vn -0.8794 0.0558 -0.4728
vn -0.1382 0.0021 -0.9904
vn -0.6661 0.3554 -0.6558
vn -0.4351 0.0474 -0.8991
vn -0.8685 0.4762 -0.1376
vn -0.3166 0.9241 0.2141
vn -0.6661 0.3555 -0.6557
vn 0.2925 -0.6003 0.7444
vn -0.0832 -0.1662 0.9826
vn -0.0794 -0.7491 0.6577
vn -0.8084 -0.4462 0.3840
vn 0.2349 -0.9648 0.1185
vn 0.0082 -0.9106 0.4133
vn 0.0081 -0.9106 0.4133
vn 0.0236 -0.9834 -0.1798
vn -0.1541 -0.9447 0.2893
vn -0.4914 -0.8709 0.0099
vn -0.4915 -0.8708 0.0100
vn 0.6647 0.7437 0.0722
vn -0.1826 0.4182 -0.8898
vn 0.1733 -0.0411 -0.9840
vn -0.6830 -0.5664 -0.4612
vn -0.5614 0.7044 -0.4343
vn -0.1825 0.4182 -0.8898
vn -0.5613 0.7044 -0.4344
vn -0.8905 0.1706 0.4217
vn -0.6830 -0.5664 -0.4613
vn -0.6834 -0.3456 0.6431
vn 0.9514 0.0379 -0.3057
vn 0.6721 -0.4263 0.6055
vn 0.8518 0.5112 -0.1145
vn 0.5805 0.7454 0.3277
vn 0.6721 -0.4264 0.6054
vn 0.0912 0.6586 0.7470
vn 0.6720 -0.4264 0.6054
vn -0.3761 -0.4430 0.8139
vn 0.6721 -0.4263 0.6054
vn 0.3650 -0.5461 -0.7540
vn -0.6830 -0.5664 -0.4611
vn 0.0821 -0.9790 0.1865
vn -0.6830 -0.5663 -0.4612
vn 0.3293 -0.8937 -0.3048
vn -0.3008 -0.7812 0.5471
vn -0.6831 -0.5663 -0.4612
vn -0.3008 -0.7812 0.5470
vn 0.7697 -0.4865 -0.4134
vn 0.7696 -0.4866 -0.4133
vn 0.0186 -0.9947 0.1013
vn 0.5998 -0.3612 -0.7139
vn 0.5333 -0.8173 0.2183
vn 0.5334 -0.8172 0.2183
vn -0.3120 -0.8273 -0.4672
vn 0.5334 -0.8172 0.2182
vn 0.3676 0.5387 -0.7581
vn -0.1817 0.6092 -0.7719
vn 0.1750 0.9716 0.1594
vn -0.6305 0.6222 -0.4640
vn -0.6305 0.6222 -0.4641
vn -0.8793 0.4659 0.0989
vn 0.9835 0.1006 0.1504
vn 0.5334 -0.8173 0.2182
vn 0.2316 -0.0498 0.9715
vn 0.1750 0.9716 0.1593
vn 0.7569 0.2802 0.5905
vn -0.1221 0.2203 -0.9678
vn -0.2410 -0.3177 -0.9171
vn -0.9082 0.2375 -0.3446
vn -0.4363 -0.6999 -0.5654
vn -0.4363 -0.6999 -0.5655
vn -0.5518 -0.8321 0.0567
vn -0.9082 0.2376 -0.3446
vn -0.6764 -0.5191 0.5225
vn 0.7087 -0.2333 -0.6659
vn 0.4945 0.2510 -0.8322
vn 0.8810 0.4639 0.0924
vn 0.8810 0.4640 0.0924
vn 0.8810 0.4639 0.0923
vn 0.5073 -0.4325 0.7454
vn -0.1248 0.6935 -0.7095
vn -0.2453 0.9342 -0.2591
vn -0.9082 0.2375 -0.3447
vn -0.4407 0.8687 0.2263
vn -0.5495 0.5726 0.6084
vn 0.2472 0.7087 -0.6608
vn 0.0662 0.9721 -0.2251
vn 0.8810 0.4639 0.0925
vn -0.0649 0.9208 0.3846
vn 0.8811 0.4639 0.0925
vn 0.0455 0.5644 0.8242
vn 0.8811 0.4639 0.0924
vn -0.2995 -0.9308 0.2095
vn -0.0058 -0.9703 -0.2419
vn 0.3877 -0.9190 -0.0719
vn 0.8140 -0.5014 -0.2933
vn -0.2994 -0.9308 0.2095
vn 0.3878 -0.9190 -0.0718
vn 0.3375 -0.8540 0.3960
vn 0.3375 -0.8539 0.3961
vn 0.0792 -0.8079 0.5839
vn 0.5947 -0.2356 0.7687
vn 0.0792 -0.8079 0.5840
vn -0.1452 -0.5455 0.8254
vn 0.0753 0.1289 0.9888
vn 0.5946 -0.2356 0.7687
vn -0.2994 -0.9308 0.2094
vn -0.1453 -0.5455 0.8254
vn -0.5058 -0.6200 0.5998
vn -0.5418 0.0860 0.8361
vn -0.2885 -0.8027 -0.5220
vn -0.6783 -0.6793 -0.2801
vn -0.2886 -0.8027 -0.5220
vn -0.6405 -0.1957 -0.7426
vn -0.7449 -0.6662 0.0354
vn -0.8215 -0.4292 0.3752
vn -0.7449 -0.6662 0.0355
vn -0.8908 0.2950 0.3457
vn -0.8215 -0.4293 0.3753
vn 0.5819 -0.0128 -0.8132
vn 0.3199 0.0368 -0.9468
vn 0.3081 0.0823 -0.9478
vn 0.6001 -0.0018 -0.7999
vn -0.0636 0.3340 -0.9404
vn -0.0623 0.1769 -0.9822
vn -0.4452 0.2252 -0.8667
vn -0.4323 0.3594 -0.8270
vn -0.9968 -0.0761 0.0265
vn -0.9981 -0.0589 0.0177
vn -0.9599 0.0920 -0.2649
vn -0.9587 0.1691 -0.2286
vn -0.6222 -0.2122 0.7536
vn -0.8788 -0.0562 0.4740
vn -0.8471 -0.3245 0.4209
vn -0.6284 -0.5000 0.5960
vn -0.5808 -0.6621 0.4736
vn -0.6106 -0.6101 0.5050
vn -0.5028 -0.5028 0.7031
vn -0.2403 -0.5449 0.8033
vn 0.3446 -0.4279 0.8356
vn 0.3622 -0.4259 0.8291
vn -0.1167 -0.4862 0.8660
vn 0.7467 -0.3545 0.5628
vn 0.9773 -0.1615 0.1370
vn 0.9657 -0.2178 0.1417
vn 0.7541 -0.3342 0.5654
vn 0.9807 -0.0771 -0.1799
vn 0.8500 -0.0611 -0.5233
vn 0.8505 -0.0851 -0.5190
vn 0.9676 -0.1661 -0.1901
vn 0.6397 0.1179 -0.7595
vn 0.3156 0.2404 -0.9179
vn 0.3506 0.4431 -0.8250
vn 0.6682 0.3204 -0.6715
vn -0.3782 0.5737 -0.7265
vn -0.0189 0.5335 -0.8456
vn -0.7708 0.3019 -0.5610
vn -0.9471 0.1950 -0.2548
vn -0.8645 0.4762 -0.1606
vn -0.6757 0.5562 -0.4838
vn -0.7890 0.5555 0.2626
vn -0.9149 0.3529 0.1959
vn -0.8188 0.1940 0.5403
vn -0.6993 0.4216 0.5773
vn -0.3291 -0.2838 0.9007
vn -0.2716 -0.1219 0.9547
vn -0.5613 0.0051 0.8276
vn 0.0198 -0.3462 0.9380
vn 0.4265 -0.3537 0.8324
vn 0.4835 -0.1834 0.8559
vn 0.0711 -0.1750 0.9820
vn 0.7570 -0.2794 0.5907
vn 0.9536 -0.2216 0.2037
vn 0.9528 -0.0578 0.2982
vn 0.7596 -0.1433 0.6344
vn 0.9751 -0.1521 -0.1615
vn 0.8765 -0.0148 -0.4811
vn 0.9008 0.1776 -0.3962
vn 0.9958 0.0522 -0.0752
vn 0.6719 0.5054 -0.5415
vn 0.3762 0.6227 -0.6861
vn 0.3807 0.7752 -0.5041
vn 0.6365 0.6711 -0.3802
vn 0.0350 0.7091 -0.7042
vn -0.2981 0.7469 -0.5944
vn -0.1989 0.8829 -0.4254
vn 0.0874 0.8496 -0.5201
vn -0.5716 0.7315 -0.3716
vn -0.7445 0.6638 -0.0709
vn -0.5830 0.8121 0.0250
vn -0.4344 0.8698 -0.2340
vn -0.5441 0.6037 0.5827
vn -0.6215 0.7186 0.3119
vn -0.4828 0.2566 0.8373
vn -0.2016 0.1177 0.9724
vn -0.1051 0.3808 0.9187
vn -0.3626 0.4851 0.7958
vn 0.1361 0.0568 0.9891
vn 0.4910 0.0378 0.8703
vn 0.4742 0.2743 0.8366
vn 0.1888 0.3068 0.9328
vn 0.7527 0.0677 0.6549
vn 0.9243 0.1454 0.3530
vn 0.8549 0.3458 0.3868
vn 0.7080 0.2881 0.6448
vn 0.9686 0.2478 0.0173
vn 0.8823 0.3704 -0.2906
vn 0.8162 0.5530 -0.1676
vn 0.8928 0.4389 0.1016
vn 0.5564 0.8106 -0.1828
vn 0.3608 0.8915 -0.2739
vn 0.3228 0.9451 -0.0507
vn 0.4242 0.9041 0.0517
vn 0.1382 0.9473 -0.2891
vn -0.0784 0.9737 -0.2137
vn 0.0351 0.9993 -0.0111
vn 0.1843 0.9828 -0.0091
vn -0.2592 0.9632 -0.0710
vn -0.3693 0.9205 0.1278
vn -0.1554 0.9647 0.2128
vn -0.0436 0.9923 0.1163
vn -0.4017 0.8483 0.3450
vn -0.3398 0.7626 0.5505
vn -0.1361 0.8612 0.4897
vn -0.1253 0.9265 0.3549
vn -0.2045 0.6701 0.7136
vn -0.0073 0.5931 0.8051
vn 0.0817 0.7499 0.6565
vn -0.0122 0.8241 0.5663
vn 0.2155 0.5337 0.8178
vn 0.4318 0.5116 0.7428
vn 0.3693 0.6962 0.6156
vn 0.2286 0.7455 0.6260
vn 0.6109 0.5188 0.5980
vn 0.7205 0.5654 0.4016
vn 0.5585 0.7311 0.3919
vn 0.4555 0.7366 0.4999
vn 0.7516 0.6334 0.1842
vn 0.6911 0.7225 -0.0189
vn 0.5392 0.8341 0.1163
vn 0.5363 0.8022 0.2623
vn 0.6443 0.3235 -0.6929
vn 0.6526 0.2985 -0.6964
vn 0.3188 0.4159 -0.8517
vn 0.3146 0.4279 -0.8473
vn -0.0663 0.3750 -0.9247
vn -0.4329 0.3933 -0.8111
vn -0.4049 0.5132 -0.7568
vn -0.0530 0.4992 -0.8648
vn -0.9082 0.3437 0.2389
vn -0.9158 0.3867 -0.1083
vn -0.9165 0.3695 -0.1532
vn -0.9325 0.2956 0.2073
vn -0.6540 -0.1214 0.7467
vn -0.6163 0.0224 0.7872
vn -0.8346 0.1673 0.5248
vn -0.8763 0.0100 0.4817
vn -0.6091 0.0426 0.7919
vn -0.3391 -0.1113 0.9341
vn -0.3520 -0.0864 0.9320
vn 0.0387 -0.2202 0.9747
vn 0.0443 -0.2353 0.9709
vn 0.4521 -0.2845 0.8454
vn 0.7595 -0.2469 0.6018
vn 0.9571 -0.1236 0.2622
vn 0.9643 -0.0915 0.2485
vn 0.9953 0.0776 -0.0574
vn 0.9969 0.0287 -0.0729
vn 0.9020 0.1576 -0.4019
vn 0.9052 0.1906 -0.3798
vn 0.6493 0.1676 -0.7418
vn 0.6037 -0.0409 -0.7962
vn 0.2779 0.0744 -0.9577
vn 0.3126 0.2935 -0.9034
vn -0.0950 0.1475 -0.9845
vn -0.4585 0.1669 -0.8729
vn -0.9559 -0.2907 -0.0419
vn -0.9963 -0.0752 0.0417
vn -0.9477 0.0459 -0.3160
vn -0.9105 -0.1773 -0.3736
vn -0.8978 -0.2147 0.3845
vn -0.6789 -0.3524 0.6441
vn -0.3430 -0.4891 0.8020
vn -0.3340 -0.2603 0.9059
vn 0.0311 -0.3639 0.9309
vn -0.0000 -0.5749 0.8183
vn 0.3774 -0.6107 0.6962
vn 0.4321 -0.3967 0.8099
vn 0.6862 -0.5612 0.4628
vn 0.8660 -0.4715 0.1666
vn 0.9328 -0.2643 0.2452
vn 0.9835 -0.1246 -0.1310
vn 0.9238 -0.3238 -0.2044
vn 0.8321 -0.1804 -0.5245
vn 0.8855 0.0187 -0.4642
vn 0.5252 -0.2515 -0.8130
vn 0.4136 -0.4584 -0.7867
vn 0.1547 -0.3698 -0.9161
vn 0.2242 -0.1477 -0.9633
vn -0.1212 -0.0828 -0.9892
vn -0.1422 -0.3139 -0.9387
vn -0.4322 -0.2992 -0.8507
vn -0.4582 -0.0648 -0.8865
vn -0.7354 -0.0987 -0.6704
vn -0.6708 -0.3282 -0.6651
vn -0.8215 -0.3964 -0.4099
vn -0.8607 -0.4936 -0.1244
vn -0.7825 -0.6048 0.1478
vn -0.8652 -0.4195 0.2746
vn -0.6561 -0.5492 0.5176
vn -0.5989 -0.7129 0.3647
vn -0.3383 -0.8014 0.4933
vn -0.3468 -0.6640 0.6625
vn -0.0174 -0.7335 0.6795
vn -0.0408 -0.8567 0.5141
vn 0.2483 -0.8707 0.4245
vn 0.3173 -0.7600 0.5673
vn 0.5972 -0.7177 0.3582
vn 0.4851 -0.8413 0.2383
vn 0.6341 -0.7731 -0.0159
vn 0.7672 -0.6367 0.0769
vn 0.8215 -0.5094 -0.2564
vn 0.6727 -0.6765 -0.2997
vn 0.5954 -0.5660 -0.5702
vn 0.7370 -0.3765 -0.5613
vn 0.2677 -0.6521 -0.7093
vn 0.0843 -0.8185 -0.5682
vn -0.0117 -0.7505 -0.6608
vn 0.0693 -0.5877 -0.8061
vn -0.1558 -0.5428 -0.8253
vn -0.1589 -0.7561 -0.6349
vn -0.3034 -0.7162 -0.6284
vn -0.3758 -0.5349 -0.7567
vn -0.5587 -0.5543 -0.6170
vn -0.3900 -0.7631 -0.5154
vn -0.4967 -0.7652 -0.4097
vn -0.6711 -0.6091 -0.4227
vn -0.7034 -0.6806 -0.2052
vn -0.4729 -0.8357 -0.2792
vn -0.4774 -0.8686 -0.1327
vn -0.6415 -0.7671 0.0002
vn -0.5040 -0.8473 0.1675
vn -0.3586 -0.9312 -0.0654
vn -0.2568 -0.9657 0.0392
vn -0.3047 -0.9156 0.2623
vn -0.0785 -0.9563 0.2816
vn -0.1146 -0.9934 0.0003
vn 0.0348 -0.9994 0.0054
vn 0.1402 -0.9675 0.2104
vn 0.3222 -0.9440 0.0718
vn 0.1156 -0.9860 -0.1199
vn 0.2267 -0.9503 -0.2132
vn 0.4328 -0.8930 -0.1234
vn 0.4652 -0.8181 -0.3381
vn 0.1977 -0.9137 -0.3552
vn 0.2075 -0.8474 -0.4888
vn 0.4034 -0.7360 -0.5437
vn -0.0424 0.1261 -0.9911
vn -0.8035 0.2221 -0.5524
vn -0.8055 0.1757 -0.5659
vn -0.9912 0.1015 0.0849
vn -0.7888 -0.4674 0.3991
vn 0.2191 0.9189 0.3280
vn -0.0556 0.5110 -0.8578
vn -0.7435 0.3461 -0.5722
vn -0.7189 0.4566 -0.5241
vn -0.7189 0.4566 -0.5240
vn -0.9368 0.2538 -0.2407
vn -0.9817 0.1399 0.1293
vn -0.8263 0.2042 0.5249
vn -0.7591 0.1293 -0.6381
vn -0.1457 -0.9301 -0.3373
vt 0.934345 -0.973190
vt 0.063874 -0.973191
vt 0.508089 -0.014811
vt 0.315215 0.330273
vt 0.309480 0.311718
vt 0.372483 0.303579
vt 0.377450 0.333141
vt 0.305216 0.269724
vt 0.359318 0.258809
vt 0.270503 0.264770
vt 0.275344 0.244649
vt 0.308613 0.255526
vt 0.267172 0.314999
vt 0.615871 0.733017
vt 0.634609 0.719894
vt 0.653347 0.706771
vt 0.638691 0.764317
vt 0.079235 0.884308
vt 0.079123 0.953556
vt 0.021969 0.953556
vt 0.022090 0.884308
vt 0.080806 0.838162
vt 0.023656 0.837771
vt 0.081195 0.779215
vt 0.024047 0.778467
vt 0.081509 0.723183
vt 0.024363 0.722148
vt 0.122251 0.602315
vt 0.122251 0.664193
vt 0.022541 0.664193
vt 0.022541 0.602315
vt 0.317447 0.664193
vt 0.221961 0.664193
vt 0.221962 0.602315
vt 0.317447 0.602315
vt 0.221962 0.571336
vt 0.317447 0.571336
vt 0.317447 0.540357
vt 0.221962 0.540357
vt 0.221961 0.509276
vt 0.317447 0.509276
vt 0.221961 0.478196
vt 0.317447 0.478196
vt 0.122251 0.571336
vt 0.022541 0.571336
vt 0.022541 0.540357
vt 0.122251 0.540357
vt 0.122251 0.509276
vt 0.022541 0.509276
vt 0.022541 0.478196
vt 0.122251 0.478196
vt 0.022541 0.536713
vt 0.022541 0.509265
vt 0.122251 0.537395
vt 0.022541 0.591432
vt 0.022541 0.564072
vt 0.122251 0.565432
vt 0.122251 0.593468
vt 0.221962 0.538077
vt 0.317447 0.538420
vt 0.317447 0.567475
vt 0.221962 0.566791
vt 0.221962 0.595505
vt 0.317447 0.596530
vt 0.120953 0.509270
vt 0.120953 0.534579
vt 0.061153 0.533355
vt 0.061153 0.509272
vt 0.120953 0.560652
vt 0.120953 0.586725
vt 0.061153 0.583955
vt 0.061153 0.558655
vt 0.120953 0.664193
vt 0.061153 0.664193
vt 0.246296 0.509267
vt 0.246296 0.536524
vt 0.180753 0.535803
vt 0.180753 0.509269
vt 0.246296 0.563593
vt 0.246296 0.590662
vt 0.180753 0.589494
vt 0.180753 0.562649
vt 0.246296 0.664193
vt 0.180753 0.664193
vt 0.054992 0.557471
vt 0.054992 0.581692
vt 0.048831 0.579429
vt 0.048831 0.556287
vt 0.054992 0.664193
vt 0.048831 0.664193
vt 0.054992 0.533250
vt 0.048831 0.533145
vt 0.320696 0.509268
vt 0.320696 0.537185
vt 0.320696 0.564962
vt 0.320696 0.592739
vt 0.320696 0.664193
vt 0.412933 0.664193
vt 0.412933 0.602315
vt 0.412933 0.571336
vt 0.412933 0.540357
vt 0.412933 0.509276
vt 0.412933 0.478196
vt 0.317447 0.447115
vt 0.412933 0.447115
vt 0.138655 0.724218
vt 0.195241 0.724735
vt 0.194930 0.780335
vt 0.138343 0.779962
vt 0.194545 0.838749
vt 0.137957 0.838554
vt 0.192965 0.884308
vt 0.136379 0.884308
vt 0.192866 0.953556
vt 0.136276 0.953556
vt 0.251828 0.725253
vt 0.251517 0.780709
vt 0.251134 0.838945
vt 0.249551 0.884308
vt 0.249457 0.953556
vt 0.317447 0.480120
vt 0.412933 0.479779
vt 0.412933 0.538764
vt 0.412933 0.568160
vt 0.412933 0.597556
vt 0.402810 0.509268
vt 0.402810 0.537846
vt 0.402810 0.566331
vt 0.402810 0.594815
vt 0.402810 0.664193
vt 0.054992 0.509749
vt 0.619147 0.514249
vt 0.619147 0.531652
vt 0.635848 0.533517
vt 0.635848 0.515286
vt 0.619147 0.492440
vt 0.635848 0.492440
vt 0.619147 0.470631
vt 0.635848 0.469594
vt 0.619147 0.453228
vt 0.635848 0.451364
vt 0.604270 0.505919
vt 0.604270 0.521974
vt 0.604270 0.492440
vt 0.604270 0.478962
vt 0.604270 0.462907
vt 0.313108 0.163918
vt 0.379129 0.165432
vt 0.379129 0.189731
vt 0.313108 0.189731
vt 0.313108 0.136254
vt 0.379129 0.144787
vt 0.248843 0.266091
vt 0.256199 0.246540
vt 0.731525 0.376200
vt 0.657712 0.405630
vt 0.681120 0.430264
vt 0.592282 0.417494
vt 0.634285 0.443809
vt 0.596056 0.440071
vt 0.645492 0.382979
vt 0.601507 0.389502
vt 0.609909 0.370186
vt 0.330198 0.247878
vt 0.355136 0.246753
vt 0.276935 0.343839
vt 0.249195 0.331556
vt 0.405002 0.271860
vt 0.244033 0.310659
vt 0.237580 0.326183
vt 0.461895 0.284606
vt 0.498408 0.244829
vt 0.461895 0.263837
vt 0.534370 0.237954
vt 0.498329 0.244829
vt 0.461454 0.298722
vt 0.461895 0.329399
vt 0.461895 0.333682
vt 0.461895 0.310333
vt 0.382512 0.325843
vt 0.461895 0.284356
vt 0.461895 0.334901
vt 0.461895 0.347178
vt 0.526061 0.295503
vt 0.506191 0.337250
vt 0.461895 0.357389
vt 0.529984 0.331437
vt 0.508352 0.343390
vt 0.539446 0.308717
vt 0.562227 0.239282
vt 0.529906 0.330597
vt 0.546268 0.326003
vt 0.589356 0.305327
vt 0.589356 0.243931
vt 0.589356 0.288935
vt 1.069518 0.224321
vt 1.069518 0.158888
vt 0.979679 0.194190
vt 0.498381 0.244829
vt 0.461895 0.324332
vt 0.461895 0.304974
vt 0.461895 0.285690
vt 0.461895 0.332442
vt 0.461895 0.343300
vt 0.526061 0.286064
vt 0.505832 0.336067
vt 0.547334 0.317969
vt 0.540559 0.293831
vt 0.276607 0.343733
vt 0.338611 0.925681
vt 0.406839 0.885580
vt 0.406743 0.953556
vt 0.338552 0.953556
vt 0.338670 0.884944
vt 0.340229 0.839790
vt 0.407621 0.862655
vt 0.339449 0.862367
vt 0.340612 0.781554
vt 0.408623 0.810224
vt 0.340420 0.810672
vt 0.408404 0.839730
vt 0.408842 0.780718
vt 0.409088 0.726994
vt 0.340922 0.726098
vt 0.341041 0.680827
vt 0.409283 0.680578
vt 0.640517 0.918755
vt 0.687521 0.961851
vt 0.636577 0.974048
vt 0.581311 0.969989
vt 0.586083 0.922741
vt 0.686562 0.920260
vt 0.644114 0.894795
vt 0.592887 0.889836
vt 0.635401 0.870455
vt 0.635317 0.863259
vt 0.649619 0.860320
vt 0.666171 0.855784
vt 0.667432 0.861025
vt 0.671914 0.883758
vt 0.650787 0.865256
vt 0.577805 0.995870
vt 0.509287 0.960036
vt 0.543876 0.937181
vt 0.564979 0.929961
vt 0.553095 0.913026
vt 0.559497 0.886774
vt 0.435743 0.862634
vt 0.463865 0.862613
vt 0.446085 0.881033
vt 0.460901 0.843856
vt 0.529005 0.848727
vt 0.878228 0.916109
vt 0.915024 0.919139
vt 0.909976 0.940270
vt 0.938965 0.931373
vt 0.920115 0.943471
vt 0.523712 0.903336
vt 0.466829 0.881371
vt 0.492143 0.919602
vt 0.453923 0.918660
vt 0.461761 0.953556
vt 0.426462 0.883307
vt 0.435417 0.953556
vt 0.525708 0.792330
vt 0.603295 0.841897
vt 0.956878 0.992574
vt 0.873214 0.989373
vt 0.463832 0.800998
vt 0.469072 0.764246
vt 0.512040 0.734321
vt 0.545057 0.704872
vt 0.476062 0.728153
vt 0.495588 0.660749
vt 0.535808 0.678786
vt 0.465414 0.677591
vt 0.525761 0.643907
vt 0.742359 0.956927
vt 0.730145 0.920352
vt 0.780317 0.944712
vt 0.797622 0.970452
vt 0.743163 0.993069
vt 0.684453 0.899985
vt 0.633099 0.995127
vt 0.689150 0.997484
vt 0.720372 0.895912
vt 0.758144 0.914657
vt 0.727823 0.880569
vt 0.717550 0.848243
vt 0.761922 0.858527
vt 0.731564 0.839103
vt 0.769327 0.792905
vt 0.794625 0.796507
vt 0.727651 0.839449
vt 0.717791 0.844774
vt 0.765909 0.789849
vt 0.655252 0.884401
vt 0.665977 0.811012
vt 0.713531 0.810774
vt 0.545242 0.731903
vt 0.564351 0.713396
vt 0.545345 0.742372
vt 0.458073 0.613445
vt 0.471685 0.617179
vt 0.434610 0.626036
vt 0.482577 0.616502
vt 0.501102 0.615194
vt 0.511250 0.642315
vt 0.592550 0.776243
vt 0.600163 0.668062
vt 0.595749 0.662149
vt 0.578487 0.646426
vt 0.587373 0.689200
vt 0.632658 0.697564
vt 0.558430 0.616330
vt 0.615643 0.556674
vt 0.640854 0.599944
vt 0.636770 0.597085
vt 0.824996 0.644421
vt 0.812425 0.604264
vt 0.842574 0.630192
vt 0.831200 0.677517
vt 0.795707 0.734716
vt 0.814017 0.673916
vt 0.840266 0.649157
vt 0.790330 0.628180
vt 0.833588 0.583209
vt 0.781277 0.721155
vt 0.737321 0.745894
vt 0.762301 0.701703
vt 0.804992 0.663721
vt 0.756886 0.658055
vt 0.831274 0.694188
vt 0.800274 0.736262
vt 0.844477 0.711017
vt 0.826171 0.745710
vt 0.803473 0.962694
vt 0.794467 0.937633
vt 0.808256 0.951383
vt 0.576718 0.718457
vt 0.702580 0.708035
vt 0.723262 0.676207
vt 0.737866 0.695497
vt 0.746806 0.708327
vt 0.729207 0.707064
vt 0.554400 0.467983
vt 0.563542 0.380075
vt 0.519341 0.438175
vt 0.519341 0.394416
vt 0.518444 0.380075
vt 0.751229 0.766944
vt 0.747962 0.713714
vt 0.579289 0.373089
vt 0.555185 0.496738
vt 0.555185 0.373089
vt 0.729453 0.712553
vt 0.535559 0.373089
vt 0.535559 0.471584
vt 0.704028 0.781133
vt 0.432542 0.380075
vt 0.432542 0.420081
vt 0.466180 0.391363
vt 0.472925 0.438244
vt 0.464588 0.380075
vt 0.698044 0.723930
vt 0.708305 0.717564
vt 0.700903 0.726438
vt 0.693501 0.735312
vt 0.689025 0.733624
vt 0.707064 0.714235
vt 0.718135 0.710649
vt 0.718879 0.715059
vt 0.523471 0.373089
vt 0.523471 0.471584
vt 0.511383 0.471583
vt 0.511383 0.373089
vt 0.499425 0.471584
vt 0.487467 0.373089
vt 0.499425 0.373089
vt 0.487467 0.471584
vt 0.687404 0.765075
vt 0.690041 0.766759
vt 0.431996 0.373089
vt 0.462784 0.373089
vt 0.431996 0.434753
vt 0.462784 0.471584
vt 0.676441 0.741297
vt 0.688772 0.720483
vt 0.570579 0.702295
vt 0.480649 0.600837
vt 0.689126 0.689436
vt 0.650931 0.656008
vt 0.641795 0.676786
vt 0.684570 0.535339
vt 0.676587 0.545532
vt 0.675061 0.536296
vt 0.669956 0.545006
vt 0.703880 0.539002
vt 0.695130 0.555951
vt 0.669777 0.614334
vt 0.687754 0.528054
vt 0.678576 0.531120
vt 0.755228 0.562053
vt 0.719926 0.562833
vt 0.755227 0.633088
vt 0.719926 0.633869
vt 0.737577 0.562443
vt 0.735226 0.593283
vt 0.737577 0.633479
vt 0.709090 0.529928
vt 0.881080 0.733905
vt 0.883712 0.568723
vt 0.914505 0.740598
vt 0.910992 0.591166
vt 0.938598 0.753796
vt 0.920198 0.589716
vt 0.940103 0.590822
vt 0.830684 0.790918
vt 0.832626 0.777158
vt 0.848370 0.709512
vt 0.849131 0.593624
vt 0.844306 0.887473
vt 0.865030 0.985682
vt 0.985786 0.890673
vt 0.959898 0.727572
vt 0.995140 0.794119
vt 0.965062 0.988882
vt 0.993199 0.780358
vt 0.981722 0.712713
vt 0.973776 0.602670
vt 0.990563 0.582955
vt 0.545082 0.431532
vt 0.579942 0.446802
vt 0.521604 0.730635
vt 0.588600 0.452547
vt 0.442737 0.444503
vt 0.489483 0.434636
vt 0.516266 0.426811
vt 0.024485 0.676545
vt 0.081630 0.677690
vt 0.251947 0.679981
vt 0.022541 0.447115
vt 0.122251 0.447115
vt 0.122251 0.360506
vt 0.122251 0.416035
vt 0.022541 0.360506
vt 0.022541 0.416035
vt 0.221961 0.447115
vt 0.317447 0.360506
vt 0.317447 0.416035
vt 0.221961 0.360506
vt 0.221961 0.416035
vt 0.122251 0.360449
vt 0.022541 0.360450
vt 0.317447 0.360449
vt 0.221961 0.360449
vt 0.122251 0.453010
vt 0.122251 0.481138
vt 0.022541 0.454367
vt 0.022541 0.481816
vt 0.122251 0.367623
vt 0.122251 0.424882
vt 0.022541 0.367623
vt 0.022541 0.426918
vt 0.317447 0.450970
vt 0.221961 0.480461
vt 0.221961 0.451653
vt 0.317447 0.421820
vt 0.317447 0.367623
vt 0.221961 0.422845
vt 0.221961 0.367623
vt 0.120953 0.457793
vt 0.120953 0.483961
vt 0.061153 0.459791
vt 0.061153 0.485188
vt 0.120953 0.368814
vt 0.120953 0.431625
vt 0.061153 0.368814
vt 0.061153 0.434395
vt 0.246296 0.454849
vt 0.246296 0.482011
vt 0.180753 0.455795
vt 0.180753 0.482734
vt 0.246296 0.368814
vt 0.246296 0.427688
vt 0.180753 0.368814
vt 0.180753 0.428856
vt 0.054992 0.462478
vt 0.054992 0.486248
vt 0.048831 0.465165
vt 0.048831 0.487308
vt 0.048831 0.510226
vt 0.054992 0.368815
vt 0.054992 0.438709
vt 0.048831 0.368815
vt 0.048831 0.443023
vt 0.320696 0.481350
vt 0.320696 0.453481
vt 0.320696 0.425611
vt 0.320696 0.368814
vt 0.714474 0.384564
vt 0.628674 0.411635
vt 0.618254 0.438005
vt 0.581120 0.438192
vt 0.564043 0.413834
vt 0.643849 0.382284
vt 0.569531 0.393070
vt 0.412933 0.416035
vt 0.412933 0.360506
vt 0.138775 0.678836
vt 0.195361 0.679408
vt 0.412933 0.360449
vt 0.412933 0.450286
vt 0.412933 0.420794
vt 0.412933 0.367623
vt 0.402810 0.452113
vt 0.402810 0.423535
vt 0.402810 0.480690
vt 0.402810 0.368814
vt 0.214091 0.086915
vt 0.257559 0.073471
vt 0.257559 0.104329
vt 0.214091 0.058107
vt 0.257559 0.043131
vt 0.214091 0.035061
vt 0.257559 0.023219
vt 0.214091 0.113802
vt 0.257559 0.124244
vt 0.323020 0.100761
vt 0.323020 0.073471
vt 0.323020 0.046701
vt 0.323020 0.024171
vt 0.323020 0.123289
vt 0.462120 0.100761
vt 0.462120 0.073471
vt 0.462120 0.046376
vt 0.462120 0.024171
vt 0.462120 0.123289
vt 0.522607 0.087875
vt 0.522607 0.058107
vt 0.522607 0.037942
vt 0.522607 0.110921
vt 0.846434 0.538409
vt 0.820085 0.556535
vt 0.840150 0.532749
vt 0.813801 0.550875
vt 0.833847 0.527072
vt 0.807498 0.545197
vt 0.827508 0.521362
vt 0.801158 0.539487
vt 0.852722 0.544073
vt 0.826373 0.562199
vt 0.852738 0.544087
vt 0.826388 0.562213
vt 0.735040 0.492440
vt 0.587445 0.492440
vt 0.229007 0.206294
vt 0.313108 0.217929
vt 0.229007 0.173957
vt 0.229007 0.153451
vt 0.229007 0.154240
vt 0.229007 0.228377
vt 0.313108 0.241094
vt 0.379129 0.211916
vt 0.379129 0.232561
vt 0.551391 0.210237
vt 0.551391 0.189731
vt 0.551391 0.171827
vt 0.551391 0.151369
vt 0.551391 0.225978
vt 0.596395 0.198259
vt 0.596395 0.177753
vt 0.596395 0.159613
vt 0.596395 0.199048
vt 0.596395 0.217976
vt -0.018359 -0.079798
vt -0.307212 -0.367171
vt -0.018359 -0.333897
vt -0.018359 -0.481875
vt -0.091235 -0.025260
vt -0.018359 -0.020602
vt -0.171767 -0.044930
vt -0.277258 -0.088073
vt -0.363969 -0.184679
vt -0.443525 -0.313040
vt -0.356809 -0.473692
vt -0.502920 -0.424224
vt -0.527686 -0.466258
vt -0.320756 -0.610925
vt -0.428209 -0.643587
vt -0.373154 -0.767549
vt -0.290511 -0.902598
vt -0.203096 -0.961239
vt -0.459905 -0.585591
vt -0.491601 -0.527594
vt -0.018359 -0.657419
vt -0.110727 -0.809329
vt -0.018359 -0.813027
vt -0.018359 -0.968635
vt -0.864116 -0.878671
vt -0.862629 -0.794099
vt -0.864557 -0.878062
vt -0.993873 -0.879970
vt -0.975539 -0.733605
vt -0.858433 -0.966063
vt -0.979034 -0.976531
vt -0.861322 -0.794797
vt -0.856614 -0.965362
vt -0.942913 -0.606297
vt -0.777814 -0.671730
vt -0.808450 -0.716895
vt -0.750956 -0.678468
vt -0.807303 -0.716753
vt -0.776497 -0.672617
vt -0.804006 -0.605703
vt -0.709066 -0.567556
vt -0.770759 -0.613281
vt -0.803711 -0.605703
vt -0.888637 -0.506100
vt -0.735874 -0.557664
vt -0.736759 -0.493013
vt -0.736949 -0.492004
vt -0.708919 -0.248739
vt -0.715988 -0.232036
vt -0.812087 -0.221142
vt -0.774509 -0.107837
vt -0.703885 -0.013331
vt -0.623274 -0.153146
vt -0.664534 -0.455012
vt -0.669382 -0.308879
vt -0.700606 -0.327718
vt -0.641090 -0.438667
vt -0.670090 -0.307404
vt -0.569119 -0.390956
vt -0.699035 -0.263774
vt -0.704513 -0.250878
vt -0.596197 -0.272050
vt -0.639480 -0.438006
vt -0.572884 -0.765620
vt -0.573525 -0.765176
vt -0.548596 -0.805702
vt -0.475899 -0.768344
vt -0.548431 -0.806341
vt -0.425111 -0.937407
vt -0.508884 -0.668705
vt -0.641035 -0.706510
vt -0.673900 -0.714807
vt -0.639859 -0.706930
vt -0.602004 -0.648458
vt -0.634261 -0.661893
vt -0.602555 -0.648183
vt -0.534150 -0.572281
vt -0.612127 -0.540559
vt -0.707556 -0.611096
vt -0.656508 -0.546328
vt -0.613151 -0.539224
vt -0.676902 -0.610065
vt -0.673771 -0.609245
vt 0.782557 0.195968
vt 0.794734 0.192329
vt 0.804621 0.217925
vt 0.794212 0.225922
vt 0.875194 0.247250
vt 0.867632 0.234290
vt 0.883332 0.223325
vt 0.892542 0.232874
vt 0.827430 0.235326
vt 0.819629 0.246588
vt 0.850197 0.253526
vt 0.850186 0.238915
vt 0.600501 0.153104
vt 0.697762 0.153104
vt 0.697762 0.168232
vt 0.600501 0.168232
vt 0.792827 0.173136
vt 0.796508 0.160537
vt 0.783996 0.153104
vt 0.780945 0.168232
vt 0.791567 0.294437
vt 0.886855 0.294437
vt 0.886854 0.360849
vt 0.791567 0.360849
vt 0.805550 0.138987
vt 0.795554 0.131695
vt 0.697762 0.226267
vt 0.697762 0.195968
vt 0.600501 0.195968
vt 0.600501 0.226267
vt 0.897972 0.157994
vt 0.901160 0.173938
vt 0.914818 0.168232
vt 0.910224 0.153104
vt 0.912114 0.195968
vt 0.912180 0.184483
vt 0.982546 0.184546
vt 0.982546 0.195968
vt 0.982546 0.168232
vt 0.982546 0.177453
vt 0.914777 0.177453
vt 0.782088 0.178291
vt 0.697762 0.178291
vt 0.697762 0.184245
vt 0.782088 0.184245
vt 0.600501 0.178291
vt 0.600501 0.184245
vt 0.982546 0.360849
vt 0.982546 0.294437
vt 0.889967 0.143738
vt 0.902808 0.136177
vt 0.139448 0.333276
vt 0.139448 0.272882
vt 0.160295 0.272882
vt 0.160295 0.333276
vt 0.063448 0.333276
vt 0.063448 0.272882
vt 0.063448 0.212489
vt 0.139448 0.212489
vt 0.063448 0.152095
vt 0.139448 0.152095
vt 0.224374 0.272882
vt 0.148374 0.272882
vt 0.148374 0.333276
vt 0.224374 0.333276
vt 0.224374 0.212489
vt 0.148374 0.212489
vt 0.224374 0.152095
vt 0.148374 0.152095
vt 0.127528 0.272882
vt 0.127528 0.333276
vt 0.127528 0.212489
vt 0.127528 0.152095
vt 0.746146 0.417787
vt 0.952516 0.436709
vt 0.952878 0.447887
vt 0.746508 0.423710
vt 0.746146 0.413642
vt 0.952516 0.420591
vt 0.600794 0.008586
vt 0.697762 0.008586
vt 0.600794 0.023511
vt 0.697762 0.023511
vt 0.817444 0.110818
vt 0.827072 0.119570
vt 0.838566 0.112047
vt 0.827647 0.093446
vt 0.845663 0.106109
vt 0.835310 0.086568
vt 0.886855 0.119455
vt 0.878644 0.130418
vt 0.868753 0.108161
vt 0.863542 0.121163
vt 0.845252 0.119950
vt 0.831982 0.105021
vt 0.819179 0.080922
vt 0.804044 0.087188
vt 0.806719 0.040881
vt 0.798840 0.045919
vt 0.785292 0.006739
vt 0.778358 0.011699
vt 0.784618 0.053704
vt 0.795021 0.045973
vt 0.763174 0.008586
vt 0.763174 0.023511
vt 0.774893 0.014963
vt 0.795165 0.045953
vt 0.902895 0.187960
vt 0.697762 0.088045
vt 0.762904 0.062289
vt 0.773304 0.087762
vt 0.600501 0.294437
vt 0.600501 0.360849
vt 0.697762 0.294437
vt 0.697762 0.360849
vt 0.600501 0.088045
vt 0.886855 0.088044
vt 0.886855 0.007141
vt 0.982546 0.232909
vt 0.982546 0.153104
vt 0.982546 0.088044
vt 0.982546 0.007141
vt 0.735609 0.120767
vt 0.160295 0.212489
vt 0.160295 0.152095
vt 0.160295 0.091702
vt 0.224374 0.091702
vt 0.160295 0.031308
vt 0.224374 0.031308
vt 0.139448 0.091702
vt 0.139448 0.031308
vt 0.063448 0.091702
vt 0.063448 0.031308
vt 0.148374 0.091702
vt 0.148374 0.031308
vt 0.127528 0.091702
vt 0.127528 0.031308
vt 0.746146 0.408580
vt 0.952516 0.400900
vt 0.746146 0.404532
vt 0.952516 0.385158
vt 0.746509 0.398765
vt 0.952879 0.374588
vt 0.736733 0.420854
vt 0.736733 0.415837
vt 0.736733 0.410402
vt 0.736733 0.406221
vt 0.736733 0.401204
vt -0.994025 0.011355
vt -0.859634 0.469248
vt -0.940519 0.011355
vt -0.811655 0.456306
vt -0.782216 0.565355
vt -0.771225 0.484800
vt -0.498387 0.565355
vt -0.498386 0.484799
vt -0.214556 0.565355
vt -0.225547 0.484800
vt -0.137139 0.469247
vt -0.185117 0.456306
vt -0.056254 0.011355
vt -0.002748 0.011355
vt -0.242205 0.413344
vt -0.160300 -0.012701
vt -0.498386 -0.012700
vt -0.498386 0.413344
vt -0.138085 0.011355
vt -0.241134 0.413344
vt -0.858688 0.011356
vt -0.836473 -0.012700
vt -0.754567 0.413344
vt -0.755638 0.413344
vt -0.994025 -0.053748
vt -0.859634 0.469034
vt -0.940519 -0.053748
vt -0.782216 0.549946
vt -0.498386 0.549945
vt -0.231587 0.547066
vt -0.234706 0.480726
vt -0.137138 0.469034
vt -0.056254 -0.053748
vt -0.002748 -0.053748
vt -0.237553 0.413344
vt -0.153229 -0.077803
vt -0.498386 -0.077803
vt -0.138085 -0.053747
vt -0.237553 0.415554
vt -0.858688 -0.053748
vt -0.843544 -0.077803
vt -0.759220 0.413344
vt -0.759220 0.415554
vt -0.498387 0.415554
vt -0.859634 0.472887
vt -0.782216 0.551903
vt -0.498386 0.551902
vt -0.214556 0.551902
vt -0.137138 0.472887
vt -0.233513 0.480726
vt -0.994025 -0.006782
vt -0.940519 -0.006782
vt -0.056254 -0.006783
vt -0.002748 -0.006783
vt -0.153229 -0.030838
vt -0.498386 -0.030838
vt -0.138085 -0.006782
vt -0.858688 -0.006782
vt -0.843544 -0.030838
vt -0.002748 -0.032874
vt -0.056254 -0.032874
vt -0.940519 -0.032874
vt -0.994025 -0.032874
vt -0.843544 -0.056930
vt -0.498386 -0.056930
vt -0.858688 -0.032874
vt -0.138085 -0.032874
vt -0.153229 -0.056930
vt -0.090756 0.905591
vt -0.037957 0.974070
vt -0.008546 0.970331
vt -0.070080 0.876005
vt -0.111431 0.935178
vt -0.067369 0.977809
vt -0.069050 0.992943
vt -0.826010 0.998628
vt -0.111431 0.945267
vt -0.926035 0.583308
vt -0.926979 0.995265
vt -0.926979 0.577771
vt -0.949894 0.995540
vt -0.984540 0.995815
vt -0.984540 0.577490
vt -0.949894 0.546661
vt -0.959153 0.525147
vt -0.894242 0.510673
vt 1.037318 -0.916325
vt 1.037318 -0.740692
vt 1.003865 -0.740692
vt 1.003865 -0.916325
vt 1.032957 0.026166
vt 1.032208 0.025288
vt 1.033780 0.026166
vt 1.031459 0.024410
vt 0.005368 -0.658415
vt 0.005368 -0.752471
vt 0.034344 -0.659803
vt 0.034344 -0.742493
vt 1.030347 0.010593
vt 0.005368 -0.992329
vt 0.034343 -0.992844
vt 0.005368 -0.962870
vt 0.034343 -0.943054
vt 0.034344 -0.899147
vt 0.005368 -0.897484
vt 0.005368 -0.866145
vt 1.067162 0.326926
vt 0.982546 0.232910
vt 1.067162 0.262929
vt 0.982785 0.168232
vt 0.987331 0.168232
vt 1.067162 0.186684
vt 1.034371 0.006482
vt 0.988922 0.195342
vt 0.982546 0.088045
vt 1.067162 0.122788
vt 1.030449 0.020126
vt 0.589604 0.024002
vt 0.479558 0.055627
vt 1.030235 0.011743
vt 1.067162 0.049847
vt 0.034344 -0.849052
vt 2.037812 -0.750219
vt 2.037812 -0.659722
vt 2.004359 -0.673696
vt 2.004359 -0.750188
vt 1.037318 -0.665823
vt 1.003865 -0.669775
vt 0.063449 0.272882
vt 0.063449 0.333276
vt -0.067529 0.304873
vt 0.063449 0.212489
vt -0.067529 0.246407
vt 0.063449 0.152095
vt -0.067529 0.183527
vt 0.063449 0.091702
vt -0.067529 0.120648
vt 0.063449 0.031308
vt -0.067529 0.062181
vt 1.005148 0.441758
vt 0.957381 0.446355
vt 0.957108 0.437971
vt 1.005148 0.427543
vt 0.957108 0.434418
vt 0.957108 0.422329
vt 1.005148 0.412074
vt 0.957108 0.418461
vt 0.957108 0.403693
vt 1.005148 0.393678
vt 0.957108 0.399094
vt 0.957109 0.387288
vt 1.005148 0.380717
vt 0.957109 0.384048
vt 0.957381 0.376121
vt 0.946405 0.545401
vt 0.897969 0.556267
vt 0.890212 0.541571
vt 0.925270 0.528452
vt 0.852470 0.534203
vt 0.853616 0.548106
vt 0.825188 0.545361
vt 0.826859 0.531022
vt 0.744915 0.511301
vt 0.775043 0.508797
vt 0.784090 0.518298
vt 0.771781 0.534025
vt 0.807432 0.521001
vt 0.794410 0.505979
vt 0.784039 0.518455
vt 0.802672 0.535437
vt 0.798648 0.556748
vt 0.824090 0.561941
vt 0.825048 0.545168
vt 0.849533 0.567133
vt 0.890417 0.541605
vt 0.853633 0.548066
vt 0.964590 0.521170
vt 0.947068 0.509063
vt 0.925322 0.528461
vt 0.982773 0.496938
vt 0.955327 0.498265
vt 0.913186 0.516256
vt 0.883957 0.528665
vt 0.878689 0.516956
vt 0.902895 0.505822
vt 0.829764 0.518992
vt 0.851879 0.521380
vt 0.807443 0.521003
vt 0.794422 0.505940
vt 0.803520 0.496953
vt 0.813460 0.510130
vt 0.809947 0.482241
vt 0.800494 0.488980
vt 0.812370 0.489365
vt 0.826824 0.530974
vt 0.884009 0.528673
vt 0.913199 0.516258
vt 0.931723 0.498689
vt 0.918027 0.489923
vt 0.938353 0.488649
vt 0.922786 0.480452
vt 0.893238 0.496379
vt 0.873645 0.505683
vt 0.868891 0.495926
vt 0.883796 0.487945
vt 0.851572 0.509287
vt 0.833579 0.507847
vt 0.837415 0.497984
vt 0.851343 0.498487
vt 0.820479 0.500783
vt 0.820546 0.482429
vt 0.827713 0.491681
vt 0.818781 0.476062
vt 0.904704 0.482533
vt 0.892627 0.477605
vt 0.907839 0.474253
vt 0.893795 0.471292
vt 0.873266 0.479674
vt 0.863153 0.485323
vt 0.857991 0.476927
vt 0.862781 0.472629
vt 0.851007 0.487357
vt 0.841812 0.486991
vt 0.845015 0.478041
vt 0.850518 0.477021
vt 0.835360 0.482156
vt 0.829919 0.475095
vt 0.837621 0.470330
vt 0.841863 0.473943
vt 0.828378 0.470436
vt 0.837750 0.467365
vt 0.878866 0.473223
vt 0.867404 0.469686
vt 0.879160 0.469373
vt 0.865894 0.467412
vt 0.802719 0.535446
vt 0.789426 0.497291
vt 0.850330 0.467335
s 1
usemtl shiny_mat1
f 1/1/1 2/2/2 3/3/3
f 2/2/2 4/1/4 3/3/3
f 4/1/4 5/2/5 3/3/3
f 5/2/5 6/1/6 3/3/3
f 6/1/6 7/2/7 3/3/3
f 7/2/7 8/1/8 3/3/3
f 8/1/8 9/2/9 3/3/3
f 9/2/9 1/1/1 3/3/3
f 10/1/10 11/3/11 12/2/12
f 12/2/12 11/3/11 13/1/13
f 13/1/13 11/3/11 14/2/14
f 14/2/14 11/3/11 15/1/15
f 15/1/15 11/3/11 16/2/16
f 16/2/16 11/3/11 17/1/17
f 17/1/17 11/3/11 18/2/18
f 18/2/18 11/3/11 10/1/10
usemtl shiny_mat4
f 19/4/19 20/5/20 21/6/21
f 22/7/22 19/4/19 21/6/21
f 20/5/20 23/8/23 24/9/24
f 21/6/21 20/5/20 24/9/24
f 25/5/25 26/8/26 27/9/27
f 28/6/28 25/5/25 27/9/27
f 29/10/29 30/11/30 31/12/31
f 26/8/26 29/10/29 31/12/31
f 32/13/32 33/10/33 34/8/34
f 35/5/35 32/13/32 34/8/34
f 33/10/33 36/11/36 37/12/37
f 34/8/34 33/10/33 37/12/37
f 38/8/38 39/10/39 40/13/40
f 41/5/41 38/8/38 40/13/40
f 37/12/37 36/11/36 39/10/39
f 38/8/38 37/12/37 39/10/39
f 42/14/42 43/15/43 44/16/44
f 45/17/45 42/14/42 44/16/44
f 46/6/46 47/5/47 48/4/48
f 49/7/49 46/6/46 48/4/48
f 50/9/50 51/8/51 47/5/47
f 46/6/46 50/9/50 47/5/47
f 52/18/52 53/19/53 54/20/54
f 55/21/55 52/18/52 54/20/54
f 56/13/56 57/10/57 23/8/23
f 20/5/20 56/13/56 23/8/23
f 57/10/57 58/11/58 59/12/59
f 23/8/23 57/10/57 59/12/59
f 60/6/60 61/5/61 19/4/19
f 22/7/22 60/6/60 19/4/19
f 62/9/62 63/8/63 61/5/61
f 60/6/60 62/9/62 61/5/61
f 64/22/64 52/18/52 55/21/55
f 65/23/65 64/22/64 55/21/55
f 66/24/66 64/22/64 65/23/65
f 67/25/67 66/24/66 65/23/65
f 68/26/68 66/24/66 67/25/67
f 69/27/69 68/26/68 67/25/67
f 70/13/70 29/10/29 26/8/26
f 25/5/25 70/13/70 26/8/26
f 48/4/48 25/5/25 28/6/28
f 49/7/49 48/4/48 28/6/28
f 51/8/51 71/10/71 72/13/72
f 47/5/47 51/8/51 72/13/72
f 63/8/63 73/10/73 74/13/74
f 61/5/61 63/8/63 74/13/74
f 75/6/75 41/5/41 76/4/76
f 77/7/77 75/6/75 76/4/76
f 78/9/78 38/8/38 41/5/41
f 75/6/75 78/9/78 41/5/41
f 76/4/76 35/5/35 79/6/79
f 77/7/77 76/4/76 79/6/79
f 35/5/35 34/8/34 80/9/80
f 79/6/79 35/5/35 80/9/80
f 59/12/59 58/11/58 73/10/73
f 63/8/63 59/12/59 73/10/73
f 31/12/31 30/11/30 71/10/71
f 51/8/51 31/12/31 71/10/71
f 54/20/54 53/19/53 81/18/81
f 82/21/82 54/20/54 81/18/81
f 82/21/82 81/18/81 83/22/83
f 84/23/84 82/21/82 83/22/83
f 84/23/84 83/22/83 85/24/85
f 86/25/86 84/23/84 85/24/85
f 87/28/87 88/29/88 89/30/89
f 90/31/90 87/28/87 89/30/89
f 91/32/91 92/33/92 93/34/93
f 94/35/94 91/32/91 93/34/93
f 94/35/94 93/34/93 95/36/95
f 96/37/96 94/35/94 95/36/95
f 97/38/97 98/39/98 99/40/99
f 100/41/100 97/38/97 99/40/99
f 100/41/100 99/40/99 101/42/101
f 102/43/102 100/41/100 101/42/101
f 96/37/96 95/36/95 98/39/98
f 97/38/97 96/37/96 98/39/98
f 89/30/89 88/29/88 103/28/103
f 104/31/104 89/30/89 103/28/103
f 104/31/104 103/28/103 105/44/105
f 106/45/106 104/31/104 105/44/105
f 107/46/107 108/47/108 109/48/109
f 110/49/110 107/46/107 109/48/109
f 111/50/111 110/49/110 109/48/109
f 112/51/112 111/50/111 109/48/109
f 107/46/107 106/45/106 105/44/105
f 108/47/108 107/46/107 105/44/105
f 113/46/113 114/49/114 115/48/115
f 116/47/116 113/46/113 115/48/115
f 117/31/117 118/45/118 119/44/119
f 120/28/120 117/31/117 119/44/119
f 117/31/117 120/28/120 121/29/121
f 122/30/122 117/31/117 121/29/121
f 113/46/113 116/47/116 119/44/119
f 118/45/118 113/46/113 119/44/119
f 123/50/123 124/51/124 115/48/115
f 114/49/114 123/50/123 115/48/115
f 125/47/125 126/48/126 127/49/127
f 128/46/128 125/47/125 127/49/127
f 129/28/129 130/44/130 131/45/131
f 132/31/132 129/28/129 131/45/131
f 121/29/121 129/28/129 132/31/132
f 122/30/122 121/29/121 132/31/132
f 130/44/130 125/47/125 128/46/128
f 131/45/131 130/44/130 128/46/128
f 126/48/126 133/51/133 134/50/134
f 127/49/127 126/48/126 134/50/134
f 135/52/135 136/53/136 137/48/137
f 138/54/138 135/52/135 137/48/137
f 139/55/139 140/56/140 141/57/141
f 142/58/142 139/55/139 141/57/141
f 139/55/139 142/58/142 143/29/143
f 144/30/144 139/55/139 143/29/143
f 135/52/135 138/54/138 141/57/141
f 140/56/140 135/52/135 141/57/141
f 145/54/145 146/48/146 147/53/147
f 148/52/148 145/54/145 147/53/147
f 149/58/149 150/57/150 151/56/151
f 152/55/152 149/58/149 151/56/151
f 143/29/143 149/58/149 152/55/152
f 144/30/144 143/29/143 152/55/152
f 153/41/153 154/40/154 155/59/155
f 156/60/156 153/41/153 155/59/155
f 157/61/157 158/62/158 159/63/159
f 160/64/160 157/61/157 159/63/159
f 160/64/160 159/63/159 161/33/161
f 162/32/162 160/64/160 161/33/161
f 150/57/150 145/54/145 148/52/148
f 151/56/151 150/57/150 148/52/148
f 156/60/156 155/59/155 158/62/158
f 157/61/157 156/60/156 158/62/158
f 163/65/163 164/66/164 165/67/165
f 166/68/166 163/65/163 165/67/165
f 167/69/167 168/70/168 169/71/169
f 170/72/170 167/69/167 169/71/169
f 168/70/168 171/73/171 172/74/172
f 169/71/169 168/70/168 172/74/172
f 173/75/173 174/76/174 175/77/175
f 176/78/176 173/75/173 175/77/175
f 177/79/177 178/80/178 179/81/179
f 180/82/180 177/79/177 179/81/179
f 178/80/178 181/83/181 182/84/182
f 179/81/179 178/80/178 182/84/182
f 183/85/183 184/86/184 185/87/185
f 186/88/186 183/85/183 185/87/185
f 184/86/184 187/89/187 188/90/188
f 185/87/185 184/86/184 188/90/188
f 189/91/189 183/85/183 186/88/186
f 190/92/190 189/91/189 186/88/186
f 164/66/164 167/69/167 170/72/170
f 165/67/165 164/66/164 170/72/170
f 174/76/174 177/79/177 180/82/180
f 175/77/175 174/76/174 180/82/180
f 191/67/191 192/66/192 193/65/193
f 194/68/194 191/67/191 193/65/193
f 195/71/195 196/70/196 197/69/197
f 198/72/198 195/71/195 197/69/197
f 172/74/172 171/73/171 196/70/196
f 195/71/195 172/74/172 196/70/196
f 199/77/199 200/76/200 201/75/201
f 202/78/202 199/77/199 201/75/201
f 203/81/203 204/80/204 205/79/205
f 206/82/206 203/81/203 205/79/205
f 182/84/182 181/83/181 204/80/204
f 203/81/203 182/84/182 204/80/204
f 207/93/207 201/75/201 200/76/200
f 208/94/208 207/93/207 200/76/200
f 209/95/209 205/79/205 204/80/204
f 210/96/210 209/95/209 204/80/204
f 210/96/210 204/80/204 181/83/181
f 211/97/211 210/96/210 181/83/181
f 212/87/212 213/86/213 214/85/214
f 215/88/215 212/87/212 214/85/214
f 188/90/188 187/89/187 213/86/213
f 212/87/212 188/90/188 213/86/213
f 215/88/215 214/85/214 216/91/216
f 217/92/217 215/88/215 216/91/216
f 198/72/198 197/69/197 192/66/192
f 191/67/191 198/72/198 192/66/192
f 206/82/206 205/79/205 200/76/200
f 199/77/199 206/82/206 200/76/200
f 208/94/208 200/76/200 205/79/205
f 209/95/209 208/94/208 205/79/205
f 218/34/218 92/33/92 91/32/91
f 219/35/219 218/34/218 91/32/91
f 220/36/220 218/34/218 219/35/219
f 221/37/221 220/36/220 219/35/219
f 222/39/222 220/36/220 221/37/221
f 223/38/223 222/39/222 221/37/221
f 224/40/224 222/39/222 223/38/223
f 225/41/225 224/40/224 223/38/223
f 226/42/226 224/40/224 225/41/225
f 227/43/227 226/42/226 225/41/225
f 219/35/219 91/32/91 228/98/228
f 229/99/229 219/35/219 228/98/228
f 221/37/221 219/35/219 229/99/229
f 230/100/230 221/37/221 229/99/229
f 223/38/223 221/37/221 230/100/230
f 231/101/231 223/38/223 230/100/230
f 225/41/225 223/38/223 231/101/231
f 232/102/232 225/41/225 231/101/231
f 227/43/227 225/41/225 232/102/232
f 233/103/233 227/43/227 232/102/232
f 234/104/234 227/43/227 233/103/233
f 235/105/235 234/104/234 233/103/233
f 236/103/236 102/43/102 237/104/237
f 238/105/238 236/103/236 237/104/237
f 239/102/239 100/41/100 102/43/102
f 236/103/236 239/102/239 102/43/102
f 240/101/240 97/38/97 100/41/100
f 239/102/239 240/101/240 100/41/100
f 241/100/241 96/37/96 97/38/97
f 240/101/240 241/100/241 97/38/97
f 242/99/242 94/35/94 96/37/96
f 241/100/241 242/99/242 96/37/96
f 228/98/228 91/32/91 94/35/94
f 242/99/242 228/98/228 94/35/94
f 243/48/243 99/40/99 98/39/98
f 244/47/244 243/48/243 98/39/98
f 244/47/244 98/39/98 95/36/95
f 245/44/245 244/47/244 95/36/95
f 245/44/245 95/36/95 93/34/93
f 87/28/87 245/44/245 93/34/93
f 87/28/87 93/34/93 92/33/92
f 88/29/88 87/28/87 92/33/92
f 88/29/88 92/33/92 218/34/218
f 103/28/103 88/29/88 218/34/218
f 103/28/103 218/34/218 220/36/220
f 105/44/105 103/28/103 220/36/220
f 108/47/108 105/44/105 220/36/220
f 222/39/222 108/47/108 220/36/220
f 108/47/108 222/39/222 224/40/224
f 109/48/109 108/47/108 224/40/224
f 112/51/112 109/48/109 224/40/224
f 226/42/226 112/51/112 224/40/224
f 246/106/246 247/107/247 248/108/248
f 249/109/249 246/106/246 248/108/248
f 249/109/249 248/108/248 250/110/250
f 251/111/251 249/109/249 250/110/250
f 251/111/251 250/110/250 252/112/252
f 253/113/253 251/111/251 252/112/252
f 253/113/253 252/112/252 254/114/254
f 255/115/255 253/113/253 254/114/254
f 255/115/255 254/114/254 256/112/256
f 257/113/257 255/115/255 256/112/256
f 257/113/257 256/112/256 258/110/258
f 259/111/259 257/113/257 258/110/258
f 259/111/259 258/110/258 260/108/260
f 261/109/261 259/111/259 260/108/260
f 261/109/261 260/108/260 262/107/262
f 263/106/263 261/109/261 262/107/262
f 68/26/68 246/106/246 249/109/249
f 66/24/66 68/26/68 249/109/249
f 66/24/66 249/109/249 251/111/251
f 64/22/64 66/24/66 251/111/251
f 64/22/64 251/111/251 253/113/253
f 52/18/52 64/22/64 253/113/253
f 52/18/52 253/113/253 255/115/255
f 53/19/53 52/18/52 255/115/255
f 53/19/53 255/115/255 257/113/257
f 81/18/81 53/19/53 257/113/257
f 81/18/81 257/113/257 259/111/259
f 83/22/83 81/18/81 259/111/259
f 83/22/83 259/111/259 261/109/261
f 85/24/85 83/22/83 261/109/261
f 85/24/85 261/109/261 263/106/263
f 264/26/264 85/24/85 263/106/263
f 247/107/247 265/116/265 266/117/266
f 248/108/248 247/107/247 266/117/266
f 248/108/248 266/117/266 267/118/267
f 250/110/250 248/108/248 267/118/267
f 250/110/250 267/118/267 268/119/268
f 252/112/252 250/110/250 268/119/268
f 252/112/252 268/119/268 269/120/269
f 254/114/254 252/112/252 269/120/269
f 254/114/254 269/120/269 270/119/270
f 256/112/256 254/114/254 270/119/270
f 256/112/256 270/119/270 271/118/271
f 258/110/258 256/112/256 271/118/271
f 258/110/258 271/118/271 272/117/272
f 260/108/260 258/110/258 272/117/272
f 260/108/260 272/117/272 273/116/273
f 262/107/262 260/108/260 273/116/273
f 274/40/274 275/42/275 276/43/276
f 277/41/277 274/40/274 276/43/276
f 278/39/278 274/40/274 277/41/277
f 279/38/279 278/39/278 277/41/277
f 124/51/124 275/42/275 274/40/274
f 115/48/115 124/51/124 274/40/274
f 116/47/116 115/48/115 274/40/274
f 278/39/278 116/47/116 274/40/274
f 116/47/116 278/39/278 280/36/280
f 119/44/119 116/47/116 280/36/280
f 120/28/120 119/44/119 280/36/280
f 281/34/281 120/28/120 280/36/280
f 125/47/125 282/39/282 283/40/283
f 126/48/126 125/47/125 283/40/283
f 126/48/126 283/40/283 284/42/284
f 133/51/133 126/48/126 284/42/284
f 285/59/285 286/40/286 287/41/287
f 288/60/288 285/59/285 287/41/287
f 289/62/289 285/59/285 288/60/288
f 290/61/290 289/62/289 288/60/288
f 291/63/291 289/62/289 290/61/290
f 292/64/292 291/63/291 290/61/290
f 161/33/161 291/63/291 292/64/292
f 162/32/162 161/33/161 292/64/292
f 138/54/138 137/48/137 286/40/286
f 285/59/285 138/54/138 286/40/286
f 138/54/138 285/59/285 289/62/289
f 141/57/141 138/54/138 289/62/289
f 142/58/142 141/57/141 289/62/289
f 291/63/291 142/58/142 289/62/289
f 142/58/142 291/63/291 161/33/161
f 143/29/143 142/58/142 161/33/161
f 143/29/143 161/33/161 159/63/159
f 149/58/149 143/29/143 159/63/159
f 149/58/149 159/63/159 158/62/158
f 150/57/150 149/58/149 158/62/158
f 150/57/150 158/62/158 155/59/155
f 145/54/145 150/57/150 155/59/155
f 145/54/145 155/59/155 154/40/154
f 146/48/146 145/54/145 154/40/154
f 287/41/287 293/121/293 294/122/294
f 295/102/295 287/41/287 294/122/294
f 288/60/288 287/41/287 295/102/295
f 296/123/296 288/60/288 295/102/295
f 290/61/290 288/60/288 296/123/296
f 297/124/297 290/61/290 296/123/296
f 292/64/292 290/61/290 297/124/297
f 298/125/298 292/64/292 297/124/297
f 162/32/162 292/64/292 298/125/298
f 299/98/299 162/32/162 298/125/298
f 300/125/300 160/64/160 162/32/162
f 299/98/299 300/125/300 162/32/162
f 301/124/301 157/61/157 160/64/160
f 300/125/300 301/124/301 160/64/160
f 302/123/302 156/60/156 157/61/157
f 301/124/301 302/123/302 157/61/157
f 303/102/303 153/41/153 156/60/156
f 302/123/302 303/102/303 156/60/156
f 304/122/304 305/121/305 153/41/153
f 303/102/303 304/122/304 153/41/153
f 174/76/174 173/75/173 306/93/306
f 307/94/307 174/76/174 306/93/306
f 177/79/177 174/76/174 307/94/307
f 308/95/308 177/79/177 307/94/307
f 178/80/178 177/79/177 308/95/308
f 309/96/309 178/80/178 308/95/308
f 181/83/181 178/80/178 309/96/309
f 211/97/211 181/83/181 309/96/309
f 307/94/307 306/93/306 310/126/310
f 311/127/311 307/94/307 310/126/310
f 308/95/308 307/94/307 311/127/311
f 312/128/312 308/95/308 311/127/311
f 309/96/309 308/95/308 312/128/312
f 313/129/313 309/96/309 312/128/312
f 211/97/211 309/96/309 313/129/313
f 314/130/32 211/97/211 313/129/313
f 315/129/314 210/96/210 211/97/211
f 314/130/32 315/129/314 211/97/211
f 316/128/315 209/95/209 210/96/210
f 315/129/314 316/128/315 210/96/210
f 317/127/316 208/94/208 209/95/209
f 316/128/315 317/127/316 209/95/209
f 318/126/317 207/93/207 208/94/208
f 317/127/316 318/126/317 208/94/208
f 163/65/163 176/78/176 175/77/175
f 164/66/164 163/65/163 175/77/175
f 164/66/164 175/77/175 180/82/180
f 167/69/167 164/66/164 180/82/180
f 167/69/167 180/82/180 179/81/179
f 168/70/168 167/69/167 179/81/179
f 168/70/168 179/81/179 182/84/182
f 171/73/171 168/70/168 182/84/182
f 171/73/171 182/84/182 203/81/203
f 196/70/196 171/73/171 203/81/203
f 196/70/196 203/81/203 206/82/206
f 197/69/197 196/70/196 206/82/206
f 197/69/197 206/82/206 199/77/199
f 192/66/192 197/69/197 199/77/199
f 192/66/192 199/77/199 202/78/202
f 193/65/193 192/66/192 202/78/202
f 319/131/318 166/68/166 165/67/165
f 189/91/189 319/131/318 165/67/165
f 189/91/189 165/67/165 170/72/170
f 183/85/183 189/91/189 170/72/170
f 183/85/183 170/72/170 169/71/169
f 184/86/184 183/85/183 169/71/169
f 184/86/184 169/71/169 172/74/172
f 187/89/187 184/86/184 172/74/172
f 187/89/187 172/74/172 195/71/195
f 213/86/213 187/89/187 195/71/195
f 213/86/213 195/71/195 198/72/198
f 214/85/214 213/86/213 198/72/198
f 214/85/214 198/72/198 191/67/191
f 216/91/216 214/85/214 191/67/191
f 216/91/216 191/67/191 194/68/194
f 320/131/319 216/91/216 194/68/194
f 321/132/320 322/133/321 323/134/322
f 324/135/323 321/132/320 323/134/322
f 322/133/321 325/132/324 326/135/325
f 323/134/322 322/133/321 326/135/325
f 325/132/324 327/136/326 328/137/327
f 326/135/325 325/132/324 328/137/327
f 327/136/326 329/138/328 330/139/329
f 328/137/327 327/136/326 330/139/329
f 329/138/328 331/140/330 332/141/331
f 330/139/329 329/138/328 332/141/331
f 331/140/330 333/138/332 334/139/333
f 332/141/331 331/140/330 334/139/333
f 333/138/332 335/136/334 336/137/335
f 334/139/333 333/138/332 336/137/335
f 335/136/334 321/132/320 324/135/323
f 336/137/335 335/136/334 324/135/323
f 337/142/336 338/143/337 322/133/321
f 321/132/320 337/142/336 322/133/321
f 338/143/337 339/142/338 325/132/324
f 322/133/321 338/143/337 325/132/324
f 339/142/338 340/144/339 327/136/326
f 325/132/324 339/142/338 327/136/326
f 340/144/339 341/145/340 329/138/328
f 327/136/326 340/144/339 329/138/328
f 341/145/340 342/146/341 331/140/330
f 329/138/328 341/145/340 331/140/330
f 342/146/341 343/145/342 333/138/332
f 331/140/330 342/146/341 333/138/332
f 343/145/342 344/144/343 335/136/334
f 333/138/332 343/145/342 335/136/334
f 344/144/343 337/142/336 321/132/320
f 335/136/334 344/144/343 321/132/320
f 345/147/344 346/148/345 347/149/346
f 348/150/347 345/147/344 347/149/346
f 349/151/348 350/152/349 346/148/345
f 345/147/344 349/151/348 346/148/345
f 351/147/350 352/148/351 350/152/349
f 349/151/348 351/147/350 350/152/349
f 353/150/352 354/149/353 352/148/351
f 351/147/350 353/150/352 352/148/351
f 355/134/354 356/133/355 357/132/356
f 358/135/357 355/134/354 357/132/356
f 359/135/358 360/132/359 356/133/355
f 355/134/354 359/135/358 356/133/355
f 361/137/360 362/136/361 360/132/359
f 359/135/358 361/137/360 360/132/359
f 363/139/362 364/138/363 362/136/361
f 361/137/360 363/139/362 362/136/361
f 365/141/364 366/140/365 364/138/363
f 363/139/362 365/141/364 364/138/363
f 367/139/366 368/138/367 366/140/365
f 365/141/364 367/139/366 366/140/365
f 369/137/368 370/136/369 368/138/367
f 367/139/366 369/137/368 368/138/367
f 358/135/357 357/132/356 370/136/369
f 369/137/368 358/135/357 370/136/369
f 356/133/355 371/143/370 372/142/371
f 357/132/356 356/133/355 372/142/371
f 360/132/359 373/142/372 371/143/370
f 356/133/355 360/132/359 371/143/370
f 362/136/361 374/144/373 373/142/372
f 360/132/359 362/136/361 373/142/372
f 364/138/363 375/145/374 374/144/373
f 362/136/361 364/138/363 374/144/373
f 366/140/365 376/146/375 375/145/374
f 364/138/363 366/140/365 375/145/374
f 368/138/367 377/145/376 376/146/375
f 366/140/365 368/138/367 376/146/375
f 370/136/369 378/144/377 377/145/376
f 368/138/367 370/136/369 377/145/376
f 357/132/356 372/142/371 378/144/377
f 370/136/369 357/132/356 378/144/377
f 379/134/378 380/133/379 381/132/380
f 382/135/381 379/134/378 381/132/380
f 383/135/382 384/132/383 380/133/379
f 379/134/378 383/135/382 380/133/379
f 385/137/384 386/136/385 384/132/383
f 383/135/382 385/137/384 384/132/383
f 387/139/386 388/138/387 386/136/385
f 385/137/384 387/139/386 386/136/385
f 389/141/388 390/140/389 388/138/387
f 387/139/386 389/141/388 388/138/387
f 391/139/358 392/138/390 390/140/389
f 389/141/388 391/139/358 390/140/389
f 393/137/391 394/136/392 392/138/390
f 391/139/358 393/137/391 392/138/390
f 382/135/381 381/132/380 394/136/392
f 393/137/391 382/135/381 394/136/392
f 380/133/379 395/143/393 396/142/394
f 381/132/380 380/133/379 396/142/394
f 384/132/383 397/142/395 395/143/393
f 380/133/379 384/132/383 395/143/393
f 386/136/385 398/144/396 397/142/395
f 384/132/383 386/136/385 397/142/395
f 388/138/387 399/145/397 398/144/396
f 386/136/385 388/138/387 398/144/396
f 390/140/389 400/146/398 399/145/397
f 388/138/387 390/140/389 399/145/397
f 392/138/390 401/145/399 400/146/398
f 390/140/389 392/138/390 400/146/398
f 394/136/392 402/144/400 401/145/399
f 392/138/390 394/136/392 401/145/399
f 381/132/380 396/142/394 402/144/400
f 394/136/392 381/132/380 402/144/400
f 403/137/401 404/136/402 405/138/403
f 406/139/404 403/137/401 405/138/403
f 407/153/405 408/154/406 409/11/407
f 410/155/408 411/156/409 412/157/410
f 412/157/410 411/156/409 413/158/411
f 412/157/410 413/158/411 414/159/412
f 415/160/413 414/159/412 413/158/411
f 416/161/414 411/156/409 410/155/408
f 413/158/411 411/156/409 417/162/415
f 416/161/414 417/162/415 411/156/409
f 417/162/415 416/161/414 418/163/416
f 419/6/417 420/7/418 421/5/419
f 420/7/418 422/4/420 421/5/419
f 421/5/419 423/8/421 419/6/417
f 419/6/417 423/8/421 424/9/422
f 425/12/423 426/164/424 423/8/421
f 423/8/421 426/164/424 424/9/422
f 424/9/422 426/164/424 427/165/425
f 422/4/420 428/166/426 421/5/419
f 421/5/419 428/166/426 429/13/427
f 428/166/426 430/167/428 429/13/427
f 421/5/419 429/13/427 423/8/421
f 429/13/427 431/10/429 423/8/421
f 432/11/430 425/12/423 431/10/429
f 423/8/421 431/10/429 425/12/423
f 419/6/417 433/168/431 420/7/418
f 424/9/422 433/168/431 419/6/417
f 427/165/425 433/168/431 424/9/422
f 429/13/427 430/167/428 434/169/432
f 430/167/428 435/170/433 434/169/432
f 429/13/427 434/169/432 431/10/429
f 431/10/429 434/169/432 436/153/434
f 431/10/429 436/153/434 432/11/430
f 432/11/430 436/153/434 437/154/435
f 438/155/436 439/156/437 440/157/438
f 440/157/438 439/156/437 441/158/439
f 440/157/438 441/158/439 442/159/440
f 443/160/441 442/159/440 441/158/439
f 444/161/442 439/156/437 438/155/436
f 441/158/439 439/156/437 445/162/443
f 444/161/442 445/162/443 439/156/437
f 445/162/443 444/161/442 446/163/444
f 447/6/445 448/5/333 420/7/418
f 420/7/418 448/5/333 422/4/420
f 448/5/333 447/6/445 449/8/446
f 447/6/445 450/9/447 449/8/446
f 425/12/423 449/8/446 426/164/424
f 449/8/446 450/9/447 426/164/424
f 450/9/447 427/165/425 426/164/424
f 422/4/420 448/5/333 428/166/426
f 448/5/333 451/13/448 428/166/426
f 428/166/426 451/13/448 430/167/428
f 448/5/333 449/8/446 451/13/448
f 449/8/446 452/10/449 451/13/448
f 432/11/430 452/10/449 425/12/423
f 449/8/446 425/12/423 452/10/449
f 447/6/445 420/7/418 433/168/431
f 450/9/447 447/6/445 433/168/431
f 427/165/425 450/9/447 433/168/431
f 451/13/448 453/169/450 430/167/428
f 430/167/428 453/169/450 435/170/433
f 451/13/448 452/10/449 453/169/450
f 453/169/450 452/10/449 454/153/451
f 452/10/449 432/11/430 454/153/451
f 454/153/451 432/11/430 437/154/435
f 438/155/436 440/157/438 455/156/452
f 440/157/438 456/158/453 455/156/452
f 440/157/438 442/159/440 456/158/453
f 443/160/441 456/158/453 442/159/440
f 444/161/442 438/155/436 455/156/452
f 456/158/453 457/162/454 455/156/452
f 444/161/442 455/156/452 457/162/454
f 457/162/454 446/163/444 444/161/442
f 458/171/114 459/172/455 460/173/456
f 461/174/457 462/174/458 459/172/455
f 463/175/459 464/176/460 465/173/461
f 466/177/462 464/176/460 461/174/457
f 463/175/459 461/174/457 464/176/460
f 461/174/457 463/175/459 462/174/458
f 458/171/114 461/174/457 459/172/455
f 461/174/457 458/171/114 467/178/463
f 468/179/464 469/180/465 470/181/466
f 460/173/456 470/181/466 469/180/465
f 468/179/464 471/182/467 469/180/465
f 469/180/465 471/182/467 472/183/468
f 471/182/467 468/179/464 473/184/469
f 471/182/467 474/185/470 472/183/468
f 475/186/471 474/185/470 476/187/472
f 474/185/470 475/186/471 472/183/468
f 467/178/463 469/180/465 475/186/471
f 472/183/468 475/186/471 469/180/465
f 467/178/463 458/171/114 469/180/465
f 469/180/465 458/171/114 460/173/456
f 459/172/455 477/174/473 470/181/466
f 462/174/458 477/174/473 459/172/455
f 459/172/455 470/181/466 460/173/456
f 470/181/466 477/174/473 468/179/464
f 478/188/474 479/186/475 466/177/462
f 480/180/476 466/177/462 479/186/475
f 466/177/462 480/180/476 464/176/460
f 465/173/461 464/176/460 480/180/476
f 466/177/462 461/174/457 481/189/477
f 476/187/472 482/190/478 461/174/457
f 481/189/477 461/174/457 482/190/478
f 476/187/472 461/174/457 467/178/463
f 474/185/470 471/182/467 483/191/479
f 475/186/471 476/187/472 467/178/463
f 474/185/470 483/191/479 476/187/472
f 477/174/473 473/184/469 468/179/464
f 473/184/469 483/191/479 471/182/467
f 477/174/473 484/190/480 473/184/469
f 483/191/479 473/184/469 484/190/480
f 481/189/477 478/188/474 466/177/462
f 478/188/474 481/189/477 485/192/481
f 486/193/482 482/190/478 476/187/472
f 481/189/477 482/190/478 487/194/483
f 482/190/478 486/193/482 487/194/483
f 476/187/472 483/191/479 486/193/482
f 486/193/482 483/191/479 488/195/484
f 483/191/479 484/190/480 488/195/484
f 488/195/484 484/190/480 489/194/485
f 485/192/481 481/189/477 490/193/486
f 490/193/486 481/189/477 487/194/483
f 491/196/487 492/197/488 493/198/489
f 492/197/488 494/196/490 493/198/489
f 494/196/490 495/197/491 493/198/489
f 496/197/492 491/196/487 493/198/489
f 497/171/493 498/173/275 499/199/494
f 500/174/495 499/199/494 462/174/458
f 463/175/459 465/173/461 501/176/496
f 502/177/497 500/174/495 501/176/496
f 463/175/459 501/176/496 500/174/495
f 500/174/495 462/174/458 463/175/459
f 497/171/493 499/199/494 500/174/495
f 500/174/495 503/200/498 497/171/493
f 504/201/499 505/202/500 506/180/501
f 498/173/275 506/180/501 505/202/500
f 504/201/499 506/180/501 507/203/502
f 506/180/501 508/204/426 507/203/502
f 507/203/502 509/205/503 504/201/499
f 507/203/502 508/204/426 510/206/504
f 511/186/505 512/207/506 510/206/504
f 510/206/504 508/204/426 511/186/505
f 503/200/498 511/186/505 506/180/501
f 508/204/426 506/180/501 511/186/505
f 503/200/498 506/180/501 497/171/493
f 506/180/501 498/173/275 497/171/493
f 499/199/494 505/202/500 477/174/473
f 462/174/458 499/199/494 477/174/473
f 499/199/494 498/173/275 505/202/500
f 505/202/500 504/201/499 477/174/473
f 478/188/474 502/177/497 479/186/475
f 480/180/476 479/186/475 502/177/497
f 502/177/497 501/176/496 480/180/476
f 465/173/461 480/180/476 501/176/496
f 502/177/497 513/189/507 500/174/495
f 512/207/506 500/174/495 514/190/508
f 513/189/507 514/190/508 500/174/495
f 512/207/506 503/200/498 500/174/495
f 510/206/504 515/208/509 507/203/502
f 511/186/505 503/200/498 512/207/506
f 510/206/504 512/207/506 515/208/509
f 477/174/473 504/201/499 509/205/503
f 509/205/503 507/203/502 515/208/509
f 477/174/473 509/205/503 484/190/480
f 515/208/509 484/190/480 509/205/503
f 513/189/507 502/177/497 478/188/474
f 478/188/474 485/192/481 513/189/507
f 514/190/508 516/194/510 517/193/511
f 513/189/507 516/194/510 514/190/508
f 517/193/511 512/207/506 514/190/508
f 512/207/506 517/193/511 515/208/509
f 517/193/511 518/195/512 515/208/509
f 515/208/509 518/195/512 484/190/480
f 518/195/512 489/194/485 484/190/480
f 485/192/481 490/193/486 513/189/507
f 490/193/486 516/194/510 513/189/507
f 519/196/513 493/198/489 520/197/514
f 520/197/514 493/198/489 521/196/255
f 521/196/255 493/198/489 495/197/491
f 496/197/492 493/198/489 519/196/513
f 37/12/37 522/164/515 34/8/34
f 34/8/34 522/164/515 80/9/80
f 80/9/80 522/164/515 523/165/516
f 76/4/76 524/209/517 35/5/35
f 35/5/35 524/209/517 32/13/32
f 524/209/517 525/167/518 32/13/32
f 79/6/79 526/168/519 77/7/77
f 80/9/80 526/168/519 79/6/79
f 523/165/516 526/168/519 80/9/80
f 32/13/32 525/167/518 527/169/520
f 525/167/518 528/170/521 527/169/520
f 32/13/32 527/169/520 33/10/33
f 33/10/33 527/169/520 529/153/522
f 33/10/33 529/153/522 36/11/36
f 36/11/36 529/153/522 530/154/523
f 531/155/524 532/156/525 533/157/526
f 533/157/526 532/156/525 534/158/527
f 533/157/526 534/158/527 535/159/528
f 536/160/529 535/159/528 534/158/527
f 537/161/530 532/156/525 531/155/524
f 534/158/527 532/156/525 538/162/531
f 537/161/530 538/162/531 532/156/525
f 538/162/531 537/161/530 539/163/532
f 37/12/37 38/8/38 522/164/515
f 38/8/38 78/9/78 522/164/515
f 78/9/78 523/165/516 522/164/515
f 76/4/76 41/5/41 524/209/517
f 41/5/41 40/13/40 524/209/517
f 524/209/517 40/13/40 525/167/518
f 75/6/75 77/7/77 526/168/519
f 78/9/78 75/6/75 526/168/519
f 523/165/516 78/9/78 526/168/519
f 40/13/40 540/169/533 525/167/518
f 525/167/518 540/169/533 528/170/521
f 40/13/40 39/10/39 540/169/533
f 39/10/39 541/153/534 540/169/533
f 39/10/39 36/11/36 541/153/534
f 36/11/36 530/154/523 541/153/534
f 531/155/524 533/157/526 542/156/535
f 533/157/526 543/158/536 542/156/535
f 533/157/526 535/159/528 543/158/536
f 536/160/529 543/158/536 535/159/528
f 537/161/530 531/155/524 542/156/535
f 543/158/536 544/162/537 542/156/535
f 537/161/530 542/156/535 544/162/537
f 544/162/537 539/163/532 537/161/530
f 59/12/59 545/164/538 23/8/23
f 23/8/23 545/164/538 24/9/24
f 24/9/24 545/164/538 546/165/539
f 19/4/19 547/209/540 20/5/20
f 20/5/20 547/209/540 56/13/56
f 547/209/540 548/167/541 56/13/56
f 21/6/21 549/168/542 22/7/22
f 24/9/24 549/168/542 21/6/21
f 546/165/539 549/168/542 24/9/24
f 56/13/56 548/167/541 550/169/543
f 548/167/541 551/170/544 550/169/543
f 56/13/56 550/169/543 57/10/57
f 57/10/57 550/169/543 552/153/545
f 57/10/57 552/153/545 58/11/58
f 58/11/58 552/153/545 553/154/546
f 554/155/547 555/156/548 556/157/549
f 556/157/549 555/156/548 557/158/550
f 556/157/549 557/158/550 558/159/551
f 559/160/552 558/159/551 557/158/550
f 560/161/553 555/156/548 554/155/547
f 557/158/550 555/156/548 561/162/554
f 560/161/553 561/162/554 555/156/548
f 561/162/554 560/161/553 562/163/555
f 59/12/59 63/8/63 545/164/538
f 63/8/63 62/9/62 545/164/538
f 62/9/62 546/165/539 545/164/538
f 19/4/19 61/5/61 547/209/540
f 61/5/61 74/13/74 547/209/540
f 547/209/540 74/13/74 548/167/541
f 60/6/60 22/7/22 549/168/542
f 62/9/62 60/6/60 549/168/542
f 546/165/539 62/9/62 549/168/542
f 74/13/74 563/169/556 548/167/541
f 548/167/541 563/169/556 551/170/544
f 74/13/74 73/10/73 563/169/556
f 563/169/556 73/10/73 564/153/557
f 73/10/73 58/11/58 564/153/557
f 564/153/557 58/11/58 553/154/546
f 554/155/547 556/157/549 565/156/558
f 556/157/549 566/158/559 565/156/558
f 556/157/549 558/159/551 566/158/559
f 559/160/552 566/158/559 558/159/551
f 560/161/553 554/155/547 565/156/558
f 566/158/559 567/162/560 565/156/558
f 560/161/553 565/156/558 567/162/560
f 567/162/560 562/163/555 560/161/553
f 31/12/31 51/8/51 568/164/561
f 51/8/51 50/9/50 568/164/561
f 50/9/50 569/165/562 568/164/561
f 48/4/48 47/5/47 570/166/563
f 47/5/47 72/13/72 570/166/563
f 570/166/563 72/13/72 571/167/564
f 46/6/46 49/7/49 572/168/565
f 50/9/50 46/6/46 572/168/565
f 569/165/562 50/9/50 572/168/565
f 72/13/72 573/169/566 571/167/564
f 571/167/564 573/169/566 574/170/567
f 72/13/72 71/10/71 573/169/566
f 71/10/71 575/153/568 573/169/566
f 71/10/71 30/11/30 575/153/568
f 30/11/30 576/154/569 575/153/568
f 577/155/570 578/157/571 579/156/572
f 578/157/571 580/158/573 579/156/572
f 578/157/571 581/159/574 580/158/573
f 582/160/575 580/158/573 581/159/574
f 583/161/576 577/155/570 579/156/572
f 580/158/573 584/162/577 579/156/572
f 583/161/576 579/156/572 584/162/577
f 584/162/577 585/163/578 583/161/576
f 31/12/31 568/164/561 26/8/26
f 26/8/26 568/164/561 27/9/27
f 27/9/27 568/164/561 569/165/562
f 48/4/48 570/166/563 25/5/25
f 25/5/25 570/166/563 70/13/70
f 570/166/563 571/167/564 70/13/70
f 28/6/28 572/168/565 49/7/49
f 27/9/27 572/168/565 28/6/28
f 569/165/562 572/168/565 27/9/27
f 70/13/70 571/167/564 586/169/579
f 571/167/564 574/170/567 586/169/579
f 70/13/70 586/169/579 29/10/29
f 586/169/579 587/153/580 29/10/29
f 29/10/29 587/153/580 30/11/30
f 587/153/580 576/154/569 30/11/30
f 577/155/570 588/156/581 578/157/571
f 578/157/571 588/156/581 589/158/582
f 578/157/571 589/158/582 581/159/574
f 582/160/575 581/159/574 589/158/582
f 583/161/576 588/156/581 577/155/570
f 589/158/582 588/156/581 590/162/583
f 583/161/576 590/162/583 588/156/581
f 590/162/583 583/161/576 585/163/578
f 591/210/584 592/211/585 593/212/586
f 594/213/587 591/210/584 593/212/586
f 592/211/585 591/210/584 595/214/588
f 596/215/589 597/216/590 598/217/591
f 599/218/592 600/219/593 601/220/594
f 592/211/585 598/217/591 597/216/590
f 597/216/590 596/215/589 602/221/595
f 592/211/585 595/214/588 598/217/591
f 601/220/594 602/221/595 596/215/589
f 600/219/593 599/218/592 603/222/596
f 601/220/594 600/219/593 602/221/595
f 604/223/597 603/222/596 605/224/598
f 603/222/596 599/218/592 605/224/598
f 605/224/598 606/225/599 604/223/597
f 606/225/599 607/226/600 604/223/597
f 608/227/601 609/228/602 610/229/603
f 610/229/603 611/230/604 612/231/605
f 610/229/603 612/231/605 608/227/601
f 608/227/601 613/232/606 609/228/602
f 614/233/607 612/231/605 615/234/608
f 614/233/607 613/232/606 608/227/601
f 616/235/609 617/236/610 618/237/611
f 618/237/611 619/238/355 620/239/612
f 621/240/613 622/241/614 620/239/612
f 623/242/615 624/243/616 625/244/617
f 625/244/617 626/245/618 611/230/604
f 611/230/604 626/245/618 612/231/605
f 615/234/608 627/246/619 628/247/620
f 629/248/621 630/249/622 631/250/623
f 632/251/624 633/252/625 630/249/622
f 634/253/626 635/254/627 636/255/628
f 635/254/627 637/256/629 638/257/630
f 615/234/608 612/231/605 627/246/619
f 627/246/619 639/258/631 628/247/620
f 628/247/620 639/258/631 640/259/632
f 630/249/622 633/252/625 628/247/620
f 628/247/620 640/259/632 630/249/622
f 631/250/623 641/260/633 642/261/634
f 641/260/633 643/262/635 642/261/634
f 641/260/633 640/259/632 639/258/631
f 639/258/631 627/246/619 625/244/617
f 612/231/605 626/245/618 627/246/619
f 625/244/617 627/246/619 626/245/618
f 625/244/617 611/230/604 623/242/615
f 644/263/636 645/264/637 593/212/586
f 631/250/623 640/259/632 641/260/633
f 641/260/633 624/243/616 643/262/635
f 631/250/623 642/261/634 645/264/637
f 643/262/635 645/264/637 642/261/634
f 641/260/633 639/258/631 625/244/617
f 625/244/617 624/243/616 641/260/633
f 593/212/586 592/211/585 644/263/636
f 644/263/636 631/250/623 645/264/637
f 632/251/624 630/249/622 629/248/621
f 602/221/595 629/248/621 597/216/590
f 644/263/636 597/216/590 629/248/621
f 629/248/621 631/250/623 644/263/636
f 644/263/636 592/211/585 597/216/590
f 629/248/621 602/221/595 632/251/624
f 640/259/632 631/250/623 630/249/622
f 646/265/638 647/266/639 633/252/625
f 637/256/629 648/267/640 638/257/630
f 634/253/626 636/255/628 649/268/640
f 600/219/593 650/269/641 632/251/624
f 632/251/624 650/269/641 646/265/638
f 632/251/624 602/221/595 600/219/593
f 650/269/641 600/219/593 603/222/596
f 632/251/624 646/265/638 633/252/625
f 651/270/642 650/269/641 603/222/596
f 652/271/643 646/265/638 651/270/642
f 653/272/644 652/271/643 654/273/645
f 604/223/597 654/273/645 651/270/642
f 654/273/645 652/271/643 651/270/642
f 651/270/642 603/222/596 604/223/597
f 651/270/642 646/265/638 650/269/641
f 655/274/646 656/275/647 654/273/645
f 654/273/645 657/276/648 655/274/646
f 658/277/649 656/275/647 655/274/646
f 657/276/648 654/273/645 604/223/597
f 604/223/597 607/226/600 657/276/648
f 659/278/650 609/228/602 613/232/606
f 613/232/606 660/279/651 659/278/650
f 659/278/650 661/280/652 662/281/653
f 662/281/653 663/282/654 659/278/650
f 612/231/605 614/233/607 608/227/601
f 614/233/607 664/283/655 613/232/606
f 665/284/656 611/230/604 610/229/603
f 610/229/603 609/228/602 666/285/657
f 610/229/603 666/285/657 665/284/656
f 665/284/656 623/242/615 611/230/604
f 664/283/655 667/286/658 660/279/651
f 668/287/659 660/279/651 667/286/658
f 660/279/651 613/232/606 664/283/655
f 669/288/660 621/240/613 670/289/661
f 661/280/652 659/278/650 660/279/651
f 660/279/651 668/287/659 661/280/652
f 609/228/602 659/278/650 663/282/654
f 663/282/654 666/285/657 609/228/602
f 671/290/658 672/291/662 673/292/663
f 673/292/663 674/293/659 671/290/658
f 619/238/355 670/289/661 620/239/612
f 670/289/661 621/240/613 620/239/612
f 669/288/660 670/289/661 672/291/662
f 671/290/658 669/288/660 672/291/662
f 675/294/664 672/291/662 676/295/665
f 673/292/663 672/291/662 677/296/666
f 676/295/665 672/291/662 670/289/661
f 675/294/664 677/296/666 672/291/662
f 616/235/609 618/237/611 622/241/614
f 618/237/611 620/239/612 622/241/614
f 622/241/614 621/240/613 678/297/608
f 678/297/608 616/235/609 622/241/614
f 670/289/661 619/238/355 676/295/665
f 679/298/667 618/237/611 647/266/639
f 680/299/668 676/295/665 619/238/355
f 679/298/667 619/238/355 618/237/611
f 617/236/610 647/266/639 618/237/611
f 681/300/669 682/301/670 683/302/671
f 684/303/672 685/304/673 686/305/674
f 687/306/675 688/307/676 689/308/677
f 647/266/639 646/265/638 690/309/678
f 646/265/638 683/302/671 690/309/678
f 691/310/679 653/272/644 692/311/680
f 692/311/680 656/275/647 693/312/681
f 694/313/682 695/314/683 42/14/42
f 694/313/682 653/272/644 691/310/679
f 653/272/644 654/273/645 656/275/647
f 696/315/684 693/312/681 656/275/647
f 658/277/649 696/315/684 656/275/647
f 693/312/681 696/315/684 697/316/685
f 698/317/686 691/310/679 692/311/680
f 699/318/687 692/311/680 693/312/681
f 697/316/685 699/318/687 693/312/681
f 700/319/688 701/320/689 702/321/690
f 703/322/691 704/323/692 705/324/693
f 706/325/694 705/324/693 700/319/688
f 702/321/690 706/325/694 700/319/688
f 701/320/689 700/319/688 707/326/695
f 708/327/696 702/321/690 701/320/689
f 704/323/692 677/296/666 709/328/697
f 709/328/697 710/329/698 711/330/699
f 706/325/694 703/322/691 705/324/693
f 709/328/697 705/324/693 704/323/692
f 711/330/699 712/331/700 709/328/697
f 705/324/693 709/328/697 712/331/700
f 712/331/700 700/319/688 705/324/693
f 712/331/700 713/332/701 707/326/695
f 673/292/663 677/296/666 704/323/692
f 703/322/691 714/333/702 704/323/692
f 674/293/659 673/292/663 715/334/703
f 714/333/702 716/335/704 715/334/703
f 674/293/659 715/334/703 717/336/705
f 715/334/703 716/335/704 717/336/705
f 718/337/706 661/280/652 719/338/705
f 720/339/704 718/337/706 719/338/705
f 718/337/706 662/281/653 661/280/652
f 661/280/652 668/287/659 719/338/705
f 42/14/42 690/309/678 721/340/707
f 721/340/707 690/309/678 683/302/671
f 683/302/671 682/301/670 721/340/707
f 45/17/45 679/298/667 647/266/639
f 42/14/42 45/17/45 690/309/678
f 714/333/702 715/334/703 704/323/692
f 704/323/692 715/334/703 673/292/663
f 722/341/708 723/342/709 724/343/710
f 724/343/710 725/344/711 726/345/712
f 707/326/695 700/319/688 712/331/700
f 711/330/699 713/332/701 712/331/700
f 727/346/713 728/347/699 729/348/714
f 730/349/715 728/347/699 731/350/716
f 680/299/668 710/329/698 732/351/717
f 710/329/698 709/328/697 732/351/717
f 725/344/711 711/330/699 733/352/718
f 734/353/699 735/354/713 736/355/718
f 725/344/711 733/352/718 726/345/712
f 726/345/712 733/352/718 737/356/719
f 738/357/720 736/355/718 735/354/713
f 739/358/721 738/357/720 735/354/713
f 711/330/699 723/342/709 713/332/701
f 711/330/699 725/344/711 724/343/710
f 711/330/699 724/343/710 723/342/709
f 679/298/667 740/359/722 680/299/668
f 675/294/664 676/295/665 680/299/668
f 709/328/697 677/296/666 732/351/717
f 732/351/717 675/294/664 680/299/668
f 741/360/667 742/361/723 743/362/724
f 742/361/723 744/363/725 743/362/724
f 743/362/724 729/348/714 730/349/715
f 744/363/725 729/348/714 743/362/724
f 741/360/667 743/362/724 745/364/726
f 730/349/715 731/350/716 743/362/724
f 731/350/716 745/364/726 743/362/724
f 732/351/717 677/296/666 675/294/664
f 710/329/698 680/299/668 740/359/722
f 679/298/667 680/299/668 619/238/355
f 746/365/727 747/366/728 748/367/729
f 748/367/729 749/368/730 750/369/731
f 748/367/729 750/369/731 746/365/727
f 746/365/727 751/370/732 747/366/728
f 752/371/670 753/372/733 747/366/728
f 751/370/732 752/371/670 747/366/728
f 754/373/734 755/374/735 756/375/736
f 756/375/736 757/376/728 754/373/734
f 753/372/733 752/371/670 726/345/712
f 726/345/712 737/356/719 753/372/733
f 755/374/735 754/373/734 738/357/720
f 738/357/720 739/358/721 755/374/735
f 758/377/737 759/378/730 760/379/738
f 760/379/738 757/376/728 756/375/736
f 760/379/738 756/375/736 758/377/737
f 758/377/737 761/380/739 759/378/730
f 679/298/667 762/381/740 763/382/741
f 764/383/742 765/384/743 766/385/723
f 765/384/743 767/386/744 766/385/723
f 765/384/743 759/378/730 761/380/739
f 761/380/739 767/386/744 765/384/743
f 750/369/731 749/368/730 762/381/740
f 749/368/730 763/382/741 762/381/740
f 45/17/45 44/16/44 768/387/155
f 722/341/708 746/365/727 769/388/745
f 42/14/42 721/340/707 694/313/682
f 694/313/682 721/340/707 770/389/746
f 688/307/676 687/306/675 771/390/747
f 685/304/673 684/303/672 771/390/747
f 647/266/639 690/309/678 45/17/45
f 750/369/731 762/381/740 768/387/155
f 679/298/667 45/17/45 768/387/155
f 762/381/740 679/298/667 768/387/155
f 724/343/710 752/371/670 722/341/708
f 769/388/745 768/387/155 44/16/44
f 769/388/745 746/365/727 750/369/731
f 750/369/731 768/387/155 769/388/745
f 722/341/708 751/370/732 746/365/727
f 769/388/745 44/16/44 772/391/748
f 772/391/748 722/341/708 769/388/745
f 772/391/748 723/342/709 722/341/708
f 724/343/710 726/345/712 752/371/670
f 752/371/670 751/370/732 722/341/708
f 695/314/683 694/313/682 691/310/679
f 773/392/749 774/393/750 691/310/679
f 774/393/750 695/314/683 691/310/679
f 692/311/680 699/318/687 698/317/686
f 653/272/644 656/275/647 692/311/680
f 775/394/751 776/395/752 777/396/753
f 777/396/753 776/395/752 778/397/754
f 698/317/686 778/397/754 776/395/752
f 779/398/755 780/399/756 775/394/751
f 775/394/751 780/399/756 776/395/752
f 780/399/756 698/317/686 776/395/752
f 773/392/749 691/310/679 698/317/686
f 780/399/756 781/400/757 698/317/686
f 698/317/686 781/400/757 773/392/749
f 777/396/753 778/397/754 697/316/685
f 698/317/686 699/318/687 778/397/754
f 699/318/687 697/316/685 778/397/754
f 779/398/755 775/394/751 782/401/758
f 782/401/758 775/394/751 777/396/753
f 777/396/753 697/316/685 783/402/759
f 784/403/696 785/404/760 786/405/761
f 785/404/760 787/406/762 786/405/761
f 785/404/760 788/403/763 787/406/762
f 788/403/763 789/405/764 787/406/762
f 788/403/763 790/404/765 789/405/764
f 790/404/765 791/406/766 789/405/764
f 790/404/765 792/403/767 791/406/766
f 792/403/767 793/405/768 791/406/766
f 792/403/767 794/404/769 793/405/768
f 794/404/769 795/406/770 793/405/768
f 794/404/769 796/403/771 795/406/770
f 796/403/771 797/405/772 795/406/770
f 798/407/773 799/404/774 800/408/775
f 797/405/772 800/408/775 801/406/776
f 800/408/775 799/404/774 801/406/776
f 802/404/777 803/406/778 804/403/779
f 804/403/779 803/406/778 805/405/780
f 806/406/781 807/403/42 808/404/782
f 809/409/783 808/404/782 810/407/784
f 811/405/785 810/407/784 812/403/786
f 813/404/787 814/406/788 811/405/785
f 812/403/786 813/404/787 811/405/785
f 814/406/788 813/404/787 804/403/779
f 804/403/779 805/405/780 814/406/788
f 810/407/784 811/405/785 809/409/783
f 808/404/782 809/409/783 806/406/781
f 807/403/42 806/406/781 815/405/776
f 777/396/753 783/402/759 782/401/758
f 782/401/758 816/410/789 779/398/755
f 817/403/790 818/405/791 802/404/777
f 802/404/777 818/405/791 803/406/778
f 819/411/792 820/412/793 821/413/794
f 820/412/793 822/414/795 821/413/794
f 819/411/792 821/413/794 635/254/627
f 635/254/627 634/253/626 819/411/792
f 823/415/796 635/254/627 821/413/794
f 822/414/795 824/416/797 821/413/794
f 821/413/794 824/416/797 823/415/796
f 823/415/796 824/416/797 825/417/798
f 823/415/796 637/256/629 635/254/627
f 826/418/687 827/419/799 819/411/792
f 827/419/799 828/420/800 819/411/792
f 829/421/801 820/412/793 819/411/792
f 828/420/800 829/421/801 819/411/792
f 634/253/626 830/422/802 826/418/687
f 634/253/626 826/418/687 819/411/792
f 649/268/640 831/423/803 634/253/626
f 634/253/626 831/423/803 830/422/802
f 832/424/804 833/425/805 834/426/687
f 648/267/640 637/256/629 835/427/806
f 637/256/629 832/424/804 835/427/806
f 823/415/796 833/425/805 832/424/804
f 823/415/796 832/424/804 637/256/629
f 834/426/687 833/425/805 836/428/807
f 836/428/807 833/425/805 837/429/808
f 838/430/809 837/429/808 833/425/805
f 823/415/796 825/417/798 833/425/805
f 825/417/798 838/430/809 833/425/805
f 838/430/809 839/431/810 837/429/808
f 840/432/670 841/433/811 688/307/676
f 689/308/677 688/307/676 841/433/811
f 652/271/643 842/434/812 681/300/669
f 652/271/643 683/302/671 646/265/638
f 681/300/669 683/302/671 652/271/643
f 841/433/811 843/435/812 689/308/677
f 652/271/643 653/272/644 842/434/812
f 844/436/812 845/437/813 684/303/672
f 684/303/672 686/305/674 844/436/812
f 694/313/682 770/389/746 653/272/644
f 846/438/746 771/390/747 845/437/813
f 845/437/813 771/390/747 684/303/672
f 770/389/746 721/340/707 682/301/670
f 840/432/670 771/390/747 846/438/746
f 840/432/670 688/307/676 771/390/747
f 730/349/715 729/348/714 728/347/699
f 69/27/69 847/439/814 68/26/68
f 848/440/815 68/26/68 847/439/814
f 594/213/587 269/120/269 591/210/584
f 591/210/584 269/120/269 268/119/268
f 268/119/268 595/214/588 591/210/584
f 598/217/591 268/119/268 267/118/267
f 596/215/589 598/217/591 267/118/267
f 598/217/591 595/214/588 268/119/268
f 267/118/267 266/117/266 601/220/594
f 266/117/266 599/218/592 601/220/594
f 601/220/594 596/215/589 267/118/267
f 266/117/266 265/116/265 599/218/592
f 265/116/265 605/224/598 599/218/592
f 265/116/265 849/441/816 605/224/598
f 849/441/816 606/225/599 605/224/598
f 850/210/817 593/212/586 851/211/818
f 594/213/587 593/212/586 850/210/817
f 851/211/818 852/214/819 850/210/817
f 853/216/820 854/221/821 855/215/822
f 856/219/823 857/222/824 858/218/26
f 851/211/818 853/216/820 859/217/825
f 855/215/822 859/217/825 853/216/820
f 851/211/818 859/217/825 852/214/819
f 860/220/826 855/215/822 854/221/821
f 858/218/26 860/220/826 856/219/823
f 860/220/826 854/221/821 856/219/823
f 858/218/26 857/222/824 861/224/827
f 861/224/827 857/222/824 862/223/828
f 861/224/827 862/223/828 606/225/599
f 606/225/599 862/223/828 607/226/600
f 863/227/829 864/229/830 865/228/831
f 864/229/830 866/231/832 867/230/833
f 864/229/830 863/227/829 866/231/832
f 863/227/829 865/228/831 868/232/834
f 869/233/835 870/234/836 866/231/832
f 869/233/835 863/227/829 868/232/834
f 871/235/837 872/237/838 873/236/839
f 872/237/838 874/239/840 875/238/841
f 876/240/842 874/239/840 877/241/843
f 623/242/615 878/244/844 624/243/616
f 878/244/844 867/230/833 879/245/845
f 867/230/833 866/231/832 879/245/845
f 880/246/846 866/231/832 870/234/836
f 881/248/847 882/251/848 854/221/821
f 854/221/821 853/216/820 881/248/847
f 883/250/849 884/249/850 881/248/847
f 853/216/820 885/263/851 881/248/847
f 886/252/852 882/251/848 884/249/850
f 887/259/853 888/247/854 884/249/850
f 889/253/855 890/255/856 891/254/857
f 891/254/857 892/257/858 893/256/355
f 880/246/846 870/234/836 888/247/854
f 887/259/853 894/258/859 888/247/854
f 888/247/854 894/258/859 880/246/846
f 886/252/852 884/249/850 888/247/854
f 883/250/849 895/261/860 896/260/861
f 896/260/861 895/261/860 643/262/635
f 643/262/635 624/243/616 896/260/861
f 894/258/859 896/260/861 878/244/844
f 878/244/844 880/246/846 894/258/859
f 866/231/832 880/246/846 879/245/845
f 878/244/844 879/245/845 880/246/846
f 878/244/844 623/242/615 867/230/833
f 593/212/586 885/263/851 851/211/818
f 883/250/849 896/260/861 887/259/853
f 883/250/849 645/264/637 895/261/860
f 645/264/637 643/262/635 895/261/860
f 894/258/859 887/259/853 896/260/861
f 896/260/861 624/243/616 878/244/844
f 885/263/851 593/212/586 645/264/637
f 645/264/637 883/250/849 885/263/851
f 882/251/848 881/248/847 884/249/850
f 853/216/820 851/211/818 885/263/851
f 885/263/851 883/250/849 881/248/847
f 887/259/853 884/249/850 883/250/849
f 897/265/862 886/252/852 898/266/863
f 893/256/355 892/257/858 899/267/864
f 889/253/855 900/268/865 890/255/856
f 882/251/848 856/219/823 854/221/821
f 897/265/862 882/251/848 886/252/852
f 856/219/823 882/251/848 901/269/866
f 901/269/866 857/222/824 856/219/823
f 897/265/862 901/269/866 882/251/848
f 902/270/867 857/222/824 901/269/866
f 903/271/868 902/270/867 897/265/862
f 904/272/869 905/273/870 903/271/868
f 862/223/828 902/270/867 905/273/870
f 905/273/870 902/270/867 903/271/868
f 902/270/867 862/223/828 857/222/824
f 902/270/867 901/269/866 897/265/862
f 906/275/871 658/277/649 655/274/646
f 905/273/870 655/274/646 657/276/648
f 905/273/870 906/275/871 655/274/646
f 657/276/648 862/223/828 905/273/870
f 862/223/828 657/276/648 607/226/600
f 907/278/872 868/232/834 865/228/831
f 868/232/834 907/278/872 908/279/534
f 907/278/872 662/281/653 909/280/873
f 662/281/653 907/278/872 663/282/654
f 866/231/832 863/227/829 869/233/835
f 869/233/835 868/232/834 910/283/874
f 665/284/656 864/229/830 867/230/833
f 864/229/830 666/285/657 865/228/831
f 864/229/830 665/284/656 666/285/657
f 665/284/656 867/230/833 623/242/615
f 910/283/874 908/279/534 911/286/875
f 912/287/876 911/286/875 908/279/534
f 908/279/534 910/283/874 868/232/834
f 913/288/877 914/289/878 876/240/842
f 909/280/873 908/279/534 907/278/872
f 908/279/534 909/280/873 912/287/876
f 865/228/831 663/282/654 907/278/872
f 663/282/654 865/228/831 666/285/657
f 915/290/875 916/292/879 917/291/880
f 916/292/879 915/290/875 918/293/881
f 875/238/841 874/239/840 914/289/878
f 914/289/878 874/239/840 876/240/842
f 913/288/877 917/291/880 914/289/878
f 915/290/875 917/291/880 913/288/877
f 919/294/882 920/295/883 917/291/880
f 916/292/879 921/296/884 917/291/880
f 920/295/883 914/289/878 917/291/880
f 919/294/882 917/291/880 921/296/884
f 871/235/837 877/241/843 872/237/838
f 872/237/838 877/241/843 874/239/840
f 877/241/843 922/297/836 876/240/842
f 922/297/836 877/241/843 871/235/837
f 914/289/878 920/295/883 875/238/841
f 923/298/885 898/266/863 872/237/838
f 924/299/886 875/238/841 920/295/883
f 923/298/885 872/237/838 875/238/841
f 873/236/839 872/237/838 898/266/863
f 925/300/887 926/302/888 927/301/889
f 928/303/890 929/305/891 930/304/892
f 931/306/893 932/308/894 933/307/895
f 898/266/863 934/309/896 897/265/862
f 897/265/862 934/309/896 926/302/888
f 935/310/897 936/311/898 904/272/869
f 936/311/898 937/312/899 906/275/871
f 938/313/900 939/14/901 940/314/902
f 938/313/900 935/310/897 904/272/869
f 904/272/869 906/275/871 905/273/870
f 696/315/684 906/275/871 937/312/899
f 658/277/649 906/275/871 696/315/684
f 937/312/899 697/316/685 696/315/684
f 941/317/903 936/311/898 935/310/897
f 942/318/904 937/312/899 936/311/898
f 697/316/685 937/312/899 942/318/904
f 943/319/905 702/321/690 944/320/906
f 703/322/691 945/324/907 946/323/908
f 706/325/694 943/319/905 945/324/907
f 702/321/690 943/319/905 706/325/694
f 944/320/906 947/326/909 943/319/905
f 708/327/696 944/320/906 702/321/690
f 946/323/908 948/328/910 921/296/884
f 948/328/910 949/330/911 950/329/912
f 706/325/694 945/324/907 703/322/691
f 948/328/910 946/323/908 945/324/907
f 949/330/911 948/328/910 951/331/913
f 945/324/907 951/331/913 948/328/910
f 951/331/913 945/324/907 943/319/905
f 951/331/913 947/326/909 952/332/914
f 916/292/879 946/323/908 921/296/884
f 703/322/691 946/323/908 714/333/702
f 918/293/881 953/334/915 916/292/879
f 714/333/702 953/334/915 716/335/704
f 918/293/881 954/336/916 953/334/915
f 953/334/915 954/336/916 716/335/704
f 909/280/873 662/281/653 718/337/706
f 720/339/704 955/338/916 718/337/706
f 909/280/873 718/337/706 955/338/916
f 909/280/873 955/338/916 912/287/876
f 939/14/901 956/340/917 934/309/896
f 956/340/917 926/302/888 934/309/896
f 926/302/888 956/340/917 927/301/889
f 957/17/918 898/266/863 923/298/885
f 939/14/901 934/309/896 957/17/918
f 714/333/702 946/323/908 953/334/915
f 946/323/908 916/292/879 953/334/915
f 958/341/919 959/343/920 960/342/921
f 959/343/920 961/345/922 962/344/59
f 947/326/909 951/331/913 943/319/905
f 949/330/911 951/331/913 952/332/914
f 963/346/923 964/348/924 965/347/911
f 966/349/925 967/350/912 965/347/911
f 924/299/886 968/351/926 950/329/912
f 950/329/912 968/351/926 948/328/910
f 962/344/59 969/352/927 949/330/911
f 970/353/911 971/355/928 972/354/923
f 962/344/59 961/345/922 969/352/927
f 961/345/922 973/356/929 969/352/927
f 974/357/930 972/354/923 971/355/928
f 975/358/931 972/354/923 974/357/930
f 949/330/911 952/332/914 960/342/921
f 949/330/911 959/343/920 962/344/59
f 949/330/911 960/342/921 959/343/920
f 923/298/885 924/299/886 976/359/932
f 919/294/882 924/299/886 920/295/883
f 948/328/910 968/351/926 921/296/884
f 968/351/926 924/299/886 919/294/882
f 977/360/933 978/362/934 979/361/935
f 979/361/935 978/362/934 980/363/936
f 978/362/934 966/349/925 964/348/924
f 980/363/936 978/362/934 964/348/924
f 977/360/933 981/364/937 978/362/934
f 966/349/925 978/362/934 967/350/912
f 967/350/912 978/362/934 981/364/937
f 968/351/926 919/294/882 921/296/884
f 950/329/912 976/359/932 924/299/886
f 923/298/885 875/238/841 924/299/886
f 982/365/938 983/367/939 984/366/940
f 983/367/939 985/369/941 986/368/942
f 983/367/939 982/365/938 985/369/941
f 982/365/938 984/366/940 987/370/943
f 988/372/944 961/345/922 989/371/945
f 987/370/943 984/366/940 989/371/945
f 990/374/946 974/357/930 991/373/947
f 991/373/947 992/376/948 993/375/949
f 989/371/945 984/366/940 988/372/944
f 988/372/944 973/356/929 961/345/922
f 991/373/947 993/375/949 990/374/946
f 990/374/946 975/358/931 974/357/930
f 994/377/950 995/379/939 996/378/942
f 995/379/939 993/375/949 992/376/948
f 995/379/939 994/377/950 993/375/949
f 994/377/950 996/378/942 997/380/951
f 923/298/885 998/382/952 999/381/953
f 1000/383/954 1001/385/955 1002/384/956
f 1002/384/956 1001/385/955 1003/386/957
f 1002/384/956 997/380/951 996/378/942
f 997/380/951 1002/384/956 1003/386/957
f 985/369/941 999/381/953 986/368/942
f 986/368/942 999/381/953 998/382/952
f 957/17/918 1004/387/958 1005/16/959
f 958/341/919 1006/388/960 982/365/938
f 939/14/901 938/313/900 956/340/917
f 938/313/900 1007/389/961 956/340/917
f 933/307/895 1008/390/962 931/306/893
f 930/304/892 1008/390/962 928/303/890
f 898/266/863 957/17/918 934/309/896
f 985/369/941 1004/387/958 999/381/953
f 923/298/885 1004/387/958 957/17/918
f 999/381/953 1004/387/958 923/298/885
f 989/371/945 961/345/922 959/343/920
f 1006/388/960 1005/16/959 1004/387/958
f 1006/388/960 985/369/941 982/365/938
f 985/369/941 1006/388/960 1004/387/958
f 958/341/919 982/365/938 987/370/943
f 957/17/918 1005/16/959 939/14/901
f 1006/388/960 1009/391/963 1005/16/959
f 1009/391/963 1006/388/960 958/341/919
f 1009/391/963 958/341/919 960/342/921
f 989/371/945 959/343/920 958/341/919
f 958/341/919 987/370/943 989/371/945
f 940/314/902 935/310/897 938/313/900
f 1010/392/964 935/310/897 1011/393/965
f 935/310/897 940/314/902 1011/393/965
f 936/311/898 941/317/903 942/318/904
f 904/272/869 936/311/898 906/275/871
f 1012/394/966 1013/396/967 1014/395/968
f 1013/396/967 1015/397/969 1014/395/968
f 941/317/903 1014/395/968 1015/397/969
f 1016/398/970 1012/394/966 1017/399/971
f 1012/394/966 1014/395/968 1017/399/971
f 1017/399/971 1014/395/968 941/317/903
f 1010/392/964 941/317/903 935/310/897
f 1017/399/971 941/317/903 1018/400/972
f 941/317/903 1010/392/964 1018/400/972
f 1013/396/967 697/316/685 1015/397/969
f 941/317/903 1015/397/969 942/318/904
f 942/318/904 1015/397/969 697/316/685
f 1016/398/970 782/401/758 1012/394/966
f 782/401/758 1013/396/967 1012/394/966
f 1013/396/967 783/402/759 697/316/685
f 784/403/696 786/405/761 1019/404/973
f 1019/404/973 786/405/761 1020/406/974
f 1019/404/973 1020/406/974 1021/403/975
f 1021/403/975 1020/406/974 1022/405/976
f 1021/403/975 1022/405/976 1023/404/977
f 1023/404/977 1022/405/976 1024/406/978
f 1023/404/977 1024/406/978 1025/403/921
f 1025/403/921 1024/406/978 1026/405/979
f 1025/403/921 1026/405/979 1027/404/964
f 1027/404/964 1026/405/979 1028/406/980
f 1027/404/964 1028/406/980 1029/403/981
f 1029/403/981 1028/406/980 1030/405/982
f 1029/403/981 1030/405/982 1031/404/983
f 1030/405/982 1032/406/984 1031/404/983
f 1033/404/985 1034/403/986 1035/406/987
f 1034/403/986 1036/405/988 1035/406/987
f 1037/406/989 1038/404/902 1039/403/990
f 1040/407/991 1041/409/992 1042/405/993
f 1042/405/993 1043/403/994 1040/407/991
f 1044/404/995 1042/405/993 1045/406/996
f 1043/403/994 1042/405/993 1044/404/995
f 1045/406/996 1034/403/986 1044/404/995
f 1034/403/986 1045/406/996 1036/405/988
f 1041/409/992 1040/407/991 1038/404/902
f 1038/404/902 1037/406/989 1041/409/992
f 1039/403/990 1046/405/997 1037/406/989
f 1013/396/967 782/401/758 783/402/759
f 782/401/758 1016/398/970 816/410/789
f 817/403/790 1033/404/985 818/405/791
f 1033/404/985 1035/406/987 818/405/791
f 1047/411/998 1048/413/999 1049/412/1000
f 1049/412/1000 1048/413/999 1050/414/839
f 1047/411/998 891/254/857 1048/413/999
f 891/254/857 1047/411/998 889/253/855
f 1051/415/1001 1048/413/999 891/254/857
f 1050/414/839 1048/413/999 1052/416/1002
f 1048/413/999 1051/415/1001 1052/416/1002
f 1051/415/1001 1053/417/1003 1052/416/1002
f 1051/415/1001 891/254/857 893/256/355
f 1054/418/1004 1047/411/998 1055/419/1005
f 1055/419/1005 1047/411/998 1056/420/1006
f 1057/421/1007 1047/411/998 1049/412/1000
f 1056/420/1006 1047/411/998 1057/421/1007
f 889/253/855 1054/418/1004 1058/422/1008
f 889/253/855 1047/411/998 1054/418/1004
f 900/268/865 889/253/855 1059/423/1009
f 889/253/855 1058/422/1008 1059/423/1009
f 1060/424/1010 1061/426/1004 1062/425/1011
f 899/267/864 1063/427/1012 893/256/355
f 893/256/355 1063/427/1012 1060/424/1010
f 1051/415/1001 1060/424/1010 1062/425/1011
f 1051/415/1001 893/256/355 1060/424/1010
f 1061/426/1004 1064/428/1013 1062/425/1011
f 1064/428/1013 1065/429/1014 1062/425/1011
f 1066/430/1015 1062/425/1011 1065/429/1014
f 1051/415/1001 1062/425/1011 1053/417/1003
f 1053/417/1003 1062/425/1011 1066/430/1015
f 1066/430/1015 1065/429/1014 1067/431/1016
f 1068/432/889 933/307/895 1069/433/1017
f 932/308/894 1069/433/1017 933/307/895
f 903/271/868 925/300/887 1070/434/1018
f 903/271/868 897/265/862 926/302/888
f 925/300/887 903/271/868 926/302/888
f 1069/433/1017 932/308/894 1071/435/1019
f 903/271/868 1070/434/1018 904/272/869
f 1072/436/1019 928/303/890 1073/437/869
f 928/303/890 1072/436/1019 929/305/891
f 938/313/900 904/272/869 1007/389/961
f 1074/438/1020 1073/437/869 1008/390/962
f 1073/437/869 928/303/890 1008/390/962
f 1007/389/961 927/301/889 956/340/917
f 1068/432/889 1074/438/1020 1008/390/962
f 1068/432/889 1008/390/962 933/307/895
f 966/349/925 965/347/911 964/348/924
f 1075/171/1021 1076/173/1022 1077/172/1023
f 1078/174/1024 1077/172/1023 1079/174/1025
f 1080/175/1026 1081/173/1027 1082/176/1028
f 1083/27/1029 86/25/86 264/26/264
f 86/25/86 85/24/85 264/26/264
f 847/439/814 1083/27/1029 848/440/815
f 264/26/264 848/440/815 1083/27/1029
f 594/213/587 850/210/817 269/120/269
f 850/210/817 270/119/270 269/120/269
f 270/119/270 850/210/817 852/214/819
f 859/217/825 271/118/271 270/119/270
f 855/215/822 271/118/271 859/217/825
f 859/217/825 270/119/270 852/214/819
f 271/118/271 860/220/826 272/117/272
f 272/117/272 860/220/826 858/218/26
f 860/220/826 271/118/271 855/215/822
f 272/117/272 858/218/26 273/116/273
f 273/116/273 858/218/26 861/224/827
f 273/116/273 861/224/827 849/441/816
f 849/441/816 861/224/827 606/225/599
f 1084/177/1030 1078/174/1024 1082/176/1028
f 245/44/245 87/28/87 1085/45/1031
f 1085/45/1031 87/28/87 90/31/90
f 1086/46/1032 1087/49/1033 244/47/244
f 1087/49/1033 243/48/243 244/47/244
f 1088/442/1034 1089/443/1035 1090/50/1036
f 1089/443/1035 1091/51/1037 1090/50/1036
f 1092/444/1038 1093/445/1039 1094/446/1040
f 1093/445/1039 1095/447/1041 1094/446/1040
f 1080/175/1026 1082/176/1028 1078/174/1024
f 1078/174/1024 1079/174/1025 1080/175/1026
f 1075/171/1021 1077/172/1023 1078/174/1024
f 237/104/237 102/43/102 1096/448/1042
f 102/43/102 101/42/101 1096/448/1042
f 1097/449/1043 1098/450/1044 1099/451/1045
f 1098/450/1044 1100/452/1046 1099/451/1045
f 243/48/243 1087/49/1033 1091/51/1037
f 1090/50/1036 1091/51/1037 1087/49/1033
f 1078/174/1024 1101/178/1047 1075/171/1021
f 245/44/245 1085/45/1031 244/47/244
f 1086/46/1032 244/47/244 1085/45/1031
f 1102/179/1048 1103/181/1049 1104/180/1050
f 1095/447/1041 1093/445/1039 1088/442/1034
f 1093/445/1039 1089/443/1035 1088/442/1034
f 1098/450/1044 237/104/237 1100/452/1046
f 237/104/237 1096/448/1042 1100/452/1046
f 1076/173/1022 1104/180/1050 1103/181/1049
f 1102/179/1048 1104/180/1050 1105/182/1051
f 1104/180/1050 1106/183/1052 1105/182/1051
f 1107/442/1053 111/50/111 1108/443/1054
f 111/50/111 112/51/112 1108/443/1054
f 1109/445/1055 1092/444/1038 1110/447/1056
f 1092/444/1038 1094/446/1040 1110/447/1056
f 1105/182/1051 1111/184/1057 1102/179/1048
f 1105/182/1051 1106/183/1052 1112/185/1058
f 1109/445/1055 1110/447/1056 1108/443/1054
f 1110/447/1056 1107/442/1053 1108/443/1054
f 1113/443/1059 124/51/124 1114/442/1060
f 124/51/124 123/50/123 1114/442/1060
f 1115/186/1061 1116/187/1062 1112/185/1058
f 1112/185/1058 1106/183/1052 1115/186/1061
f 1101/178/1047 1115/186/1061 1104/180/1050
f 1117/453/1063 1118/445/1064 1119/454/1065
f 1120/447/1066 1119/454/1065 1118/445/1064
f 1106/183/1052 1104/180/1050 1115/186/1061
f 1101/178/1047 1104/180/1050 1075/171/1021
f 1118/445/1064 1113/443/1059 1120/447/1066
f 1114/442/1060 1120/447/1066 1113/443/1059
f 133/51/133 1121/443/1067 134/50/134
f 134/50/134 1121/443/1067 1122/442/1068
f 1104/180/1050 1076/173/1022 1075/171/1021
f 1077/172/1023 1103/181/1049 1123/174/1069
f 1079/174/1025 1077/172/1023 1123/174/1069
f 1124/445/1070 1117/453/1063 1125/447/1071
f 1125/447/1071 1117/453/1063 1119/454/1065
f 1126/43/1072 1127/104/1073 284/42/284
f 1127/104/1073 1128/448/1074 284/42/284
f 1129/38/1075 1130/41/1076 282/39/282
f 1130/41/1076 283/40/283 282/39/282
f 1131/35/1077 1132/37/1078 1133/34/1079
f 1132/37/1078 1134/36/1080 1133/34/1079
f 1135/32/1081 1131/35/1077 1136/33/1082
f 1131/35/1077 1133/34/1079 1136/33/1082
f 1137/450/1083 1138/455/1084 1139/452/1085
f 1138/455/1084 1140/456/1086 1139/452/1085
f 1077/172/1023 1076/173/1022 1103/181/1049
f 1132/37/1078 1129/38/1075 1134/36/1080
f 1129/38/1075 282/39/282 1134/36/1080
f 1103/181/1049 1102/179/1048 1123/174/1069
f 1126/43/1072 284/42/284 1130/41/1076
f 1130/41/1076 284/42/284 283/40/283
f 1121/443/1067 1124/445/1070 1122/442/1068
f 1122/442/1068 1124/445/1070 1125/447/1071
f 1127/104/1073 1137/450/1083 1128/448/1074
f 1137/450/1083 1139/452/1085 1128/448/1074
f 1141/457/1087 1142/458/1088 1143/459/1089
f 1142/458/1088 1144/460/1090 1143/459/1089
f 1145/188/1091 1084/177/1030 1146/186/1092
f 1147/180/1093 1146/186/1092 1084/177/1030
f 1084/177/1030 1082/176/1028 1147/180/1093
f 1148/461/1094 1149/462/1095 1150/463/1096
f 1151/464/1097 1150/463/1096 1149/462/1095
f 1081/173/1027 1147/180/1093 1082/176/1028
f 1142/458/1088 137/48/137 1144/460/1090
f 136/53/136 1144/460/1090 137/48/137
f 1149/462/1095 1141/457/1087 1151/464/1097
f 1143/459/1089 1151/464/1097 1141/457/1087
f 1152/458/1098 1153/457/1099 1154/460/1100
f 1154/460/1100 1153/457/1099 1155/459/1101
f 1084/177/1030 1156/189/1102 1078/174/1024
f 1116/187/1062 1078/174/1024 1157/190/1103
f 1156/189/1102 1157/190/1103 1078/174/1024
f 1158/462/1104 1148/461/1094 1159/464/1105
f 1159/464/1105 1148/461/1094 1150/463/1096
f 305/121/305 1160/465/1106 1161/466/1107
f 1160/465/1106 1162/467/1108 1161/466/1107
f 1116/187/1062 1101/178/1047 1078/174/1024
f 1112/185/1058 1163/191/1109 1105/182/1051
f 1115/186/1061 1101/178/1047 1116/187/1062
f 1164/468/1110 1165/469/1111 1166/470/1112
f 1165/469/1111 1167/471/1113 1166/470/1112
f 1112/185/1058 1116/187/1062 1163/191/1109
f 1123/174/1069 1102/179/1048 1111/184/1057
f 146/48/146 1152/458/1098 147/53/147
f 147/53/147 1152/458/1098 1154/460/1100
f 153/41/153 305/121/305 154/40/154
f 305/121/305 1161/466/1107 154/40/154
f 1153/457/1099 1158/462/1104 1155/459/1101
f 1155/459/1101 1158/462/1104 1159/464/1105
f 1160/465/1106 1164/468/1110 1162/467/1108
f 1164/468/1110 1166/470/1112 1162/467/1108
f 1168/472/1114 1169/473/1115 1170/474/1116
f 1170/474/1116 1169/473/1115 1171/475/1117
f 1111/184/1057 1105/182/1051 1163/191/1109
f 1123/174/1069 1111/184/1057 1172/190/1118
f 1163/191/1109 1172/190/1118 1111/184/1057
f 1173/476/1119 1174/477/1120 1175/478/1121
f 1175/478/1121 1174/477/1120 1176/479/1122
f 1177/480/1123 1178/481/1124 1179/482/1125
f 1179/482/1125 1178/481/1124 1180/483/1126
f 1156/189/1102 1084/177/1030 1145/188/1091
f 1145/188/1091 1181/192/1127 1156/189/1102
f 1182/193/1128 1116/187/1062 1157/190/1103
f 1183/484/1129 1184/485/1130 1185/486/1131
f 1185/486/1131 1184/485/1130 1186/487/1132
f 1187/488/1133 1188/489/1134 1189/490/1135
f 1189/490/1135 1188/489/1134 1190/491/1136
f 319/131/318 189/91/189 1191/492/1137
f 1191/492/1137 189/91/189 190/92/190
f 1156/189/1102 1192/194/1138 1157/190/1103
f 1157/190/1103 1192/194/1138 1182/193/1128
f 1193/493/1139 1194/494/1140 1195/495/1141
f 1195/495/1141 1194/494/1140 1196/496/1142
f 1116/187/1062 1182/193/1128 1163/191/1109
f 1182/193/1128 1197/195/1143 1163/191/1109
f 1163/191/1109 1197/195/1143 1172/190/1118
f 1188/489/1134 319/131/318 1190/491/1136
f 1190/491/1136 319/131/318 1191/492/1137
f 1169/473/1115 163/65/163 1171/475/1117
f 1171/475/1117 163/65/163 166/68/166
f 1178/481/1124 173/75/173 1180/483/1126
f 1180/483/1126 173/75/173 176/78/176
f 1194/494/1140 1187/488/1133 1196/496/1142
f 1196/496/1142 1187/488/1133 1189/490/1135
f 1174/477/1120 1168/472/1114 1176/479/1122
f 1176/479/1122 1168/472/1114 1170/474/1116
f 1184/485/1130 1177/480/1123 1186/487/1132
f 1186/487/1132 1177/480/1123 1179/482/1125
f 1198/473/1144 1199/472/1145 1200/475/1146
f 1201/474/1147 1200/475/1146 1199/472/1145
f 1197/195/1143 1202/194/1148 1172/190/1118
f 1181/192/1127 1203/193/1127 1156/189/1102
f 1203/193/1127 1192/194/1138 1156/189/1102
f 1204/477/1149 1173/476/1119 1205/479/1150
f 1175/478/1121 1205/479/1150 1173/476/1119
f 1206/481/1151 1207/480/1152 1208/483/1153
f 1209/482/1154 1208/483/1153 1207/480/1152
f 1210/196/1138 1211/198/1155 1212/197/1128
f 1212/197/1128 1211/198/1155 1213/196/1156
f 1213/196/1156 1211/198/1155 1214/197/1157
f 1215/485/1158 1183/484/1129 1216/487/1159
f 1185/486/1131 1216/487/1159 1183/484/1129
f 1217/497/1160 1218/498/1161 1206/481/1151
f 1218/498/1161 1207/480/1152 1206/481/1151
f 1219/197/1127 1211/198/1155 1210/196/1138
f 1220/171/1162 1221/199/1163 1222/173/1164
f 1223/174/1165 1079/174/1025 1221/199/1163
f 1224/499/1166 1225/500/1167 1215/485/1158
f 1225/500/1167 1183/484/1129 1215/485/1158
f 1226/489/1168 1227/488/1169 1228/491/1170
f 1229/490/1171 1228/491/1170 1227/488/1169
f 216/91/216 320/131/319 217/92/217
f 1230/492/1172 217/92/217 320/131/319
f 1080/175/1026 1231/176/1173 1081/173/1027
f 1232/177/1174 1231/176/1173 1223/174/1165
f 1233/494/1175 1193/493/1139 1234/496/1176
f 1195/495/1141 1234/496/1176 1193/493/1139
f 1080/175/1026 1223/174/1165 1231/176/1173
f 1223/174/1165 1080/175/1026 1079/174/1025
f 1220/171/1162 1223/174/1165 1221/199/1163
f 1223/174/1165 1220/171/1162 1235/200/1177
f 320/131/319 1226/489/1168 1230/492/1172
f 1228/491/1170 1230/492/1172 1226/489/1168
f 193/65/193 1198/473/1144 194/68/194
f 1200/475/1146 194/68/194 1198/473/1144
f 201/75/201 1206/481/1151 202/78/202
f 1208/483/1153 202/78/202 1206/481/1151
f 207/93/207 1217/497/1160 201/75/201
f 1217/497/1160 1206/481/1151 201/75/201
f 1227/488/1169 1233/494/1175 1229/490/1171
f 1234/496/1176 1229/490/1171 1233/494/1175
f 1204/477/1149 1205/479/1150 1199/472/1145
f 1205/479/1150 1201/474/1147 1199/472/1145
f 1207/480/1152 1215/485/1158 1209/482/1154
f 1216/487/1159 1209/482/1154 1215/485/1158
f 1218/498/1161 1224/499/1166 1207/480/1152
f 1224/499/1166 1215/485/1158 1207/480/1152
f 1236/501/1178 1237/502/1179 1238/503/1180
f 1238/503/1180 1237/502/1179 1239/504/1181
f 1239/504/1181 1237/502/1179 1240/505/1182
f 1236/501/1178 1241/506/1183 1237/502/1179
f 1241/506/1183 1242/507/1184 1237/502/1179
f 1240/505/1182 1237/502/1179 1242/507/1184
f 1243/505/1185 1238/503/1180 1239/504/1181
f 1236/501/1178 1238/503/1180 1244/502/1186
f 1243/505/1185 1244/502/1186 1238/503/1180
f 1242/507/1184 1241/506/1183 1244/502/1186
f 1236/501/1178 1244/502/1186 1241/506/1183
f 1242/507/1184 1244/502/1186 1243/505/1185
f 1245/501/1187 1246/503/1188 1247/502/1189
f 1246/503/1188 1248/504/1190 1247/502/1189
f 1248/504/1190 1249/505/1191 1247/502/1189
f 1245/501/1187 1247/502/1189 1250/506/1192
f 1250/506/1192 1247/502/1189 1251/507/1193
f 1249/505/1191 1251/507/1193 1247/502/1189
f 1252/505/1194 1248/504/1190 1246/503/1188
f 1245/501/1187 1253/502/1195 1246/503/1188
f 1252/505/1194 1246/503/1188 1253/502/1195
f 1251/507/1193 1253/502/1195 1250/506/1192
f 1245/501/1187 1250/506/1192 1253/502/1195
f 1251/507/1193 1252/505/1194 1253/502/1195
f 1254/201/1048 1255/180/1196 1256/202/1197
f 1222/173/1164 1256/202/1197 1255/180/1196
f 1254/201/1048 1257/203/1198 1255/180/1196
f 1255/180/1196 1257/203/1198 1258/204/1199
f 1257/203/1198 1254/201/1048 1259/205/1200
f 234/104/234 1260/448/1201 227/43/227
f 1260/448/1201 226/42/226 227/43/227
f 1261/450/1202 1262/452/1203 234/104/234
f 1262/452/1203 1260/448/1201 234/104/234
f 1097/449/1043 1099/451/1045 1261/450/1202
f 1099/451/1045 1262/452/1203 1261/450/1202
f 1257/203/1198 1263/206/1204 1258/204/1199
f 1264/186/1205 1263/206/1204 1265/207/1206
f 1263/206/1204 1264/186/1205 1258/204/1199
f 1235/200/1177 1255/180/1196 1264/186/1205
f 1258/204/1199 1264/186/1205 1255/180/1196
f 1235/200/1177 1220/171/1162 1255/180/1196
f 1266/508/1207 1261/450/1202 235/105/235
f 1261/450/1202 234/104/234 235/105/235
f 1267/509/1208 1097/449/1043 1266/508/1207
f 1097/449/1043 1261/450/1202 1266/508/1207
f 1267/509/1208 1268/508/1209 1097/449/1043
f 1268/508/1209 1098/450/1044 1097/449/1043
f 1268/508/1209 238/105/238 1098/450/1044
f 238/105/238 237/104/237 1098/450/1044
f 1255/180/1196 1220/171/1162 1222/173/1164
f 1221/199/1163 1123/174/1069 1256/202/1197
f 1079/174/1025 1123/174/1069 1221/199/1163
f 1221/199/1163 1256/202/1197 1222/173/1164
f 1256/202/1197 1123/174/1069 1254/201/1048
f 1145/188/1091 1146/186/1092 1232/177/1174
f 1099/451/1045 1100/452/1046 1092/444/1038
f 1100/452/1046 1093/445/1039 1092/444/1038
f 1089/443/1035 1093/445/1039 1096/448/1042
f 1093/445/1039 1100/452/1046 1096/448/1042
f 1091/51/1037 1089/443/1035 101/42/101
f 1089/443/1035 1096/448/1042 101/42/101
f 243/48/243 1091/51/1037 99/40/99
f 1091/51/1037 101/42/101 99/40/99
f 1147/180/1093 1232/177/1174 1146/186/1092
f 1232/177/1174 1147/180/1093 1231/176/1173
f 1081/173/1027 1231/176/1173 1147/180/1093
f 1232/177/1174 1223/174/1165 1269/189/1210
f 1265/207/1206 1270/190/1211 1223/174/1165
f 1269/189/1210 1223/174/1165 1270/190/1211
f 1265/207/1206 1223/174/1165 1235/200/1177
f 1263/206/1204 1257/203/1198 1271/208/1212
f 1264/186/1205 1265/207/1206 1235/200/1177
f 1108/443/1054 112/51/112 1260/448/1201
f 112/51/112 226/42/226 1260/448/1201
f 1262/452/1203 1109/445/1055 1260/448/1201
f 1109/445/1055 1108/443/1054 1260/448/1201
f 1099/451/1045 1092/444/1038 1262/452/1203
f 1092/444/1038 1109/445/1055 1262/452/1203
f 246/106/246 1272/510/1213 247/107/247
f 1273/511/1214 247/107/247 1272/510/1213
f 1263/206/1204 1271/208/1212 1265/207/1206
f 1123/174/1069 1259/205/1200 1254/201/1048
f 1259/205/1200 1271/208/1212 1257/203/1198
f 1123/174/1069 1172/190/1118 1259/205/1200
f 1271/208/1212 1259/205/1200 1172/190/1118
f 1269/189/1210 1145/188/1091 1232/177/1174
f 1145/188/1091 1269/189/1210 1181/192/1127
f 1270/190/1211 1274/193/1215 1275/194/1216
f 1272/510/1213 263/106/263 1273/511/1214
f 262/107/262 1273/511/1214 263/106/263
f 68/26/68 848/440/815 246/106/246
f 1272/510/1213 246/106/246 848/440/815
f 1269/189/1210 1270/190/1211 1275/194/1216
f 1274/193/1215 1270/190/1211 1265/207/1206
f 1265/207/1206 1271/208/1212 1274/193/1215
f 1274/193/1215 1271/208/1212 1276/195/1217
f 1271/208/1212 1172/190/1118 1276/195/1217
f 1276/195/1217 1172/190/1118 1202/194/1148
f 1181/192/1127 1269/189/1210 1203/193/1127
f 1203/193/1127 1269/189/1210 1275/194/1216
f 848/440/815 264/26/264 1272/510/1213
f 263/106/263 1272/510/1213 264/26/264
f 1273/511/1214 849/441/816 247/107/247
f 849/441/816 265/116/265 247/107/247
f 1277/196/1218 1278/197/1219 1211/198/1155
f 1278/197/1219 1279/196/1220 1211/198/1155
f 1279/196/1220 1214/197/1157 1211/198/1155
f 1219/197/1127 1277/196/1218 1211/198/1155
f 1280/6/1221 1281/5/1222 1282/7/1223
f 1282/7/1223 1281/5/1222 1283/4/1224
f 1284/9/1225 1285/8/1226 1280/6/1221
f 1280/6/1221 1285/8/1226 1281/5/1222
f 1273/511/1214 262/107/262 849/441/816
f 849/441/816 262/107/262 273/116/273
f 1286/12/1227 1285/8/1226 1287/164/1228
f 1285/8/1226 1284/9/1225 1287/164/1228
f 278/39/278 279/38/279 280/36/280
f 1288/37/1229 280/36/280 279/38/279
f 1288/37/1229 1289/35/1230 280/36/280
f 1289/35/1230 281/34/281 280/36/280
f 1289/35/1230 1135/32/1081 281/34/281
f 1135/32/1081 1136/33/1082 281/34/281
f 1290/450/1231 1291/452/1232 1138/455/1084
f 1291/452/1232 1140/456/1086 1138/455/1084
f 1292/104/1233 1293/448/1234 1290/450/1231
f 1293/448/1234 1291/452/1232 1290/450/1231
f 1292/104/1233 276/43/276 1293/448/1234
f 276/43/276 275/42/275 1293/448/1234
f 1284/9/1225 1294/165/1235 1287/164/1228
f 1283/4/1224 1281/5/1222 1295/209/1236
f 1281/5/1222 1296/13/1237 1295/209/1236
f 1295/209/1236 1296/13/1237 1297/167/1238
f 120/28/120 281/34/281 121/29/121
f 121/29/121 281/34/281 1136/33/1082
f 121/29/121 1136/33/1082 129/28/129
f 129/28/129 1136/33/1082 1133/34/1079
f 129/28/129 1133/34/1079 130/44/130
f 130/44/130 1133/34/1079 1134/36/1080
f 130/44/130 1134/36/1080 125/47/125
f 125/47/125 1134/36/1080 282/39/282
f 1281/5/1222 1285/8/1226 1296/13/1237
f 1285/8/1226 1298/10/1239 1296/13/1237
f 284/42/284 1128/448/1074 133/51/133
f 1121/443/1067 133/51/133 1128/448/1074
f 1128/448/1074 1139/452/1085 1121/443/1067
f 1124/445/1070 1121/443/1067 1139/452/1085
f 1139/452/1085 1140/456/1086 1124/445/1070
f 1117/453/1063 1124/445/1070 1140/456/1086
f 1140/456/1086 1291/452/1232 1117/453/1063
f 1118/445/1064 1117/453/1063 1291/452/1232
f 1291/452/1232 1293/448/1234 1118/445/1064
f 1113/443/1059 1118/445/1064 1293/448/1234
f 275/42/275 124/51/124 1293/448/1234
f 124/51/124 1113/443/1059 1293/448/1234
f 1299/102/1240 277/41/277 1300/103/1241
f 277/41/277 276/43/276 1300/103/1241
f 279/38/279 277/41/277 1301/101/1242
f 1301/101/1242 277/41/277 1299/102/1240
f 279/38/279 1301/101/1242 1288/37/1229
f 1302/100/1243 1288/37/1229 1301/101/1242
f 1288/37/1229 1302/100/1243 1289/35/1230
f 1303/99/1244 1289/35/1230 1302/100/1243
f 1289/35/1230 1303/99/1244 1135/32/1081
f 1304/98/143 1135/32/1081 1303/99/1244
f 1135/32/1081 1304/98/143 1131/35/1077
f 1304/98/143 1305/99/1245 1131/35/1077
f 1131/35/1077 1305/99/1245 1132/37/1078
f 1305/99/1245 1306/100/1246 1132/37/1078
f 1132/37/1078 1306/100/1246 1129/38/1075
f 1306/100/1246 1307/101/1247 1129/38/1075
f 1307/101/1247 1308/102/1248 1129/38/1075
f 1308/102/1248 1130/41/1076 1129/38/1075
f 1308/102/1248 1309/103/1249 1130/41/1076
f 1309/103/1249 1126/43/1072 1130/41/1076
f 1309/103/1249 1310/105/1250 1126/43/1072
f 1310/105/1250 1127/104/1073 1126/43/1072
f 1310/105/1250 1311/508/1251 1127/104/1073
f 1311/508/1251 1137/450/1083 1127/104/1073
f 1311/508/1251 1312/512/1252 1137/450/1083
f 1312/512/1252 1138/455/1084 1137/450/1083
f 1313/508/1253 1290/450/1231 1312/512/1252
f 1290/450/1231 1138/455/1084 1312/512/1252
f 1314/105/1254 1292/104/1233 1313/508/1253
f 1292/104/1233 1290/450/1231 1313/508/1253
f 1300/103/1241 276/43/276 1314/105/1254
f 276/43/276 1292/104/1233 1314/105/1254
f 1315/465/1255 1316/467/1256 1317/468/1257
f 1316/467/1256 1318/470/1258 1317/468/1257
f 293/121/293 1319/466/1259 1315/465/1255
f 1319/466/1259 1316/467/1256 1315/465/1255
f 287/41/287 286/40/286 293/121/293
f 286/40/286 1319/466/1259 293/121/293
f 1298/10/1239 1285/8/1226 1320/11/1260
f 1285/8/1226 1286/12/1227 1320/11/1260
f 1280/6/1221 1282/7/1223 1321/168/1261
f 1284/9/1225 1280/6/1221 1321/168/1261
f 1165/469/1111 1317/468/1257 1167/471/1113
f 1317/468/1257 1318/470/1258 1167/471/1113
f 1319/466/1259 286/40/286 1142/458/1088
f 137/48/137 1142/458/1088 286/40/286
f 1294/165/1235 1284/9/1225 1321/168/1261
f 1296/13/1237 1322/169/1262 1297/167/1238
f 1297/167/1238 1322/169/1262 1323/170/1263
f 1296/13/1237 1298/10/1239 1322/169/1262
f 1298/10/1239 1324/153/1264 1322/169/1262
f 1298/10/1239 1320/11/1260 1324/153/1264
f 1320/11/1260 1325/154/1265 1324/153/1264
f 1326/155/1266 1327/157/1267 1328/156/1268
f 154/40/154 1161/466/1107 146/48/146
f 1152/458/1098 146/48/146 1161/466/1107
f 1161/466/1107 1162/467/1108 1152/458/1098
f 1153/457/1099 1152/458/1098 1162/467/1108
f 1162/467/1108 1166/470/1112 1153/457/1099
f 1158/462/1104 1153/457/1099 1166/470/1112
f 1166/470/1112 1167/471/1113 1158/462/1104
f 1148/461/1094 1158/462/1104 1167/471/1113
f 1167/471/1113 1318/470/1258 1148/461/1094
f 1149/462/1095 1148/461/1094 1318/470/1258
f 1318/470/1258 1316/467/1256 1149/462/1095
f 1141/457/1087 1149/462/1095 1316/467/1256
f 1319/466/1259 1142/458/1088 1316/467/1256
f 1142/458/1088 1141/457/1087 1316/467/1256
f 1329/513/1269 1315/465/1255 1330/514/1270
f 1315/465/1255 1317/468/1257 1330/514/1270
f 294/122/294 293/121/293 1329/513/1269
f 293/121/293 1315/465/1255 1329/513/1269
f 1327/157/1267 1331/158/1271 1328/156/1268
f 1327/157/1267 1332/159/1272 1331/158/1271
f 1333/160/1273 1331/158/1271 1332/159/1272
f 1334/161/1274 1326/155/1266 1328/156/1268
f 1331/158/1271 1335/162/1275 1328/156/1268
f 1334/161/1274 1328/156/1268 1335/162/1275
f 1335/162/1275 1336/163/1276 1334/161/1274
f 1337/6/1277 1282/7/1223 1338/5/1278
f 1282/7/1223 1283/4/1224 1338/5/1278
f 1339/9/1279 1337/6/1277 1340/8/1280
f 304/122/304 1341/513/1281 305/121/305
f 1341/513/1281 1160/465/1106 305/121/305
f 1341/513/1281 1342/514/1282 1160/465/1106
f 1342/514/1282 1164/468/1110 1160/465/1106
f 1342/514/1282 1343/515/1283 1164/468/1110
f 1343/515/1283 1165/469/1111 1164/468/1110
f 1330/514/1270 1317/468/1257 1343/515/1283
f 1317/468/1257 1165/469/1111 1343/515/1283
f 1344/498/1284 1177/480/1123 1345/499/1285
f 1177/480/1123 1184/485/1130 1345/499/1285
f 1346/497/1286 1178/481/1124 1344/498/1284
f 1178/481/1124 1177/480/1123 1344/498/1284
f 306/93/306 173/75/173 1346/497/1286
f 173/75/173 1178/481/1124 1346/497/1286
f 1337/6/1277 1338/5/1278 1340/8/1280
f 1286/12/1227 1287/164/1228 1340/8/1280
f 1340/8/1280 1287/164/1228 1339/9/1279
f 1339/9/1279 1287/164/1228 1294/165/1235
f 1225/500/1167 1345/499/1285 1183/484/1129
f 1345/499/1285 1184/485/1130 1183/484/1129
f 1347/516/1287 1344/498/1284 1348/517/1288
f 1344/498/1284 1345/499/1285 1348/517/1288
f 1349/518/1289 1346/497/1286 1347/516/1287
f 1346/497/1286 1344/498/1284 1347/516/1287
f 310/126/310 306/93/306 1349/518/1289
f 306/93/306 1346/497/1286 1349/518/1289
f 1283/4/1224 1295/209/1236 1338/5/1278
f 1338/5/1278 1295/209/1236 1350/13/1290
f 1295/209/1236 1297/167/1238 1350/13/1290
f 1338/5/1278 1350/13/1290 1340/8/1280
f 1350/13/1290 1351/10/1291 1340/8/1280
f 1351/10/1291 1320/11/1260 1340/8/1280
f 1340/8/1280 1320/11/1260 1286/12/1227
f 1337/6/1277 1321/168/1261 1282/7/1223
f 318/126/317 1352/518/1292 207/93/207
f 1352/518/1292 1217/497/1160 207/93/207
f 1352/518/1292 1353/516/1293 1217/497/1160
f 1353/516/1293 1218/498/1161 1217/497/1160
f 1353/516/1293 1354/517/1294 1218/498/1161
f 1354/517/1294 1224/499/1166 1218/498/1161
f 1354/517/1294 1355/519/1295 1224/499/1166
f 1355/519/1295 1225/500/1167 1224/499/1166
f 1348/517/1288 1345/499/1285 1355/519/1295
f 1345/499/1285 1225/500/1167 1355/519/1295
f 1186/487/1132 1179/482/1125 1174/477/1120
f 1174/477/1120 1179/482/1125 1168/472/1114
f 1179/482/1125 1180/483/1126 1168/472/1114
f 1169/473/1115 1168/472/1114 1180/483/1126
f 1180/483/1126 176/78/176 1169/473/1115
f 163/65/163 1169/473/1115 176/78/176
f 1339/9/1279 1321/168/1261 1337/6/1277
f 1294/165/1235 1321/168/1261 1339/9/1279
f 1350/13/1290 1297/167/1238 1356/169/1296
f 1297/167/1238 1323/170/1263 1356/169/1296
f 1350/13/1290 1356/169/1296 1351/10/1291
f 1351/10/1291 1356/169/1296 1357/153/1297
f 1351/10/1291 1357/153/1297 1320/11/1260
f 1320/11/1260 1357/153/1297 1325/154/1265
f 202/78/202 1208/483/1153 193/65/193
f 1198/473/1144 193/65/193 1208/483/1153
f 1208/483/1153 1209/482/1154 1198/473/1144
f 1199/472/1145 1198/473/1144 1209/482/1154
f 1209/482/1154 1216/487/1159 1199/472/1145
f 1204/477/1149 1199/472/1145 1216/487/1159
f 1216/487/1159 1185/486/1131 1204/477/1149
f 1173/476/1119 1204/477/1149 1185/486/1131
f 1185/486/1131 1186/487/1132 1173/476/1119
f 1174/477/1120 1173/476/1119 1186/487/1132
f 1176/479/1122 1170/474/1116 1194/494/1140
f 1194/494/1140 1170/474/1116 1187/488/1133
f 1170/474/1116 1171/475/1117 1187/488/1133
f 1188/489/1134 1187/488/1133 1171/475/1117
f 1171/475/1117 166/68/166 1188/489/1134
f 319/131/318 1188/489/1134 166/68/166
f 1326/155/1266 1358/156/1298 1327/157/1267
f 1327/157/1267 1358/156/1298 1359/158/1299
f 1327/157/1267 1359/158/1299 1332/159/1272
f 1333/160/1273 1332/159/1272 1359/158/1299
f 1334/161/1274 1358/156/1298 1326/155/1266
f 1359/158/1299 1358/156/1298 1360/162/1300
f 1334/161/1274 1360/162/1300 1358/156/1298
f 1360/162/1300 1334/161/1274 1336/163/1276
f 194/68/194 1200/475/1146 320/131/319
f 1226/489/1168 320/131/319 1200/475/1146
f 1200/475/1146 1201/474/1147 1226/489/1168
f 1227/488/1169 1226/489/1168 1201/474/1147
f 1201/474/1147 1205/479/1150 1227/488/1169
f 1233/494/1175 1227/488/1169 1205/479/1150
f 1205/479/1150 1175/478/1121 1233/494/1175
f 1193/493/1139 1233/494/1175 1175/478/1121
f 1175/478/1121 1176/479/1122 1193/493/1139
f 1194/494/1140 1193/493/1139 1176/479/1122
f 1361/520/1301 1362/521/1302 1363/522/1303
f 1364/523/1304 1365/524/1305 1362/521/1306
f 1366/525/1307 1367/526/1308 1365/524/1309
f 1366/525/1307 1368/524/1310 1367/526/1308
f 1364/523/1307 1369/521/1311 1368/524/1312
f 1361/520/1313 1370/522/1314 1369/521/1315
f 1371/527/1301 1372/528/1316 1370/522/1317
f 1371/527/1301 1363/522/1303 1372/528/1316
f 1373/522/1318 1374/521/1319 1375/529/1320
f 1375/529/1320 1374/521/1319 1376/530/463
f 1374/521/1319 1377/524/1321 1376/530/463
f 1376/530/463 1377/524/1321 1378/531/1322
f 1377/524/1321 1379/526/1059 1378/531/1322
f 1378/531/1322 1379/526/1059 1380/532/1323
f 1379/526/1059 1381/524/1324 1380/532/1323
f 1380/532/1323 1381/524/1324 1382/531/1325
f 1381/524/1324 1383/521/1326 1382/531/1325
f 1382/531/1325 1383/521/1326 1384/530/1327
f 1383/521/1326 1385/522/1328 1384/530/1327
f 1384/530/1327 1385/522/1328 1386/529/1329
f 1385/522/1328 1387/528/1330 1386/529/1329
f 1386/529/1329 1387/528/1330 1388/533/1331
f 1387/528/1330 1373/522/1318 1388/533/1331
f 1388/533/1331 1373/522/1318 1375/529/1320
f 1375/529/1320 1376/530/463 1389/534/1332
f 1389/534/1332 1376/530/463 1390/535/1333
f 1376/530/463 1378/531/1322 1390/535/1333
f 1390/535/1333 1378/531/1322 1391/536/1334
f 1378/531/1322 1380/532/1323 1391/536/1334
f 1391/536/1334 1380/532/1323 1392/537/1335
f 1380/532/1323 1382/531/1325 1392/537/1335
f 1392/537/1335 1382/531/1325 1393/536/1336
f 1382/531/1325 1384/530/1327 1393/536/1336
f 1393/536/1336 1384/530/1327 1394/535/1122
f 1384/530/1327 1386/529/1329 1394/535/1122
f 1394/535/1122 1386/529/1329 1395/534/1337
f 1386/529/1329 1388/533/1331 1395/534/1337
f 1395/534/1337 1388/533/1331 1396/538/1338
f 1388/533/1331 1375/529/1320 1396/538/1338
f 1396/538/1338 1375/529/1320 1389/534/1332
f 1397/534/1339 1398/535/1340 1399/539/1341
f 1398/535/1342 1400/536/1343 1401/540/1344
f 1400/536/1343 1402/537/1345 1403/541/1344
f 1402/537/1345 1404/536/1346 1403/541/1344
f 1404/536/1347 1405/535/1348 1401/540/1349
f 1405/535/1350 1406/534/1351 1399/539/1341
f 1406/534/1352 1407/538/1353 1408/542/1344
f 1407/538/1353 1397/534/1339 1408/542/1344
f 1409/543/1354 1410/544/1355 1411/545/1356
f 1410/544/1355 1412/546/1122 1411/545/1356
f 1411/545/1356 1412/546/1122 1413/547/1357
f 1412/546/1122 1414/548/1358 1413/547/1357
f 1413/547/1357 1414/548/1358 1415/549/1359
f 1414/548/1358 1416/550/1338 1415/549/1359
f 1415/549/1359 1416/550/1338 1417/547/1360
f 1416/550/1338 1418/548/1361 1417/547/1360
f 1417/547/1360 1418/548/1361 1419/545/1362
f 1418/548/1361 1420/546/1333 1419/545/1362
f 1419/545/1362 1420/546/1333 1421/543/1363
f 1420/546/1333 1422/544/1364 1421/543/1363
f 1421/543/1363 1422/544/1364 1423/551/1365
f 1422/544/1364 1424/552/1366 1423/551/1365
f 1425/553/1367 1426/554/1368 1409/543/1354
f 1426/554/1368 1410/544/1355 1409/543/1354
f 1427/555/1369 324/135/323 323/134/322
f 1427/555/1369 323/134/322 326/135/325
f 1427/555/1369 326/135/325 328/137/327
f 1427/555/1369 328/137/327 330/139/329
f 1427/555/1369 330/139/329 332/141/331
f 1427/555/1369 332/141/331 334/139/333
f 1427/555/1369 334/139/333 336/137/335
f 1427/555/1369 336/137/335 324/135/323
f 1428/6/1370 1429/5/1371 1430/7/1372
f 1430/7/1372 1429/5/1371 1431/4/1373
f 1429/5/1371 1428/6/1370 1432/8/1374
f 1428/6/1370 1433/9/1375 1432/8/1374
f 1434/12/1376 1432/8/1374 1435/164/1377
f 1432/8/1374 1433/9/1375 1435/164/1377
f 1433/9/1375 1436/165/1378 1435/164/1377
f 1431/4/1373 1429/5/1371 1437/209/1379
f 1429/5/1371 1438/13/1380 1437/209/1379
f 1437/209/1379 1438/13/1380 1439/167/1381
f 1429/5/1371 1432/8/1374 1438/13/1380
f 1432/8/1374 1440/10/1382 1438/13/1380
f 409/11/407 1440/10/1382 1434/12/1376
f 1432/8/1374 1434/12/1376 1440/10/1382
f 1428/6/1370 1430/7/1372 1441/168/1383
f 1433/9/1375 1428/6/1370 1441/168/1383
f 337/142/336 1442/556/1384 338/143/337
f 338/143/337 1442/556/1384 339/142/338
f 339/142/338 1442/556/1384 340/144/339
f 340/144/339 1442/556/1384 341/145/340
f 341/145/340 1442/556/1384 342/146/341
f 342/146/341 1442/556/1384 343/145/342
f 343/145/342 1442/556/1384 344/144/343
f 344/144/343 1442/556/1384 337/142/336
f 1443/557/1385 1444/150/1386 1445/558/1387
f 1446/559/1388 1447/147/1389 1444/150/1390
f 1448/560/1391 1449/151/1392 1447/147/1393
f 1450/561/1394 1451/147/1395 1449/151/1396
f 1446/559/1394 1452/150/1397 1451/147/1395
f 1443/557/1394 1453/558/1398 1452/150/1399
f 1454/562/1388 1455/563/1400 1453/558/1401
f 1454/562/1388 1445/558/1387 1455/563/1400
f 1456/558/1402 348/150/347 1457/564/1403
f 1457/564/1403 348/150/347 347/149/346
f 1436/165/1378 1433/9/1375 1441/168/1383
f 1438/13/1380 1458/169/1404 1439/167/1381
f 1439/167/1381 1458/169/1404 1459/170/1405
f 1438/13/1380 1440/10/1382 1458/169/1404
f 353/150/352 1460/558/1406 354/149/353
f 354/149/353 1460/558/1406 1461/564/1407
f 1460/558/1406 1462/563/1408 1461/564/1407
f 1461/564/1407 1462/563/1408 1463/565/1409
f 1462/563/1408 1456/558/1402 1463/565/1409
f 1463/565/1409 1456/558/1402 1457/564/1403
f 1457/564/1403 347/149/346 1464/566/1410
f 1464/566/1410 347/149/346 1465/567/1411
f 347/149/346 346/148/345 1465/567/1411
f 1465/567/1411 346/148/345 1466/568/1412
f 346/148/345 350/152/349 1466/568/1412
f 1466/568/1412 350/152/349 1467/569/1413
f 350/152/349 352/148/351 1467/569/1413
f 1467/569/1413 352/148/351 1468/568/1414
f 352/148/351 354/149/353 1468/568/1414
f 1468/568/1414 354/149/353 1469/567/1415
f 354/149/353 1461/564/1407 1469/567/1415
f 1469/567/1415 1461/564/1407 1470/566/1416
f 1461/564/1407 1463/565/1409 1470/566/1416
f 1470/566/1416 1463/565/1409 1471/570/1417
f 1463/565/1409 1457/564/1403 1471/570/1417
f 1471/570/1417 1457/564/1403 1464/566/1410
f 1472/566/1418 1473/567/1419 1474/571/1420
f 1473/567/1421 1475/568/1422 1476/572/1420
f 1475/568/1422 1477/569/1423 1478/573/1424
f 1477/569/1423 1479/568/1425 1478/573/1424
f 1479/568/782 1480/567/1426 1476/572/1427
f 1480/567/1426 1481/566/1428 1482/574/1429
f 1481/566/1430 1483/570/1431 1484/575/1432
f 1483/570/1431 1472/566/1418 1484/575/1432
f 1485/555/1394 355/134/354 358/135/357
f 1485/555/1394 359/135/358 355/134/354
f 1485/555/1394 361/137/360 359/135/358
f 1485/555/1394 363/139/362 361/137/360
f 1485/555/1394 365/141/364 363/139/362
f 1485/555/1394 367/139/366 365/141/364
f 1485/555/1394 369/137/368 367/139/366
f 1485/555/1394 358/135/357 369/137/368
f 1440/10/1382 1486/153/1433 1458/169/1404
f 1440/10/1382 409/11/407 1486/153/1433
f 409/11/407 408/154/406 1486/153/1433
f 410/155/408 412/157/410 1487/156/1434
f 412/157/410 1488/158/1435 1487/156/1434
f 412/157/410 414/159/412 1488/158/1435
f 415/160/413 1488/158/1435 414/159/412
f 416/161/414 410/155/408 1487/156/1434
f 1488/158/1435 1489/162/1436 1487/156/1434
f 416/161/414 1487/156/1434 1489/162/1436
f 1489/162/1436 418/163/416 416/161/414
f 1490/5/1437 1491/6/1438 1431/4/1373
f 1430/7/1372 1431/4/1373 1491/6/1438
f 1492/8/1439 1493/9/1440 1490/5/1437
f 1491/6/1438 1490/5/1437 1493/9/1440
f 1434/12/1376 1435/164/1377 1492/8/1439
f 372/142/371 371/143/370 1494/556/1441
f 371/143/370 373/142/372 1494/556/1441
f 373/142/372 374/144/373 1494/556/1441
f 374/144/373 375/145/374 1494/556/1441
f 375/145/374 376/146/375 1494/556/1441
f 376/146/375 377/145/376 1494/556/1441
f 377/145/376 378/144/377 1494/556/1441
f 378/144/377 372/142/371 1494/556/1441
f 1495/520/1442 1496/522/1443 1497/521/1444
f 1498/523/1442 1497/521/1445 1499/524/1446
f 1500/525/1447 1499/524/1446 1501/526/1448
f 1500/525/1447 1501/526/1448 1502/524/1449
f 1498/523/1450 1502/524/1449 1503/521/1451
f 1495/520/1450 1503/521/1451 1504/522/1452
f 1505/527/1453 1504/522/1452 1506/528/1454
f 1505/527/1453 1506/528/1454 1496/522/1443
f 1507/522/1455 1508/529/1456 1509/521/1457
f 1508/529/1456 1510/530/378 1509/521/1457
f 1509/521/1457 1510/530/378 1511/524/1458
f 1510/530/378 1512/531/113 1511/524/1458
f 1511/524/1458 1512/531/113 1513/526/1459
f 1512/531/113 1514/532/1460 1513/526/1459
f 1513/526/1459 1514/532/1460 1515/524/1161
f 1514/532/1460 1516/531/1461 1515/524/1161
f 1515/524/1161 1516/531/1461 1517/521/1462
f 1516/531/1461 1518/530/1463 1517/521/1462
f 1517/521/1462 1518/530/1463 1519/522/1464
f 1518/530/1463 1520/529/1465 1519/522/1464
f 1519/522/1464 1520/529/1465 1521/528/1466
f 1520/529/1465 1522/533/1467 1521/528/1466
f 1521/528/1466 1522/533/1467 1507/522/1455
f 1522/533/1467 1508/529/1456 1507/522/1455
f 1508/529/1456 1523/534/1468 1510/530/378
f 1523/534/1468 1524/535/1469 1510/530/378
f 1510/530/378 1524/535/1469 1512/531/113
f 1524/535/1469 1525/536/1470 1512/531/113
f 1512/531/113 1525/536/1470 1514/532/1460
f 1525/536/1470 1526/537/1471 1514/532/1460
f 1514/532/1460 1526/537/1471 1516/531/1461
f 1526/537/1471 1527/536/1472 1516/531/1461
f 1516/531/1461 1527/536/1472 1518/530/1463
f 1527/536/1472 1528/535/1473 1518/530/1463
f 1518/530/1463 1528/535/1473 1520/529/1465
f 1528/535/1473 1529/534/1474 1520/529/1465
f 1520/529/1465 1529/534/1474 1522/533/1467
f 1529/534/1474 1530/538/1475 1522/533/1467
f 1522/533/1467 1530/538/1475 1508/529/1456
f 1530/538/1475 1523/534/1468 1508/529/1456
f 1531/534/1476 1532/539/1477 1533/535/1478
f 1533/535/1479 1534/540/1480 1535/536/1481
f 1535/536/1482 1536/541/1477 1537/537/1483
f 1537/537/1483 1536/541/1477 1538/536/1484
f 1538/536/1485 1534/540/1486 1539/535/1487
f 1539/535/1487 1532/539/1488 1540/534/1489
f 1540/534/1490 1541/542/1488 1542/538/1491
f 1542/538/1491 1541/542/1488 1531/534/1492
f 1543/543/1493 1544/544/1468 1545/545/1494
f 1544/544/1468 1546/546/1469 1545/545/1494
f 1545/545/1494 1546/546/1469 1547/547/1495
f 1546/546/1469 1548/548/1496 1547/547/1495
f 1547/547/1495 1548/548/1496 1549/549/1497
f 1548/548/1496 1550/550/1471 1549/549/1497
f 1549/549/1497 1550/550/1471 1551/547/1498
f 1550/550/1471 1552/548/1472 1551/547/1498
f 1551/547/1498 1552/548/1472 1553/545/1499
f 1552/548/1472 1554/546/1473 1553/545/1499
f 1553/545/1499 1554/546/1473 1555/543/1500
f 1554/546/1473 1556/544/1501 1555/543/1500
f 1555/543/1500 1556/544/1501 1557/551/1502
f 1556/544/1501 1558/552/1475 1557/551/1502
f 1559/553/1502 1560/554/1503 1543/543/1493
f 1560/554/1503 1544/544/1468 1543/543/1493
f 1561/555/1504 379/134/378 382/135/381
f 1561/555/1504 383/135/382 379/134/378
f 1561/555/1504 385/137/384 383/135/382
f 1561/555/1504 387/139/386 385/137/384
f 1561/555/1504 389/141/388 387/139/386
f 1561/555/1504 391/139/358 389/141/388
f 1561/555/1504 393/137/391 391/139/358
f 1561/555/1504 382/135/381 393/137/391
f 1492/8/1439 1435/164/1377 1493/9/1440
f 1493/9/1440 1435/164/1377 1436/165/1378
f 1431/4/1373 1437/209/1379 1490/5/1437
f 1490/5/1437 1437/209/1379 1562/13/1505
f 1437/209/1379 1439/167/1381 1562/13/1505
f 1490/5/1437 1562/13/1505 1492/8/1439
f 1562/13/1505 1563/10/1506 1492/8/1439
f 409/11/407 1434/12/1376 1563/10/1506
f 1492/8/1439 1563/10/1506 1434/12/1376
f 1491/6/1438 1441/168/1383 1430/7/1372
f 1493/9/1440 1441/168/1383 1491/6/1438
f 1436/165/1378 1441/168/1383 1493/9/1440
f 1562/13/1505 1439/167/1381 1564/169/1507
f 1439/167/1381 1459/170/1405 1564/169/1507
f 1562/13/1505 1564/169/1507 1563/10/1506
f 1564/169/1507 407/153/405 1563/10/1506
f 396/142/394 395/143/393 1565/556/1508
f 395/143/393 397/142/395 1565/556/1508
f 397/142/395 398/144/396 1565/556/1508
f 398/144/396 399/145/397 1565/556/1508
f 399/145/397 400/146/398 1565/556/1508
f 400/146/398 401/145/399 1565/556/1508
f 401/145/399 402/144/400 1565/556/1508
f 402/144/400 396/142/394 1565/556/1508
f 1566/557/1509 1567/558/1510 1568/150/1511
f 1569/559/1512 1568/150/1511 1570/147/1513
f 1571/560/1512 1570/147/1514 1572/151/1515
f 1573/561/1516 1572/151/1515 1574/147/1517
f 1569/559/1516 1574/147/1517 1575/150/1518
f 1566/557/1516 1575/150/1519 1576/558/1520
f 1577/562/1516 1576/558/1520 1578/563/1521
f 1577/562/1516 1578/563/1521 1567/558/1522
f 1579/558/1523 1580/564/1524 1581/150/1525
f 1580/564/1524 1582/149/1526 1581/150/1525
f 1583/147/1527 1581/150/1525 1584/148/1528
f 1581/150/1525 1582/149/1526 1584/148/1528
f 1585/151/1529 1583/147/1527 1586/152/1530
f 1583/147/1527 1584/148/1528 1586/152/1530
f 1587/147/1531 1585/151/1529 1588/148/1532
f 1585/151/1529 1586/152/1530 1588/148/1532
f 1589/150/1533 1587/147/1531 1590/149/1534
f 1587/147/1531 1588/148/1532 1590/149/1534
f 1589/150/1533 1590/149/1534 1591/558/1535
f 1590/149/1534 1592/564/1536 1591/558/1535
f 1591/558/1535 1592/564/1536 1593/563/1537
f 1592/564/1536 1594/565/1538 1593/563/1537
f 1593/563/1537 1594/565/1538 1579/558/1523
f 1594/565/1538 1580/564/1524 1579/558/1523
f 1580/564/1524 1595/566/1539 1582/149/1526
f 1595/566/1539 1596/567/1540 1582/149/1526
f 1582/149/1526 1596/567/1540 1584/148/1528
f 1596/567/1540 1597/568/1541 1584/148/1528
f 1584/148/1528 1597/568/1541 1586/152/1530
f 1597/568/1541 1598/569/1542 1586/152/1530
f 1586/152/1530 1598/569/1542 1588/148/1532
f 1598/569/1542 1599/568/1543 1588/148/1532
f 1588/148/1532 1599/568/1543 1590/149/1534
f 1599/568/1543 1600/567/1544 1590/149/1534
f 1590/149/1534 1600/567/1544 1592/564/1536
f 1600/567/1544 1601/566/1545 1592/564/1536
f 1592/564/1536 1601/566/1545 1594/565/1538
f 1601/566/1545 1602/570/1546 1594/565/1538
f 1594/565/1538 1602/570/1546 1580/564/1524
f 1602/570/1546 1595/566/1539 1580/564/1524
f 1603/566/1547 1604/571/1548 1605/567/1549
f 1605/567/1550 1606/572/1551 1607/568/1552
f 1607/568/1552 1608/573/1551 1609/569/1553
f 1609/569/1553 1608/573/1551 1610/568/1554
f 1610/568/1554 1606/572/1551 1611/567/1555
f 1611/567/1556 1612/574/1557 1613/566/1558
f 1613/566/1559 1614/575/1560 1615/570/1561
f 1615/570/1561 1614/575/1560 1603/566/1562
f 1616/555/1563 1617/134/1564 1618/135/1565
f 1616/555/1563 1619/135/1566 1617/134/1564
f 1616/555/1563 1620/137/1567 1619/135/1566
f 1616/555/1563 1621/139/1568 1620/137/1567
f 1616/555/1563 1622/141/1569 1621/139/1568
f 1616/555/1563 406/139/404 1622/141/1569
f 1616/555/1563 403/137/401 406/139/404
f 1616/555/1563 1618/135/1565 403/137/401
f 1618/135/1565 1617/134/1564 1623/132/1570
f 1617/134/1564 1624/133/1571 1623/132/1570
f 1617/134/1564 1619/135/1566 1624/133/1571
f 1619/135/1566 1625/132/1572 1624/133/1571
f 1619/135/1566 1620/137/1567 1625/132/1572
f 1620/137/1567 1626/136/1573 1625/132/1572
f 1620/137/1567 1621/139/1568 1626/136/1573
f 1621/139/1568 1627/138/1574 1626/136/1573
f 1621/139/1568 1622/141/1569 1627/138/1574
f 1622/141/1569 1628/140/1575 1627/138/1574
f 1622/141/1569 406/139/404 1628/140/1575
f 406/139/404 405/138/403 1628/140/1575
f 1563/10/1506 407/153/405 409/11/407
f 403/137/401 1618/135/1565 404/136/402
f 1618/135/1565 1623/132/1570 404/136/402
f 1623/132/1570 1624/133/1571 1629/142/1576
f 1624/133/1571 1630/143/1577 1629/142/1576
f 1624/133/1571 1625/132/1572 1630/143/1577
f 1625/132/1572 1631/142/1578 1630/143/1577
f 1625/132/1572 1626/136/1573 1631/142/1578
f 1626/136/1573 1632/144/1579 1631/142/1578
f 1626/136/1573 1627/138/1574 1632/144/1579
f 1627/138/1574 1633/145/1580 1632/144/1579
f 1627/138/1574 1628/140/1575 1633/145/1580
f 1628/140/1575 1634/146/1581 1633/145/1580
f 1628/140/1575 405/138/403 1634/146/1581
f 405/138/403 1635/145/1582 1634/146/1581
f 405/138/403 404/136/402 1635/145/1582
f 404/136/402 1636/144/1583 1635/145/1582
f 404/136/402 1623/132/1570 1636/144/1583
f 1623/132/1570 1629/142/1576 1636/144/1583
f 1629/142/1576 1630/143/1577 1637/556/1516
f 1630/143/1577 1631/142/1578 1637/556/1516
f 1631/142/1578 1632/144/1579 1637/556/1516
f 1632/144/1579 1633/145/1580 1637/556/1516
f 1633/145/1580 1634/146/1581 1637/556/1516
f 1634/146/1581 1635/145/1582 1637/556/1516
f 1635/145/1582 1636/144/1583 1637/556/1516
f 1636/144/1583 1629/142/1576 1637/556/1516
f 797/405/772 796/403/771 800/408/775
f 796/403/771 798/407/773 800/408/775
usemtl shiny_mat3
f 1638/576/1584 1639/577/1585 1640/578/1586
f 1639/577/1585 1641/579/1587 1640/578/1586
f 1642/580/762 1638/576/1584 1643/581/1588
f 1642/580/762 1644/582/1589 1638/576/1584
f 1645/583/1590 1638/576/1584 1644/582/1589
f 1645/583/1590 1646/584/1591 1638/576/1584
f 1639/577/1585 1638/576/1584 1646/584/1591
f 1647/585/1592 1639/577/1585 1646/584/1591
f 1648/586/1593 1641/579/1587 1639/577/1585
f 1649/587/772 1639/577/1585 1647/585/1592
f 1648/586/1593 1639/577/1585 1649/587/772
f 1650/588/776 1648/586/1593 1649/587/772
f 1651/589/1594 1652/590/785 1653/591/1595
f 1653/591/1595 1654/592/1596 1655/593/778
f 1641/579/1587 1648/586/1593 1651/589/1594
f 1652/590/785 1651/589/1594 1656/594/1597
f 1651/589/1594 1657/595/1598 1656/594/1597
f 1657/595/1598 1651/589/1594 1648/586/1593
f 1650/588/776 1657/595/1598 1648/586/1593
f 1651/589/1594 1658/596/1599 1641/579/1587
f 1651/589/1594 1653/591/1595 1655/593/778
f 1655/593/778 1659/597/1600 1651/589/1594
f 1658/596/1599 1651/589/1594 1659/597/1600
f 1658/596/1599 1659/597/1600 1660/598/1601
f 1655/593/778 1661/599/1602 1659/597/1600
f 1661/599/1602 1660/598/1601 1659/597/1600
f 1638/576/1584 1640/578/1586 1662/577/1603
f 1662/577/1603 1640/578/1586 1641/579/1587
f 1663/580/1604 1643/581/1588 1638/576/1584
f 1663/580/1604 1638/576/1584 1664/582/1605
f 1665/583/978 1664/582/1605 1638/576/1584
f 1665/583/978 1638/576/1584 1666/584/1606
f 1662/577/1603 1666/584/1606 1638/576/1584
f 1667/585/980 1666/584/1606 1662/577/1603
f 1668/586/1607 1662/577/1603 1641/579/1587
f 1669/587/1608 1667/585/980 1662/577/1603
f 1668/586/1607 1669/587/1608 1662/577/1603
f 1670/588/1609 1669/587/1608 1668/586/1607
f 1671/589/1610 1672/591/996 1673/590/1611
f 1672/591/996 1674/593/1612 1675/592/1613
f 1641/579/1587 1671/589/1610 1668/586/1607
f 1673/590/1611 1676/594/1614 1671/589/1610
f 1671/589/1610 1676/594/1614 1677/595/1615
f 1677/595/1615 1668/586/1607 1671/589/1610
f 1670/588/1609 1668/586/1607 1677/595/1615
f 1671/589/1610 1641/579/1587 1658/596/1599
f 1671/589/1610 1674/593/1612 1672/591/996
f 1674/593/1612 1671/589/1610 1678/597/1616
f 1658/596/1599 1678/597/1616 1671/589/1610
f 1658/596/1599 1660/598/1601 1678/597/1616
f 1660/598/1601 1661/599/1602 1678/597/1616
f 1661/599/1602 1674/593/1612 1678/597/1616
f 1679/600/1617 1680/601/1618 1681/602/1619
f 1679/600/1617 1682/603/1620 1683/604/1621
f 1679/600/1617 1684/605/1622 1685/606/1623
f 1682/603/1620 1679/600/1617 1685/606/1623
f 1679/600/1617 1683/604/1621 1686/607/1624
f 1686/607/1624 1680/601/1618 1679/600/1617
f 1684/605/1622 1679/600/1617 1681/602/1619
f 1681/602/1619 1687/608/1625 1684/605/1622
f 1681/602/1619 1688/606/1626 1687/608/1625
f 1689/603/1627 1688/606/1626 1681/602/1619
f 1681/602/1619 1690/604/1628 1689/603/1627
f 1690/604/1628 1681/602/1619 1680/601/1618
f 1691/609/1629 1692/610/1630 1693/611/1631
f 1693/611/1631 1694/612/1632 1695/613/1633
f 1693/611/1631 1692/610/1630 1694/612/1632
f 1695/613/1633 1694/612/1632 1696/614/1634
f 1693/611/1631 1686/607/1624 1683/604/1621
f 1691/609/1629 1693/611/1631 1683/604/1621
f 1697/615/1635 1698/616/1636 1699/617/1637
f 1698/616/1636 1700/618/1638 1699/617/1637
f 1697/615/1635 1691/609/1629 1701/619/1639
f 1686/607/1624 1693/611/1631 1695/613/1633
f 1695/613/1633 1680/601/1618 1686/607/1624
f 1691/609/1629 1697/615/1635 1692/610/1630
f 1697/615/1635 1699/617/1637 1694/612/1632
f 1699/617/1637 1700/618/1638 1694/612/1632
f 1700/618/1638 1696/614/1634 1694/612/1632
f 1694/612/1632 1692/610/1630 1697/615/1635
f 1680/601/1618 1695/613/1633 1690/604/1628
f 1702/619/1640 1700/618/1638 1703/620/1641
f 1695/613/1633 1696/614/1634 1704/609/1642
f 1695/613/1633 1704/609/1642 1690/604/1628
f 1704/609/1642 1696/614/1634 1700/618/1638
f 1705/621/1643 1698/616/1636 1706/620/1644
f 1701/619/1639 1705/621/1643 1706/620/1644
f 1698/616/1636 1705/621/1643 1707/622/1645
f 1707/622/1645 1703/620/1641 1698/616/1636
f 1708/623/1646 1707/622/1645 1709/624/1647
f 1705/621/1643 1710/625/1648 1709/624/1647
f 1710/625/1648 1711/626/1649 1709/624/1647
f 1697/615/1635 1701/619/1639 1706/620/1644
f 1697/615/1635 1706/620/1644 1698/616/1636
f 1698/616/1636 1703/620/1641 1700/618/1638
f 1709/624/1647 1707/622/1645 1705/621/1643
f 1705/621/1643 1701/619/1639 1710/625/1648
f 1702/619/1640 1704/609/1642 1700/618/1638
f 1707/622/1645 1712/625/1650 1702/619/1640
f 1712/625/1650 1707/622/1645 1708/623/1646
f 1707/622/1645 1702/619/1640 1703/620/1641
f 1713/626/1651 1712/625/1650 1708/623/1646
f 1714/627/1652 1715/628/1653 1711/626/1649
f 1711/626/1649 1715/628/1653 1709/624/1647
f 1716/629/1654 1717/630/1655 1718/631/1656
f 1719/632/1657 1718/631/1656 1720/633/1658
f 1720/633/1658 1715/628/1653 1721/634/1659
f 1709/624/1647 1722/635/1660 1708/623/1646
f 1722/635/1660 1709/624/1647 1723/636/1661
f 1723/636/1661 1720/633/1658 1718/631/1656
f 1709/624/1647 1715/628/1653 1723/636/1661
f 1715/628/1653 1720/633/1658 1723/636/1661
f 1718/631/1656 1722/635/1660 1723/636/1661
f 1717/630/1655 1722/635/1660 1718/631/1656
f 1724/627/1662 1713/626/1651 1725/628/1663
f 1725/628/1663 1713/626/1651 1708/623/1646
f 1726/637/1664 1727/638/1665 1728/634/1666
f 1726/637/1664 1725/628/1663 1722/635/1660
f 1729/639/1667 1730/640/1668 1731/641/1669
f 1732/642/1670 1733/643/1671 1730/640/1668
f 1733/643/1671 1731/641/1669 1730/640/1668
f 1732/642/1670 1734/644/1672 1733/643/1671
f 1734/644/1672 1731/641/1669 1733/643/1671
f 1732/642/1670 1730/640/1668 1735/645/1673
f 1730/640/1668 1736/646/1674 1735/645/1673
f 1737/647/1675 1736/646/1674 1730/640/1668
f 1737/647/1675 1730/640/1668 1729/639/1667
f 1729/639/1667 1738/648/1676 1737/647/1675
f 1739/649/1677 1737/647/1675 1740/650/1678
f 1737/647/1675 1741/651/1679 1740/650/1678
f 1739/649/1677 1742/652/1680 1735/645/1673
f 1739/649/1677 1736/646/1674 1737/647/1675
f 1737/647/1675 1738/648/1676 1741/651/1679
f 1743/653/1681 1744/654/1682 1745/655/1683
f 1744/654/1682 1746/656/1684 1745/655/1683
f 1742/652/1680 1747/657/1685 1743/653/1681
f 1743/653/1681 1747/657/1685 1744/654/1682
f 1744/654/1682 1748/658/1686 1746/656/1684
f 1739/649/1677 1740/650/1678 1744/654/1682
f 1744/654/1682 1740/650/1678 1741/651/1679
f 1748/658/1686 1744/654/1682 1741/651/1679
f 1739/649/1677 1744/654/1682 1747/657/1685
f 1739/649/1677 1747/657/1685 1742/652/1680
f 1736/646/1674 1739/649/1677 1735/645/1673
f 1743/653/1681 1719/632/1657 1721/634/1659
f 1721/634/1659 1742/652/1680 1743/653/1681
f 1746/656/1684 1716/629/1654 1745/655/1683
f 1716/629/1654 1743/653/1681 1745/655/1683
f 1727/638/1665 1716/629/1654 1746/656/1684
f 1716/629/1654 1719/632/1657 1743/653/1681
f 1718/631/1656 1719/632/1657 1716/629/1654
f 1727/638/1665 1717/630/1655 1716/629/1654
f 1720/633/1658 1721/634/1659 1719/632/1657
f 1731/641/1669 1749/642/1687 1729/639/1667
f 1729/639/1667 1749/642/1687 1750/645/1688
f 1749/642/1687 1731/641/1669 1734/644/1672
f 1729/639/1667 1750/645/1688 1738/648/1676
f 1738/648/1676 1750/645/1688 1741/651/1679
f 1751/652/1689 1746/656/1684 1748/658/1686
f 1746/656/1684 1751/652/1689 1728/634/1666
f 1741/651/1679 1751/652/1689 1748/658/1686
f 1751/652/1689 1741/651/1679 1750/645/1688
f 1746/656/1684 1728/634/1666 1727/638/1665
f 1725/628/1663 1708/623/1646 1722/635/1660
f 1726/637/1664 1722/635/1660 1717/630/1655
f 1726/637/1664 1717/630/1655 1727/638/1665
f 1752/600/1690 1753/602/1691 1754/601/1692
f 1752/600/1690 1755/604/1693 1756/603/1694
f 1752/600/1690 1685/606/1623 1684/605/1622
f 1756/603/1694 1685/606/1623 1752/600/1690
f 1752/600/1690 1757/607/1695 1755/604/1693
f 1757/607/1695 1752/600/1690 1754/601/1692
f 1684/605/1622 1753/602/1691 1752/600/1690
f 1753/602/1691 1684/605/1622 1687/608/1625
f 1753/602/1691 1687/608/1625 1688/606/1626
f 1758/603/1696 1753/602/1691 1688/606/1626
f 1753/602/1691 1758/603/1696 1759/604/1697
f 1759/604/1697 1754/601/1692 1753/602/1691
f 1760/609/1698 1761/611/1699 1762/610/1700
f 1761/611/1699 1763/613/1701 1764/612/1702
f 1761/611/1699 1764/612/1702 1762/610/1700
f 1763/613/1701 1765/614/1703 1764/612/1702
f 1761/611/1699 1755/604/1693 1757/607/1695
f 1760/609/1698 1755/604/1693 1761/611/1699
f 1766/615/1704 1767/617/1705 1768/616/1706
f 1768/616/1706 1767/617/1705 1769/618/1707
f 1766/615/1704 1770/619/1708 1760/609/1698
f 1757/607/1695 1763/613/1701 1761/611/1699
f 1763/613/1701 1757/607/1695 1754/601/1692
f 1760/609/1698 1762/610/1700 1766/615/1704
f 1766/615/1704 1764/612/1702 1767/617/1705
f 1767/617/1705 1764/612/1702 1769/618/1707
f 1769/618/1707 1764/612/1702 1765/614/1703
f 1764/612/1702 1766/615/1704 1762/610/1700
f 1754/601/1692 1759/604/1697 1763/613/1701
f 1771/619/1709 1772/620/1710 1769/618/1707
f 1763/613/1701 1773/609/1711 1765/614/1703
f 1763/613/1701 1759/604/1697 1773/609/1711
f 1773/609/1711 1769/618/1707 1765/614/1703
f 1774/621/1712 1775/620/1713 1768/616/1706
f 1770/619/1708 1775/620/1713 1774/621/1712
f 1768/616/1706 1776/622/1714 1774/621/1712
f 1776/622/1714 1768/616/1706 1772/620/1710
f 1777/623/1715 1778/624/1716 1776/622/1714
f 1774/621/1712 1778/624/1716 1779/625/1717
f 1779/625/1717 1778/624/1716 1780/626/1718
f 1766/615/1704 1775/620/1713 1770/619/1708
f 1766/615/1704 1768/616/1706 1775/620/1713
f 1768/616/1706 1769/618/1707 1772/620/1710
f 1778/624/1716 1774/621/1712 1776/622/1714
f 1774/621/1712 1779/625/1717 1770/619/1708
f 1771/619/1709 1769/618/1707 1773/609/1711
f 1776/622/1714 1771/619/1709 1781/625/1719
f 1781/625/1719 1777/623/1715 1776/622/1714
f 1776/622/1714 1772/620/1710 1771/619/1709
f 1782/626/1720 1777/623/1715 1781/625/1719
f 1783/627/1721 1780/626/1718 1784/628/1722
f 1780/626/1718 1778/624/1716 1784/628/1722
f 1785/629/1723 1786/631/1724 1787/630/1725
f 1788/632/1726 1789/633/1727 1786/631/1724
f 1789/633/1727 1790/634/1728 1784/628/1722
f 1778/624/1716 1791/635/1729 1792/636/1730
f 1792/636/1730 1791/635/1729 1786/631/1724
f 1786/631/1724 1789/633/1727 1792/636/1730
f 1778/624/1716 1792/636/1730 1784/628/1722
f 1784/628/1722 1792/636/1730 1789/633/1727
f 1778/624/1716 1777/623/1715 1791/635/1729
f 1787/630/1725 1786/631/1724 1791/635/1729
f 1793/627/1731 1794/628/1732 1782/626/1720
f 1794/628/1732 1777/623/1715 1782/626/1720
f 1795/637/1733 1796/634/1734 1797/638/1735
f 1777/623/1715 1794/628/1732 1791/635/1729
f 1798/639/1736 1799/641/1737 1800/640/1738
f 1801/642/1739 1800/640/1738 1802/643/1740
f 1802/643/1740 1800/640/1738 1799/641/1737
f 1801/642/1739 1802/643/1740 1803/644/1741
f 1803/644/1741 1802/643/1740 1799/641/1737
f 1801/642/1739 1804/645/1742 1800/640/1738
f 1800/640/1738 1804/645/1742 1805/646/1743
f 1806/647/1744 1800/640/1738 1805/646/1743
f 1806/647/1744 1798/639/1736 1800/640/1738
f 1798/639/1736 1806/647/1744 1807/648/1745
f 1808/649/1746 1809/650/1747 1806/647/1744
f 1806/647/1744 1809/650/1747 1810/651/1748
f 1808/649/1746 1804/645/1742 1811/652/1749
f 1808/649/1746 1806/647/1744 1805/646/1743
f 1806/647/1744 1810/651/1748 1807/648/1745
f 1812/653/1750 1813/655/1751 1814/654/1752
f 1814/654/1752 1813/655/1751 1815/656/1753
f 1811/652/1749 1812/653/1750 1816/657/1754
f 1812/653/1750 1814/654/1752 1816/657/1754
f 1814/654/1752 1815/656/1753 1817/658/1755
f 1808/649/1746 1814/654/1752 1809/650/1747
f 1814/654/1752 1810/651/1748 1809/650/1747
f 1817/658/1755 1810/651/1748 1814/654/1752
f 1808/649/1746 1816/657/1754 1814/654/1752
f 1808/649/1746 1811/652/1749 1816/657/1754
f 1805/646/1743 1804/645/1742 1808/649/1746
f 1812/653/1750 1790/634/1728 1788/632/1726
f 1790/634/1728 1812/653/1750 1811/652/1749
f 1815/656/1753 1813/655/1751 1785/629/1723
f 1785/629/1723 1813/655/1751 1812/653/1750
f 1797/638/1735 1815/656/1753 1785/629/1723
f 1785/629/1723 1812/653/1750 1788/632/1726
f 1786/631/1724 1785/629/1723 1788/632/1726
f 1797/638/1735 1785/629/1723 1787/630/1725
f 1789/633/1727 1788/632/1726 1790/634/1728
f 1799/641/1737 1798/639/1736 1818/642/1756
f 1798/639/1736 1819/645/1757 1818/642/1756
f 1818/642/1756 1803/644/1741 1799/641/1737
f 1798/639/1736 1807/648/1745 1819/645/1757
f 1807/648/1745 1810/651/1748 1819/645/1757
f 1820/652/1758 1817/658/1755 1815/656/1753
f 1815/656/1753 1796/634/1734 1820/652/1758
f 1810/651/1748 1817/658/1755 1820/652/1758
f 1820/652/1758 1819/645/1757 1810/651/1748
f 1815/656/1753 1797/638/1735 1796/634/1734
f 1791/635/1729 1794/628/1732 1795/637/1733
f 1795/637/1733 1787/630/1725 1791/635/1729
f 1795/637/1733 1797/638/1735 1787/630/1725
usemtl shiny_mat5
f 1821/659/1759 1822/660/1760 1823/661/1761
f 1824/662/1762 1821/659/1759 1823/661/1761
f 1825/663/1763 1826/664/1764 1827/665/1765
f 1828/666/1766 1825/663/1763 1827/665/1765
f 1824/662/1762 1823/661/1761 1829/667/1767
f 1830/668/1768 1824/662/1762 1829/667/1767
f 1831/669/1769 1832/670/1770 1826/664/1764
f 1825/663/1763 1831/669/1769 1826/664/1764
f 1833/671/1771 1834/672/1772 1835/673/1773
f 1836/674/1774 1833/671/1771 1835/673/1773
f 1830/668/1768 1829/667/1767 1832/670/1770
f 1831/669/1769 1830/668/1768 1832/670/1770
f 1837/664/1775 1838/670/1776 1839/669/1777
f 1840/663/1778 1837/664/1775 1839/669/1777
f 1838/670/1776 1841/667/1779 1842/668/1780
f 1839/669/1777 1838/670/1776 1842/668/1780
f 1843/675/1781 1844/676/1782 1845/677/1783
f 1846/678/1784 1843/675/1781 1845/677/1783
f 1847/679/1785 1848/680/1786 1849/681/1787
f 1850/682/1788 1847/679/1785 1849/681/1787
f 1844/676/1782 1851/683/1789 1852/684/1790
f 1845/677/1783 1844/676/1782 1852/684/1790
f 1849/681/1787 1853/680/1791 1854/679/1792
f 1850/682/1788 1849/681/1787 1854/679/1792
f 1855/685/1793 1856/686/1794 1857/687/1795
f 1858/688/1796 1855/685/1793 1857/687/1795
f 1859/689/1797 1860/690/1798 1861/691/1799
f 1862/692/1800 1859/689/1797 1861/691/1799
f 1863/693/1801 1864/694/1802 1865/695/1803
f 1866/696/1804 1863/693/1801 1865/695/1803
f 1867/697/1805 1868/698/1806 1869/699/1807
f 1870/691/1808 1867/697/1805 1869/699/1807
f 1871/678/1809 1872/700/1810 1873/701/1811
f 1874/673/1812 1871/678/1809 1873/701/1811
f 1875/686/1813 1876/702/1814 1877/703/1815
f 1821/659/1816 1875/686/1813 1877/703/1815
f 1874/673/1812 1873/701/1811 1878/704/1817
f 1879/674/1818 1874/673/1812 1878/704/1817
f 1880/687/1819 1881/705/1820 1876/702/1814
f 1875/686/1813 1880/687/1819 1876/702/1814
f 1882/706/1821 1883/707/1822 1853/680/1791
f 1849/681/1787 1882/706/1821 1853/680/1791
f 1884/708/1823 1859/689/1797 1862/692/1800
f 1885/709/1824 1884/708/1823 1862/692/1800
f 1848/680/1786 1886/707/1825 1882/706/1821
f 1849/681/1787 1848/680/1786 1882/706/1821
f 1887/665/1826 1837/664/1775 1840/663/1778
f 1888/666/1827 1887/665/1826 1840/663/1778
f 1870/691/1828 1889/690/1829 1890/689/1830
f 1891/692/1831 1870/691/1828 1890/689/1830
f 1841/667/1779 1892/661/1832 1893/662/1833
f 1842/668/1780 1841/667/1779 1893/662/1833
f 1894/673/1834 1895/672/1835 1896/671/1836
f 1897/674/1837 1894/673/1834 1896/671/1836
f 1891/692/1831 1890/689/1830 1898/708/1838
f 1899/709/1839 1891/692/1831 1898/708/1838
f 1900/687/1840 1901/686/1841 1902/685/1842
f 1903/688/1843 1900/687/1840 1902/685/1842
f 1904/677/1844 1905/676/1845 1906/675/1846
f 1871/678/1847 1904/677/1844 1906/675/1846
f 1907/684/1848 1908/683/1849 1905/676/1845
f 1904/677/1844 1907/684/1848 1905/676/1845
f 1892/661/1832 1909/660/1850 1910/659/1851
f 1893/662/1833 1892/661/1832 1910/659/1851
f 1911/695/1852 1912/694/1853 1913/693/1854
f 1914/696/1855 1911/695/1852 1913/693/1854
f 1915/699/1856 1916/698/1857 1917/697/1858
f 1861/691/1859 1915/699/1856 1917/697/1858
f 1918/701/1860 1919/700/1861 1846/678/1862
f 1920/673/1863 1918/701/1860 1846/678/1862
f 1921/703/1864 1922/702/1865 1923/686/1866
f 1910/659/1867 1921/703/1864 1923/686/1866
f 1924/704/1868 1918/701/1860 1920/673/1863
f 1925/674/1869 1924/704/1868 1920/673/1863
f 1922/702/1865 1926/705/1870 1927/687/1871
f 1923/686/1866 1922/702/1865 1927/687/1871
f 1928/710/1872 1929/711/1873 1930/712/1874
f 1931/713/1875 1928/710/1872 1930/712/1874
f 1932/714/1876 1933/715/1877 1929/711/1873
f 1928/710/1872 1932/714/1876 1929/711/1873
f 1933/715/1877 1934/716/1878 1935/717/1879
f 1929/711/1873 1933/715/1877 1935/717/1879
f 1934/716/1878 1936/718/1880 1937/719/1881
f 1935/717/1879 1934/716/1878 1937/719/1881
f 1938/720/1882 1939/721/1883 1940/722/1884
f 1941/723/1885 1938/720/1882 1940/722/1884
f 1942/724/1886 1943/725/1887 1939/721/1883
f 1938/720/1882 1942/724/1886 1939/721/1883
f 1944/726/1888 1945/727/1889 1943/725/1887
f 1942/724/1886 1944/726/1888 1943/725/1887
f 1939/721/1883 1946/728/1890 1947/729/1891
f 1940/722/1884 1939/721/1883 1947/729/1891
f 1943/725/1887 1948/730/1892 1946/728/1890
f 1939/721/1883 1943/725/1887 1946/728/1890
f 1945/727/1889 1949/731/1893 1948/730/1892
f 1943/725/1887 1945/727/1889 1948/730/1892
f 1946/728/1890 1950/715/1894 1951/714/1895
f 1947/729/1891 1946/728/1890 1951/714/1895
f 1948/730/1892 1952/716/1896 1950/715/1894
f 1946/728/1890 1948/730/1892 1950/715/1894
f 1949/731/1893 1953/718/1897 1952/716/1896
f 1948/730/1892 1949/731/1893 1952/716/1896
f 1954/715/1898 1955/716/1899 1956/730/1900
f 1957/728/1901 1954/715/1898 1956/730/1900
f 1940/722/1884 1958/721/1902 1959/720/1903
f 1941/723/1885 1940/722/1884 1959/720/1903
f 1958/721/1902 1960/725/1904 1961/724/1905
f 1959/720/1903 1958/721/1902 1961/724/1905
f 1960/725/1904 1962/727/1906 1963/726/1907
f 1961/724/1905 1960/725/1904 1963/726/1907
f 1947/729/1891 1964/728/1908 1958/721/1902
f 1940/722/1884 1947/729/1891 1958/721/1902
f 1964/728/1908 1965/730/1909 1960/725/1904
f 1958/721/1902 1964/728/1908 1960/725/1904
f 1965/730/1909 1966/731/1910 1962/727/1906
f 1960/725/1904 1965/730/1909 1962/727/1906
f 1951/714/1895 1967/715/1911 1964/728/1908
f 1947/729/1891 1951/714/1895 1964/728/1908
f 1967/715/1911 1968/716/1912 1965/730/1909
f 1964/728/1908 1967/715/1911 1965/730/1909
f 1968/716/1912 1969/718/1913 1966/731/1910
f 1965/730/1909 1968/716/1912 1966/731/1910
f 1970/728/1914 1971/715/1915 1972/714/1916
f 1973/729/1917 1970/728/1914 1972/714/1916
f 1974/730/1918 1975/716/1919 1971/715/1915
f 1970/728/1914 1974/730/1918 1971/715/1915
f 1976/731/1920 1977/718/1921 1975/716/1919
f 1974/730/1918 1976/731/1920 1975/716/1919
f 1978/721/1922 1970/728/1914 1973/729/1917
f 1979/722/1923 1978/721/1922 1973/729/1917
f 1980/725/1924 1974/730/1918 1970/728/1914
f 1978/721/1922 1980/725/1924 1970/728/1914
f 1981/727/1925 1976/731/1920 1974/730/1918
f 1980/725/1924 1981/727/1925 1974/730/1918
f 1982/720/1926 1978/721/1922 1979/722/1923
f 1983/723/1927 1982/720/1926 1979/722/1923
f 1984/724/1928 1980/725/1924 1978/721/1922
f 1982/720/1926 1984/724/1928 1978/721/1922
f 1985/726/1929 1981/727/1925 1980/725/1924
f 1984/724/1928 1985/726/1929 1980/725/1924
f 1972/714/1916 1954/715/1898 1957/728/1901
f 1973/729/1917 1972/714/1916 1957/728/1901
f 1955/716/1899 1986/718/1930 1987/731/1931
f 1956/730/1900 1955/716/1899 1987/731/1931
f 1973/729/1917 1957/728/1901 1988/721/1932
f 1979/722/1923 1973/729/1917 1988/721/1932
f 1957/728/1901 1956/730/1900 1989/725/1933
f 1988/721/1932 1957/728/1901 1989/725/1933
f 1956/730/1900 1987/731/1931 1990/727/1934
f 1989/725/1933 1956/730/1900 1990/727/1934
f 1979/722/1923 1988/721/1932 1991/720/1935
f 1983/723/1927 1979/722/1923 1991/720/1935
f 1988/721/1932 1989/725/1933 1992/724/1936
f 1991/720/1935 1988/721/1932 1992/724/1936
f 1989/725/1933 1990/727/1934 1993/726/1937
f 1992/724/1936 1989/725/1933 1993/726/1937
f 1994/732/1938 1995/733/1939 1996/734/1940
f 1997/735/1941 1994/732/1938 1996/734/1940
f 1998/736/1942 1999/737/1943 1995/733/1939
f 1994/732/1938 1998/736/1942 1995/733/1939
f 1996/734/1940 2000/733/1944 2001/732/1945
f 1997/735/1941 1996/734/1940 2001/732/1945
f 2000/733/1944 2002/737/1946 2003/736/1947
f 2001/732/1945 2000/733/1944 2003/736/1947
f 2004/738/1948 2005/739/1949 2006/740/1950
f 2007/741/1951 2006/740/1950 2005/739/1949
f 1907/684/1848 2008/742/1952 1908/683/1849
f 2008/742/1952 2009/743/1953 1908/683/1849
f 2010/744/1954 2011/745/1955 2012/746/1956
f 2013/747/1957 2012/746/1956 2011/745/1955
f 2014/748/1958 2015/749/1959 2016/750/1960
f 2016/750/1960 2015/749/1959 2017/751/1961
f 2018/752/1962 2012/746/1956 2017/751/1961
f 2012/746/1956 2016/750/1960 2017/751/1961
f 2019/753/1963 2008/742/1964 2020/754/1965
f 2008/742/1964 2021/755/1966 2020/754/1965
f 2013/747/1957 2011/745/1955 2022/756/1967
f 2011/745/1955 2023/757/1968 2022/756/1967
f 2024/758/1969 2022/756/1967 2025/759/1970
f 2022/756/1967 2023/757/1968 2025/759/1970
f 2026/760/1971 2027/761/1972 2021/755/1966
f 2021/755/1966 2027/761/1972 2020/754/1965
f 2014/748/1958 1899/709/1839 2015/749/1959
f 1899/709/1839 1898/708/1838 2015/749/1959
f 2028/762/1973 2029/763/1974 2005/739/1949
f 2029/763/1974 2007/741/1951 2005/739/1949
f 2029/763/1974 2030/764/1975 2026/760/1976
f 2026/760/1976 2030/764/1975 2031/765/1977
f 1863/693/1978 1828/666/1766 2032/766/1979
f 1828/666/1766 1827/665/1765 2032/766/1979
f 2033/767/1980 2034/768/1981 2035/769/1982
f 2036/770/1983 2037/771/1984 2038/772/1985
f 2037/771/1984 2039/773/1986 2038/772/1985
f 1858/688/1796 2036/770/1983 1855/685/1793
f 2036/770/1983 2038/772/1985 1855/685/1793
f 1896/671/1836 1895/672/1835 2040/774/1987
f 1895/672/1835 2041/767/1988 2040/774/1987
f 2040/774/1987 2041/767/1988 2042/740/1989
f 2042/740/1989 2041/767/1988 2043/741/1990
f 2044/669/1991 1853/680/1791 2045/663/1992
f 1854/679/1792 2046/668/1993 2047/662/1994
f 2048/666/1995 2045/663/1992 1853/680/1791
f 1853/680/1791 2044/669/1991 1854/679/1792
f 1854/679/1792 2044/669/1991 2046/668/1993
f 2049/747/1996 2050/750/1997 2051/775/1998
f 2051/775/1998 2050/750/1997 2052/748/1999
f 2053/746/2000 2050/750/1997 2049/747/1996
f 2054/742/2001 2055/755/2002 2056/684/2003
f 2057/758/2004 2058/756/2005 2059/776/2006
f 2059/776/2006 2058/756/2005 2049/747/1996
f 2059/776/2006 2049/747/1996 2051/775/1998
f 1853/680/1791 1883/707/1822 2048/666/1995
f 2048/666/1995 1883/707/1822 2060/777/2007
f 2061/691/2008 2062/778/2009 2063/692/2010
f 1917/697/1858 2062/778/2009 2061/691/2008
f 2064/709/2011 2062/778/2009 2065/779/2012
f 2062/778/2009 2064/709/2011 2063/692/2010
f 2065/779/2012 2052/748/1999 2064/709/2011
f 2052/748/1999 2065/779/2012 2051/775/1998
f 2051/775/1998 2065/779/2012 2059/776/2006
f 2059/776/2006 2065/779/2012 2066/780/2013
f 1854/679/1792 2038/772/1985 1850/682/1788
f 2039/773/1986 1850/682/1788 2038/772/1985
f 2038/772/1985 1854/679/1792 1855/685/1793
f 1855/685/1793 1854/679/1792 2047/662/1994
f 2067/677/2014 1894/673/1834 2068/678/2015
f 2067/677/2014 2069/781/2016 1895/672/1835
f 2056/684/2003 2070/769/2017 2069/781/2016
f 2056/684/2003 2069/781/2016 2067/677/2014
f 2070/769/2017 2041/767/1988 2069/781/2016
f 1895/672/1835 2069/781/2016 2041/767/1988
f 2055/755/2002 2070/769/2017 2056/684/2003
f 2041/767/1988 2071/768/2018 2043/741/1990
f 2072/763/2019 2043/741/1990 2071/768/2018
f 2041/767/1988 2070/769/2017 2071/768/2018
f 2070/769/2017 2073/760/2020 2071/768/2018
f 2055/755/2002 2073/760/2020 2070/769/2017
f 2073/760/2020 2072/763/2019 2071/768/2018
f 2074/696/2021 2075/693/2022 2048/666/1995
f 2074/696/2021 2048/666/1995 2060/777/2007
f 1856/686/1794 1855/685/1793 2076/659/2023
f 2047/662/1994 2076/659/2023 1855/685/1793
f 2077/738/2024 2078/740/2025 2079/739/2026
f 2080/741/2027 2079/739/2026 2078/740/2025
f 1852/684/1790 1851/683/1789 2081/742/2028
f 1851/683/1789 2082/743/2029 2081/742/2028
f 2083/744/2030 2084/746/2031 2085/745/2032
f 2086/747/2033 2085/745/2032 2084/746/2031
f 2087/748/2034 2088/750/2035 2089/749/2036
f 2088/750/2035 2090/751/2037 2089/749/2036
f 2091/752/2038 2090/751/2037 2084/746/2031
f 2084/746/2031 2090/751/2037 2088/750/2035
f 2092/753/2039 2093/754/2040 2081/742/2028
f 2081/742/2028 2093/754/2040 2094/755/2041
f 2086/747/2033 2095/756/2042 2085/745/2032
f 2085/745/2032 2095/756/2042 2096/757/2043
f 2024/758/1969 2025/759/1970 2095/756/2042
f 2095/756/2042 2025/759/1970 2096/757/2043
f 2097/760/2044 2094/755/2041 2098/761/2045
f 2094/755/2041 2093/754/2040 2098/761/2045
f 2087/748/2034 2089/749/2036 1885/709/1824
f 2089/749/2036 1884/708/1823 1885/709/1824
f 1895/672/1835 1894/673/1834 2067/677/2014
f 2099/762/2046 2079/739/2026 2100/763/2047
f 2100/763/2047 2079/739/2026 2080/741/2027
f 2100/763/2048 2097/760/2044 2101/764/2049
f 2097/760/2044 2102/765/2050 2101/764/2049
f 1913/693/1854 2103/766/2051 1888/666/1827
f 1888/666/1827 2103/766/2051 1887/665/1826
f 2037/771/1984 2104/772/2052 2039/773/1986
f 1903/688/1843 1902/685/1842 2105/770/2053
f 2105/770/2053 1902/685/1842 2104/772/2052
f 1833/671/1771 2106/774/2054 1834/672/1772
f 2106/774/2054 2033/767/1980 1834/672/1772
f 2106/774/2054 2107/740/2055 2033/767/1980
f 2107/740/2055 2108/741/2056 2033/767/1980
f 2109/712/2057 1931/713/1875 2110/720/2058
f 2111/723/2059 2110/720/2058 1931/713/1875
f 2112/782/2060 2109/712/2057 2113/724/2061
f 2110/720/2058 2113/724/2061 2109/712/2057
f 2112/782/2060 2113/724/2061 2114/783/2062
f 2113/724/2061 2115/726/2063 2114/783/2062
f 2116/784/2064 2114/783/2062 2117/785/2065
f 2115/726/2063 2117/785/2065 2114/783/2062
f 2118/786/2066 2116/784/2064 2119/787/2067
f 2117/785/2065 2119/787/2067 2116/784/2064
f 2109/712/2057 2120/711/2068 1931/713/1875
f 1931/713/1875 2120/711/2068 1928/710/1872
f 2112/782/2060 2121/717/2069 2109/712/2057
f 2109/712/2057 2121/717/2069 2120/711/2068
f 2121/717/2069 2112/782/2060 2122/719/2070
f 2112/782/2060 2114/783/2062 2122/719/2070
f 2123/788/2071 2122/719/2070 2116/784/2064
f 2114/783/2062 2116/784/2064 2122/719/2070
f 2124/789/2072 2123/788/2071 2118/786/2066
f 2116/784/2064 2118/786/2066 2123/788/2071
f 2120/711/2068 2125/715/2073 1928/710/1872
f 1928/710/1872 2125/715/2073 1932/714/1876
f 2121/717/2069 2126/716/2074 2120/711/2068
f 2120/711/2068 2126/716/2074 2125/715/2073
f 2126/716/2074 2121/717/2069 2127/718/2075
f 2121/717/2069 2122/719/2070 2127/718/2075
f 2128/790/2076 2127/718/2075 2123/788/2071
f 2122/719/2070 2123/788/2071 2127/718/2075
f 2129/791/2077 2128/790/2076 2124/789/2072
f 2123/788/2071 2124/789/2072 2128/790/2076
f 1931/713/1875 1930/712/1874 2111/723/2059
f 2111/723/2059 1930/712/1874 2130/720/2078
f 1930/712/1874 2131/782/2079 2130/720/2078
f 2130/720/2078 2131/782/2079 2132/724/2080
f 2131/782/2079 2133/783/2081 2132/724/2080
f 2132/724/2080 2133/783/2081 2134/726/2082
f 2133/783/2081 2135/784/2083 2134/726/2082
f 2134/726/2082 2135/784/2083 2136/785/2084
f 2135/784/2083 2118/786/2066 2136/785/2084
f 2136/785/2084 2118/786/2066 2119/787/2067
f 2137/669/2085 2138/663/2085 1848/680/1786
f 1929/711/1873 1935/717/1879 1930/712/1874
f 1930/712/1874 1935/717/1879 2131/782/2079
f 2131/782/2079 1935/717/1879 2133/783/2081
f 1935/717/1879 1937/719/1881 2133/783/2081
f 1937/719/1881 2139/788/2086 2133/783/2081
f 2133/783/2081 2139/788/2086 2135/784/2083
f 2139/788/2086 2124/789/2072 2135/784/2083
f 2135/784/2083 2124/789/2072 2118/786/2066
f 1847/679/1785 2140/662/2087 2141/668/2088
f 2142/666/2089 1848/680/1786 2138/663/2085
f 1848/680/1786 1847/679/1785 2137/669/2085
f 1936/718/1880 2143/790/2090 1937/719/1881
f 1937/719/1881 2143/790/2090 2139/788/2086
f 2143/790/2090 2129/791/2077 2139/788/2086
f 2139/788/2086 2129/791/2077 2124/789/2072
f 1847/679/1785 2141/668/2088 2137/669/2085
f 2144/747/2091 2145/775/2092 2146/750/2093
f 2145/775/2092 2147/748/2094 2146/750/2093
f 2148/792/2095 1945/727/1889 2149/785/2096
f 1944/726/1888 2149/785/2096 1945/727/1889
f 2150/793/2097 2148/792/2095 2151/787/2098
f 2149/785/2096 2151/787/2098 2148/792/2095
f 2152/746/2099 2144/747/2091 2146/750/2093
f 2153/742/2100 2154/684/2101 2155/755/2102
f 2057/758/2004 2059/776/2006 2156/756/2103
f 2157/794/2104 1949/731/1893 2148/792/2095
f 1945/727/1889 2148/792/2095 1949/731/1893
f 2158/795/2105 2157/794/2104 2150/793/2097
f 2148/792/2095 2150/793/2097 2157/794/2104
f 2059/776/2006 2144/747/2091 2156/756/2103
f 2059/776/2006 2145/775/2092 2144/747/2091
f 1848/680/1786 2142/666/2089 1886/707/1825
f 2159/790/2106 1953/718/1897 2157/794/2104
f 1949/731/1893 2157/794/2104 1953/718/1897
f 2142/666/2089 2160/777/2107 1886/707/1825
f 2157/794/2104 2158/795/2105 2159/790/2106
f 2161/691/2108 2162/692/2109 2163/778/2110
f 1867/697/1805 2161/691/2108 2163/778/2110
f 2164/709/2111 2165/779/2112 2163/778/2110
f 1962/727/1906 2166/792/2113 1963/726/1907
f 1963/726/1907 2166/792/2113 2167/785/2114
f 2166/792/2113 2150/793/2097 2167/785/2114
f 2167/785/2114 2150/793/2097 2151/787/2098
f 2163/778/2110 2162/692/2109 2164/709/2111
f 2165/779/2112 2164/709/2111 2147/748/2094
f 2147/748/2094 2145/775/2092 2165/779/2112
f 1966/731/1910 2168/794/2115 1962/727/1906
f 1962/727/1906 2168/794/2115 2166/792/2113
f 2168/794/2115 2158/795/2105 2166/792/2113
f 2166/792/2113 2158/795/2105 2150/793/2097
f 2145/775/2092 2059/776/2006 2165/779/2112
f 2059/776/2006 2066/780/2013 2165/779/2112
f 1847/679/1785 1850/682/1788 2104/772/2052
f 1969/718/1913 2169/790/2116 1966/731/1910
f 1966/731/1910 2169/790/2116 2168/794/2115
f 2169/790/2116 2170/791/2117 2168/794/2115
f 2168/794/2115 2170/791/2117 2158/795/2105
f 2039/773/1986 2104/772/2052 1850/682/1788
f 2104/772/2052 1902/685/1842 1847/679/1785
f 1902/685/1842 2140/662/2087 1847/679/1785
f 2171/790/2118 1977/718/1921 2172/794/2119
f 1976/731/1920 2172/794/2119 1977/718/1921
f 2173/791/2120 2171/790/2118 2174/795/2121
f 2172/794/2119 2174/795/2121 2171/790/2118
f 2175/677/2122 2176/678/2123 1835/673/1773
f 1834/672/1772 2175/677/2122 1835/673/1773
f 2175/677/2122 1834/672/1772 2177/781/2124
f 2172/794/2119 1976/731/1920 2178/792/2125
f 1981/727/1925 2178/792/2125 1976/731/1920
f 2174/795/2121 2172/794/2119 2179/793/2126
f 2178/792/2125 2179/793/2126 2172/794/2119
f 2154/684/2101 2177/781/2124 2035/769/1982
f 2154/684/2101 2175/677/2122 2177/781/2124
f 2035/769/1982 2177/781/2124 2033/767/1980
f 2178/792/2125 1981/727/1925 2180/785/2127
f 1985/726/1929 2180/785/2127 1981/727/1925
f 2179/793/2126 2178/792/2125 2181/787/2128
f 2180/785/2127 2181/787/2128 2178/792/2125
f 1834/672/1772 2033/767/1980 2177/781/2124
f 2170/791/2117 2159/790/2106 2158/795/2105
f 2155/755/2102 2154/684/2101 2035/769/1982
f 1986/718/1930 2182/790/2129 1987/731/1931
f 1987/731/1931 2182/790/2129 2183/794/2130
f 2182/790/2129 2173/791/2120 2183/794/2130
f 2183/794/2130 2173/791/2120 2174/795/2121
f 2105/770/2053 2104/772/2052 2037/771/1984
f 2034/768/1981 2184/760/1981 2035/769/1982
f 2155/755/2102 2035/769/1982 2184/760/1981
f 1987/731/1931 2183/794/2130 1990/727/1934
f 1990/727/1934 2183/794/2130 2185/792/2131
f 2183/794/2130 2174/795/2121 2185/792/2131
f 2185/792/2131 2174/795/2121 2179/793/2126
f 2033/767/1980 2108/741/2056 2034/768/1981
f 2186/763/2132 2034/768/1981 2108/741/2056
f 2184/760/1981 2034/768/1981 2186/763/2132
f 1990/727/1934 2185/792/2131 1993/726/1937
f 1993/726/1937 2185/792/2131 2187/785/2133
f 2185/792/2131 2179/793/2126 2187/785/2133
f 2187/785/2133 2179/793/2126 2181/787/2128
f 2188/696/2134 2142/666/2089 2189/693/2135
f 2188/696/2134 2160/777/2107 2142/666/2089
f 2190/796/2136 2191/797/2137 1998/736/1942
f 1998/736/1942 2191/797/2137 1999/737/1943
f 2192/798/2138 2193/799/2139 2190/796/2136
f 2190/796/2136 2193/799/2139 2191/797/2137
f 2192/798/2138 2194/800/2140 2193/799/2139
f 2194/800/2140 2195/801/2141 2193/799/2139
f 2196/802/2142 1994/732/1938 1997/735/1941
f 2197/803/2143 1998/736/1942 1994/732/1938
f 2198/804/2144 2190/796/2136 1998/736/1942
f 2199/805/2145 2192/798/2138 2190/796/2136
f 2200/806/2145 2194/800/2140 2192/798/2138
f 1901/686/1841 2201/659/2146 1902/685/1842
f 2140/662/2087 1902/685/1842 2201/659/2146
f 2202/796/2147 2003/736/1947 2203/797/2148
f 2003/736/1947 2002/737/1946 2203/797/2148
f 2204/798/2149 2202/796/2147 2205/799/2150
f 2202/796/2147 2203/797/2148 2205/799/2150
f 2204/798/2149 2205/799/2150 2194/800/2140
f 2205/799/2150 2195/801/2141 2194/800/2140
f 2196/802/2142 1997/735/1941 2001/732/1945
f 2197/803/2151 2001/732/1945 2003/736/1947
f 2198/804/2152 2003/736/1947 2202/796/2147
f 2199/805/2152 2202/796/2147 2204/798/2149
f 2200/806/2145 2204/798/2149 2194/800/2140
usemtl shiny_mat7
f 2206/807/2153 2207/808/2154 2208/809/2155
f 2208/809/2155 2207/808/2154 2209/810/2156
f 2210/811/2157 2211/812/2158 2207/808/2154
f 2209/810/2156 2207/808/2154 2211/812/2158
f 2212/813/2159 2213/814/2160 2210/811/2157
f 2211/812/2158 2210/811/2157 2213/814/2160
f 2212/813/2159 2214/815/2161 2213/814/2160
f 2213/814/2160 2214/815/2161 2215/816/2162
f 2214/815/2161 2216/817/2163 2215/816/2162
f 2215/816/2162 2216/817/2163 2217/818/2164
f 2217/818/2164 2216/817/2163 2218/819/2165
f 2216/817/2163 2219/820/2166 2218/819/2165
f 2220/821/2167 2221/822/2168 2222/823/2169
f 2223/824/2170 2220/821/2167 2222/823/2169
f 2218/819/2165 2224/825/2171 2217/818/2164
f 2225/826/2167 2217/818/2164 2224/825/2171
f 2208/809/2155 2209/810/2156 2226/827/2172
f 2227/828/2173 2228/829/2174 2222/823/2169
f 2226/827/2172 2209/810/2156 2229/830/2174
f 2223/824/2170 2222/823/2169 2228/829/2174
f 2225/826/2167 2213/814/2160 2215/816/2162
f 2217/818/2164 2225/826/2167 2215/816/2162
f 2225/826/2167 2223/824/2170 2213/814/2160
f 2213/814/2160 2223/824/2170 2229/830/2174
f 2209/810/2156 2211/812/2158 2229/830/2174
f 2213/814/2160 2229/830/2174 2211/812/2158
f 2206/807/2153 2230/809/2175 2207/808/2154
f 2230/809/2175 2231/810/2176 2207/808/2154
f 2210/811/2157 2207/808/2154 2232/812/2177
f 2231/810/2176 2232/812/2177 2207/808/2154
f 2212/813/2159 2210/811/2157 2233/814/2178
f 2232/812/2177 2233/814/2178 2210/811/2157
f 2212/813/2159 2233/814/2178 2214/815/2161
f 2233/814/2178 2234/816/2179 2214/815/2161
f 2214/815/2161 2234/816/2179 2216/817/2163
f 2234/816/2179 2235/818/2180 2216/817/2163
f 2235/818/2180 2236/819/2181 2216/817/2163
f 2216/817/2163 2236/819/2181 2219/820/2166
f 2237/821/2182 2238/823/2183 2239/822/2184
f 2240/824/2185 2238/823/2183 2237/821/2182
f 2236/819/2181 2235/818/2180 2241/825/2186
f 2242/826/2187 2241/825/2186 2235/818/2180
f 2230/809/2175 2243/827/2188 2231/810/2176
f 2244/828/2188 2238/823/2183 2245/829/2189
f 2243/827/2188 2246/830/2190 2231/810/2176
f 2240/824/2185 2245/829/2189 2238/823/2183
f 2233/814/2178 2240/824/2185 2242/826/2187
f 2235/818/2180 2234/816/2179 2242/826/2187
f 2233/814/2178 2242/826/2187 2234/816/2179
f 2246/830/2190 2233/814/2178 2232/812/2177
f 2231/810/2176 2246/830/2190 2232/812/2177
f 2246/830/2190 2240/824/2185 2233/814/2178
f 2247/807/2191 2248/809/2192 2249/808/2193
f 2248/809/2192 2250/810/2194 2249/808/2193
f 2251/811/2195 2249/808/2193 2252/812/2196
f 2250/810/2194 2252/812/2196 2249/808/2193
f 2253/813/2197 2251/811/2195 2254/814/2198
f 2252/812/2196 2254/814/2198 2251/811/2195
f 2253/813/2197 2254/814/2198 2255/815/2199
f 2254/814/2198 2256/816/2200 2255/815/2199
f 2255/815/2199 2256/816/2200 2257/817/2201
f 2256/816/2200 2258/818/2202 2257/817/2201
f 2258/818/2202 2259/819/2203 2257/817/2201
f 2257/817/2201 2259/819/2203 2260/820/2204
f 2261/821/2205 2262/823/2206 2263/822/2207
f 2264/824/2208 2262/823/2206 2261/821/2205
f 2259/819/2203 2258/818/2202 2265/825/2207
f 2266/826/2205 2265/825/2207 2258/818/2202
f 2248/809/2192 2267/827/2209 2250/810/2194
f 2268/828/2209 2262/823/2206 2269/829/2209
f 2267/827/2209 2270/830/2209 2250/810/2194
f 2264/824/2208 2269/829/2209 2262/823/2206
f 2266/826/2205 2256/816/2200 2254/814/2198
f 2258/818/2202 2256/816/2200 2266/826/2205
f 2266/826/2205 2254/814/2198 2264/824/2210
f 2254/814/2198 2270/830/2209 2264/824/2210
f 2250/810/2194 2270/830/2209 2252/812/2196
f 2254/814/2198 2252/812/2196 2270/830/2209
f 2247/807/2191 2249/808/2193 2271/809/2211
f 2271/809/2211 2249/808/2193 2272/810/2212
f 2251/811/2195 2273/812/2213 2249/808/2193
f 2272/810/2212 2249/808/2193 2273/812/2213
f 2253/813/2197 2274/814/2214 2251/811/2195
f 2273/812/2213 2251/811/2195 2274/814/2214
f 2253/813/2197 2255/815/2199 2274/814/2214
f 2274/814/2214 2255/815/2199 2275/816/2215
f 2255/815/2199 2257/817/2201 2275/816/2215
f 2275/816/2215 2257/817/2201 2276/818/2216
f 2276/818/2216 2257/817/2201 2277/819/2217
f 2257/817/2201 2260/820/2204 2277/819/2217
f 2278/821/2218 2279/822/2219 2280/823/2220
f 2281/824/2220 2278/821/2218 2280/823/2220
f 2277/819/2217 2282/825/2221 2276/818/2216
f 2283/826/2218 2276/818/2216 2282/825/2221
f 2271/809/2211 2272/810/2212 2284/827/2222
f 2285/828/2223 2286/829/2223 2280/823/2220
f 2284/827/2222 2272/810/2212 2287/830/2223
f 2281/824/2220 2280/823/2220 2286/829/2223
f 2274/814/2214 2283/826/2218 2281/824/2220
f 2276/818/2216 2283/826/2218 2275/816/2215
f 2274/814/2214 2275/816/2215 2283/826/2218
f 2287/830/2223 2273/812/2213 2274/814/2214
f 2272/810/2212 2273/812/2213 2287/830/2223
f 2287/830/2223 2274/814/2214 2281/824/2220
f 2288/831/2224 2289/832/2225 2290/833/2226
f 2290/833/2226 2289/832/2225 2291/810/2227
f 2292/834/2228 2293/812/2229 2289/832/2225
f 2291/810/2227 2289/832/2225 2293/812/2229
f 2294/835/2230 2295/814/2231 2292/834/2228
f 2293/812/2229 2292/834/2228 2295/814/2231
f 2294/835/2230 2296/836/2232 2295/814/2231
f 2295/814/2231 2296/836/2232 2297/837/2233
f 2296/836/2232 2298/838/2234 2297/837/2233
f 2297/837/2233 2298/838/2234 2299/818/2235
f 2299/818/2235 2298/838/2234 2300/839/2236
f 2298/838/2234 2301/840/2237 2300/839/2236
f 2302/841/2238 2303/842/2238 2304/843/2238
f 2305/824/2238 2302/841/2238 2304/843/2238
f 2300/839/2236 2306/844/2238 2299/818/2235
f 2307/845/2238 2299/818/2235 2306/844/2238
f 2290/833/2226 2291/810/2227 2308/846/2238
f 2309/847/2238 2310/848/2238 2304/843/2238
f 2308/846/2238 2291/810/2227 2311/849/2238
f 2305/824/2238 2304/843/2238 2310/848/2238
f 2307/845/2238 2295/814/2231 2297/837/2233
f 2299/818/2235 2307/845/2238 2297/837/2233
f 2307/845/2238 2312/850/2238 2295/814/2231
f 2295/814/2231 2312/850/2238 2311/849/2238
f 2291/810/2227 2293/812/2229 2311/849/2238
f 2295/814/2231 2311/849/2238 2293/812/2229
f 2288/831/2224 2313/833/2239 2289/832/2225
f 2313/833/2239 2314/810/2240 2289/832/2225
f 2292/834/2228 2289/832/2225 2315/812/2241
f 2314/810/2240 2315/812/2241 2289/832/2225
f 2294/835/2230 2292/834/2228 2316/814/2242
f 2315/812/2241 2316/814/2242 2292/834/2228
f 2294/835/2230 2316/814/2242 2296/836/2232
f 2316/814/2242 2317/837/2243 2296/836/2232
f 2296/836/2232 2317/837/2243 2298/838/2234
f 2317/837/2243 2318/818/2244 2298/838/2234
f 2318/818/2244 2319/839/2245 2298/838/2234
f 2298/838/2234 2319/839/2245 2301/840/2237
f 2320/841/2246 2321/843/2246 2322/842/2246
f 2323/824/2246 2321/843/2246 2320/841/2246
f 2319/839/2245 2318/818/2244 2324/844/2246
f 2325/845/2246 2324/844/2246 2318/818/2244
f 2313/833/2239 2326/846/2246 2314/810/2240
f 2327/847/2246 2321/843/2246 2328/848/2246
f 2326/846/2246 2329/849/2246 2314/810/2240
f 2323/824/2246 2328/848/2246 2321/843/2246
f 2316/814/2242 2330/850/2246 2325/845/2246
f 2318/818/2244 2317/837/2243 2325/845/2246
f 2316/814/2242 2325/845/2246 2317/837/2243
f 2329/849/2246 2316/814/2242 2315/812/2241
f 2314/810/2240 2329/849/2246 2315/812/2241
f 2329/849/2246 2330/850/2246 2316/814/2242
f 2331/840/2247 2332/838/2248 2333/839/2249
f 2333/839/2249 2332/838/2248 2334/818/2250
f 2335/836/2251 2336/837/2252 2332/838/2248
f 2334/818/2250 2332/838/2248 2336/837/2252
f 2337/835/2253 2338/814/2254 2335/836/2251
f 2336/837/2252 2335/836/2251 2338/814/2254
f 2337/835/2253 2339/834/2255 2338/814/2254
f 2338/814/2254 2339/834/2255 2340/812/2256
f 2339/834/2255 2341/832/2257 2340/812/2256
f 2340/812/2256 2341/832/2257 2342/810/2258
f 2342/810/2258 2341/832/2257 2343/833/2259
f 2341/832/2257 2344/831/2260 2343/833/2259
f 2345/848/2238 2346/847/2238 2347/843/2238
f 2348/824/2238 2345/848/2238 2347/843/2238
f 2343/833/2259 2349/846/2238 2342/810/2258
f 2350/849/2238 2342/810/2258 2349/846/2238
f 2333/839/2249 2334/818/2250 2351/844/2238
f 2352/842/2238 2353/841/2238 2347/843/2238
f 2351/844/2238 2334/818/2250 2354/845/2238
f 2348/824/2238 2347/843/2238 2353/841/2238
f 2350/849/2238 2338/814/2254 2340/812/2256
f 2342/810/2258 2350/849/2238 2340/812/2256
f 2350/849/2238 2355/850/2238 2338/814/2254
f 2338/814/2254 2355/850/2238 2354/845/2238
f 2334/818/2250 2336/837/2252 2354/845/2238
f 2338/814/2254 2354/845/2238 2336/837/2252
f 2331/840/2247 2356/839/2261 2332/838/2248
f 2356/839/2261 2357/818/2262 2332/838/2248
f 2335/836/2251 2332/838/2248 2358/837/2263
f 2357/818/2262 2358/837/2263 2332/838/2248
f 2337/835/2253 2335/836/2251 2359/814/2264
f 2358/837/2263 2359/814/2264 2335/836/2251
f 2337/835/2253 2359/814/2264 2339/834/2255
f 2359/814/2264 2360/812/2265 2339/834/2255
f 2339/834/2255 2360/812/2265 2341/832/2257
f 2360/812/2265 2361/810/2266 2341/832/2257
f 2361/810/2266 2362/833/2267 2341/832/2257
f 2341/832/2257 2362/833/2267 2344/831/2260
f 2363/848/2246 2364/843/2246 2365/847/2246
f 2366/824/2246 2364/843/2246 2363/848/2246
f 2362/833/2267 2361/810/2266 2367/846/2246
f 2368/849/2246 2367/846/2246 2361/810/2266
f 2356/839/2261 2369/844/2246 2357/818/2262
f 2370/842/2246 2364/843/2246 2371/841/2246
f 2369/844/2246 2372/845/2246 2357/818/2262
f 2366/824/2246 2371/841/2246 2364/843/2246
f 2359/814/2264 2373/850/2246 2368/849/2246
f 2361/810/2266 2360/812/2265 2368/849/2246
f 2359/814/2264 2368/849/2246 2360/812/2265
f 2372/845/2246 2359/814/2264 2358/837/2263
f 2357/818/2262 2372/845/2246 2358/837/2263
f 2372/845/2246 2373/850/2246 2359/814/2264
f 2374/831/2268 2375/851/2269 2376/833/2270
f 2376/833/2270 2375/851/2269 2377/810/2271
f 2378/852/2272 2379/812/2273 2375/851/2269
f 2377/810/2271 2375/851/2269 2379/812/2273
f 2380/853/2238 2381/814/2274 2378/852/2272
f 2379/812/2273 2378/852/2272 2381/814/2274
f 2380/853/2238 2382/854/2275 2381/814/2274
f 2381/814/2274 2382/854/2275 2383/816/2276
f 2382/854/2275 2384/855/2277 2383/816/2276
f 2383/816/2276 2384/855/2277 2385/818/2278
f 2385/818/2278 2384/855/2277 2386/839/2279
f 2384/855/2277 2387/840/2280 2386/839/2279
f 2388/841/2253 2389/842/2253 2390/843/2253
f 2391/824/2253 2388/841/2253 2390/843/2253
f 2386/839/2279 2392/844/2253 2385/818/2278
f 2393/845/2253 2385/818/2278 2392/844/2253
f 2376/833/2270 2377/810/2271 2394/846/2253
f 2395/847/2253 2396/848/2253 2390/843/2253
f 2394/846/2253 2377/810/2271 2397/849/2253
f 2391/824/2253 2390/843/2253 2396/848/2253
f 2393/845/2253 2381/814/2274 2383/816/2276
f 2385/818/2278 2393/845/2253 2383/816/2276
f 2393/845/2253 2398/850/2253 2381/814/2274
f 2381/814/2274 2398/850/2253 2397/849/2253
f 2377/810/2271 2379/812/2273 2397/849/2253
f 2381/814/2274 2397/849/2253 2379/812/2273
f 2374/831/2268 2399/833/2281 2375/851/2269
f 2399/833/2281 2400/810/2282 2375/851/2269
f 2378/852/2272 2375/851/2269 2401/812/2283
f 2400/810/2282 2401/812/2283 2375/851/2269
f 2380/853/2238 2378/852/2272 2402/814/2284
f 2401/812/2283 2402/814/2284 2378/852/2272
f 2380/853/2238 2402/814/2284 2382/854/2275
f 2402/814/2284 2403/816/2285 2382/854/2275
f 2382/854/2275 2403/816/2285 2384/855/2277
f 2403/816/2285 2404/818/2286 2384/855/2277
f 2404/818/2286 2405/839/2287 2384/855/2277
f 2384/855/2277 2405/839/2287 2387/840/2280
f 2406/841/2230 2407/843/2230 2408/842/2230
f 2409/824/2230 2407/843/2230 2406/841/2230
f 2405/839/2287 2404/818/2286 2410/844/2230
f 2411/845/2230 2410/844/2230 2404/818/2286
f 2399/833/2281 2412/846/2230 2400/810/2282
f 2413/847/2230 2407/843/2230 2414/848/2230
f 2412/846/2230 2415/849/2230 2400/810/2282
f 2409/824/2230 2414/848/2230 2407/843/2230
f 2402/814/2284 2416/850/2230 2411/845/2230
f 2404/818/2286 2403/816/2285 2411/845/2230
f 2402/814/2284 2411/845/2230 2403/816/2285
f 2415/849/2230 2402/814/2284 2401/812/2283
f 2400/810/2282 2415/849/2230 2401/812/2283
f 2415/849/2230 2416/850/2230 2402/814/2284
f 2417/831/2288 2418/833/2289 2419/851/2290
f 2418/833/2289 2420/810/2291 2419/851/2290
f 2421/852/2292 2419/851/2290 2422/812/2293
f 2420/810/2291 2422/812/2293 2419/851/2290
f 2423/853/2246 2421/852/2292 2424/814/2294
f 2422/812/2293 2424/814/2294 2421/852/2292
f 2423/853/2246 2424/814/2294 2425/854/2295
f 2424/814/2294 2426/816/2296 2425/854/2295
f 2425/854/2295 2426/816/2296 2427/855/2297
f 2426/816/2296 2428/818/2298 2427/855/2297
f 2428/818/2298 2429/839/2299 2427/855/2297
f 2427/855/2297 2429/839/2299 2430/840/2300
f 2431/841/2253 2432/843/2253 2433/842/2253
f 2434/824/2253 2432/843/2253 2431/841/2253
f 2429/839/2299 2428/818/2298 2435/844/2253
f 2436/845/2253 2435/844/2253 2428/818/2298
f 2418/833/2289 2437/846/2253 2420/810/2291
f 2438/847/2253 2432/843/2253 2439/848/2253
f 2437/846/2253 2440/849/2253 2420/810/2291
f 2434/824/2253 2439/848/2253 2432/843/2253
f 2436/845/2253 2426/816/2296 2424/814/2294
f 2428/818/2298 2426/816/2296 2436/845/2253
f 2436/845/2253 2424/814/2294 2441/850/2253
f 2424/814/2294 2440/849/2253 2441/850/2253
f 2420/810/2291 2440/849/2253 2422/812/2293
f 2424/814/2294 2422/812/2293 2440/849/2253
f 2417/831/2288 2419/851/2290 2442/833/2301
f 2442/833/2301 2419/851/2290 2443/810/2302
f 2421/852/2292 2444/812/2303 2419/851/2290
f 2443/810/2302 2419/851/2290 2444/812/2303
f 2423/853/2246 2445/814/2304 2421/852/2292
f 2444/812/2303 2421/852/2292 2445/814/2304
f 2423/853/2246 2425/854/2295 2445/814/2304
f 2445/814/2304 2425/854/2295 2446/816/2305
f 2425/854/2295 2427/855/2297 2446/816/2305
f 2446/816/2305 2427/855/2297 2447/818/2306
f 2447/818/2306 2427/855/2297 2448/839/2307
f 2427/855/2297 2430/840/2300 2448/839/2307
f 2449/841/2230 2450/842/2230 2451/843/2230
f 2452/824/2230 2449/841/2230 2451/843/2230
f 2448/839/2307 2453/844/2230 2447/818/2306
f 2454/845/2230 2447/818/2306 2453/844/2230
f 2442/833/2301 2443/810/2302 2455/846/2230
f 2456/847/2230 2457/848/2230 2451/843/2230
f 2455/846/2230 2443/810/2302 2458/849/2230
f 2452/824/2230 2451/843/2230 2457/848/2230
f 2445/814/2304 2454/845/2230 2459/850/2230
f 2447/818/2306 2454/845/2230 2446/816/2305
f 2445/814/2304 2446/816/2305 2454/845/2230
f 2458/849/2230 2444/812/2303 2445/814/2304
f 2443/810/2302 2444/812/2303 2458/849/2230
f 2458/849/2230 2445/814/2304 2459/850/2230
f 2460/831/2308 2461/832/2309 2462/833/2310
f 2462/833/2310 2461/832/2309 2463/810/2311
f 2464/834/2312 2465/812/2313 2461/832/2309
f 2463/810/2311 2461/832/2309 2465/812/2313
f 2466/835/2314 2467/814/2315 2464/834/2312
f 2465/812/2313 2464/834/2312 2467/814/2315
f 2466/835/2314 2468/836/2316 2467/814/2315
f 2467/814/2315 2468/836/2316 2469/856/2317
f 2468/836/2316 2470/838/2318 2469/856/2317
f 2469/856/2317 2470/838/2318 2471/818/2319
f 2471/818/2319 2470/838/2318 2472/839/2320
f 2470/838/2318 2473/840/2321 2472/839/2320
f 2474/841/2322 2475/842/2322 2476/843/2322
f 2477/824/2322 2474/841/2322 2476/843/2322
f 2472/839/2320 2478/844/2322 2471/818/2319
f 2479/845/2322 2471/818/2319 2478/844/2322
f 2462/833/2310 2463/810/2311 2480/846/2322
f 2481/847/2322 2482/848/2322 2476/843/2322
f 2480/846/2322 2463/810/2311 2483/849/2322
f 2477/824/2322 2476/843/2322 2482/848/2322
f 2479/845/2322 2467/814/2315 2469/856/2317
f 2471/818/2319 2479/845/2322 2469/856/2317
f 2479/845/2322 2484/850/2322 2467/814/2315
f 2467/814/2315 2484/850/2322 2483/849/2322
f 2463/810/2311 2465/812/2313 2483/849/2322
f 2467/814/2315 2483/849/2322 2465/812/2313
f 2460/831/2308 2485/833/2323 2461/832/2309
f 2485/833/2323 2486/810/2324 2461/832/2309
f 2464/834/2312 2461/832/2309 2487/812/2325
f 2486/810/2324 2487/812/2325 2461/832/2309
f 2466/835/2314 2464/834/2312 2488/814/2326
f 2487/812/2325 2488/814/2326 2464/834/2312
f 2466/835/2314 2488/814/2326 2468/836/2316
f 2488/814/2326 2489/856/2327 2468/836/2316
f 2468/836/2316 2489/856/2327 2470/838/2318
f 2489/856/2327 2490/818/2328 2470/838/2318
f 2490/818/2328 2491/839/2329 2470/838/2318
f 2470/838/2318 2491/839/2329 2473/840/2321
f 2492/841/2330 2493/843/2330 2494/842/2330
f 2495/824/2330 2493/843/2330 2492/841/2330
f 2491/839/2329 2490/818/2328 2496/844/2330
f 2497/845/2330 2496/844/2330 2490/818/2328
f 2485/833/2323 2498/846/2330 2486/810/2324
f 2499/847/2330 2493/843/2330 2500/848/2330
f 2498/846/2330 2501/849/2330 2486/810/2324
f 2495/824/2330 2500/848/2330 2493/843/2330
f 2488/814/2326 2502/850/2330 2497/845/2330
f 2490/818/2328 2489/856/2327 2497/845/2330
f 2488/814/2326 2497/845/2330 2489/856/2327
f 2501/849/2330 2488/814/2326 2487/812/2325
f 2486/810/2324 2501/849/2330 2487/812/2325
f 2501/849/2330 2502/850/2330 2488/814/2326
f 2503/840/2331 2504/838/2332 2505/839/2333
f 2505/839/2333 2504/838/2332 2506/818/2334
f 2507/836/2335 2508/856/2336 2504/838/2332
f 2506/818/2334 2504/838/2332 2508/856/2336
f 2509/835/2337 2510/814/2338 2507/836/2335
f 2508/856/2336 2507/836/2335 2510/814/2338
f 2509/835/2337 2511/834/2339 2510/814/2338
f 2510/814/2338 2511/834/2339 2512/812/2340
f 2511/834/2339 2513/832/2341 2512/812/2340
f 2512/812/2340 2513/832/2341 2514/810/2342
f 2514/810/2342 2513/832/2341 2515/833/2343
f 2513/832/2341 2516/831/2344 2515/833/2343
f 2517/848/2322 2518/847/2322 2519/843/2322
f 2520/824/2322 2517/848/2322 2519/843/2322
f 2515/833/2343 2521/846/2322 2514/810/2342
f 2522/849/2322 2514/810/2342 2521/846/2322
f 2505/839/2333 2506/818/2334 2523/844/2322
f 2524/842/2322 2525/841/2322 2519/843/2322
f 2523/844/2322 2506/818/2334 2526/845/2322
f 2520/824/2322 2519/843/2322 2525/841/2322
f 2522/849/2322 2510/814/2338 2512/812/2340
f 2514/810/2342 2522/849/2322 2512/812/2340
f 2522/849/2322 2527/850/2322 2510/814/2338
f 2510/814/2338 2527/850/2322 2526/845/2322
f 2506/818/2334 2508/856/2336 2526/845/2322
f 2510/814/2338 2526/845/2322 2508/856/2336
f 2503/840/2331 2528/839/2345 2504/838/2332
f 2528/839/2345 2529/818/2346 2504/838/2332
f 2507/836/2335 2504/838/2332 2530/856/2347
f 2529/818/2346 2530/856/2347 2504/838/2332
f 2509/835/2337 2507/836/2335 2531/814/2348
f 2530/856/2347 2531/814/2348 2507/836/2335
f 2509/835/2337 2531/814/2348 2511/834/2339
f 2531/814/2348 2532/812/2349 2511/834/2339
f 2511/834/2339 2532/812/2349 2513/832/2341
f 2532/812/2349 2533/810/2350 2513/832/2341
f 2533/810/2350 2534/833/2351 2513/832/2341
f 2513/832/2341 2534/833/2351 2516/831/2344
f 2535/848/2330 2536/843/2330 2537/847/2330
f 2538/824/2330 2536/843/2330 2535/848/2330
f 2534/833/2351 2533/810/2350 2539/846/2330
f 2540/849/2330 2539/846/2330 2533/810/2350
f 2528/839/2345 2541/844/2330 2529/818/2346
f 2542/842/2330 2536/843/2330 2543/841/2330
f 2541/844/2330 2544/845/2330 2529/818/2346
f 2538/824/2330 2543/841/2330 2536/843/2330
f 2531/814/2348 2545/850/2330 2540/849/2330
f 2533/810/2350 2532/812/2349 2540/849/2330
f 2531/814/2348 2540/849/2330 2532/812/2349
f 2544/845/2330 2531/814/2348 2530/856/2347
f 2529/818/2346 2544/845/2330 2530/856/2347
f 2544/845/2330 2545/850/2330 2531/814/2348
f 2546/831/2352 2547/832/2353 2548/833/2354
f 2548/833/2354 2547/832/2353 2549/810/2355
f 2550/834/2356 2551/812/2357 2547/832/2353
f 2549/810/2355 2547/832/2353 2551/812/2357
f 2552/835/2322 2553/814/2358 2550/834/2356
f 2551/812/2357 2550/834/2356 2553/814/2358
f 2552/835/2322 2554/836/2359 2553/814/2358
f 2553/814/2358 2554/836/2359 2555/837/2360
f 2554/836/2359 2556/838/2361 2555/837/2360
f 2555/837/2360 2556/838/2361 2557/818/2362
f 2557/818/2362 2556/838/2361 2558/839/2363
f 2556/838/2361 2559/840/2364 2558/839/2363
f 2560/841/2337 2561/842/2337 2562/843/2337
f 2563/824/2337 2560/841/2337 2562/843/2337
f 2558/839/2363 2564/844/2337 2557/818/2362
f 2565/845/2337 2557/818/2362 2564/844/2337
f 2548/833/2354 2549/810/2355 2566/846/2337
f 2567/847/2337 2568/848/2337 2562/843/2337
f 2566/846/2337 2549/810/2355 2569/849/2337
f 2563/824/2337 2562/843/2337 2568/848/2337
f 2565/845/2337 2553/814/2358 2555/837/2360
f 2557/818/2362 2565/845/2337 2555/837/2360
f 2565/845/2337 2570/850/2337 2553/814/2358
f 2553/814/2358 2570/850/2337 2569/849/2337
f 2549/810/2355 2551/812/2357 2569/849/2337
f 2553/814/2358 2569/849/2337 2551/812/2357
f 2546/831/2352 2571/833/2365 2547/832/2353
f 2571/833/2365 2572/810/2366 2547/832/2353
f 2550/834/2356 2547/832/2353 2573/812/2367
f 2572/810/2366 2573/812/2367 2547/832/2353
f 2552/835/2322 2550/834/2356 2574/814/2368
f 2573/812/2367 2574/814/2368 2550/834/2356
f 2552/835/2322 2574/814/2368 2554/836/2359
f 2574/814/2368 2575/837/2369 2554/836/2359
f 2554/836/2359 2575/837/2369 2556/838/2361
f 2575/837/2369 2576/818/2370 2556/838/2361
f 2576/818/2370 2577/839/2371 2556/838/2361
f 2556/838/2361 2577/839/2371 2559/840/2364
f 2578/841/2314 2579/843/2314 2580/842/2314
f 2581/824/2314 2579/843/2314 2578/841/2314
f 2577/839/2371 2576/818/2370 2582/844/2314
f 2583/845/2314 2582/844/2314 2576/818/2370
f 2571/833/2365 2584/846/2314 2572/810/2366
f 2585/847/2314 2579/843/2314 2586/848/2314
f 2584/846/2314 2587/849/2314 2572/810/2366
f 2581/824/2314 2586/848/2314 2579/843/2314
f 2574/814/2368 2588/850/2314 2583/845/2314
f 2576/818/2370 2575/837/2369 2583/845/2314
f 2574/814/2368 2583/845/2314 2575/837/2369
f 2587/849/2314 2574/814/2368 2573/812/2367
f 2572/810/2366 2587/849/2314 2573/812/2367
f 2587/849/2314 2588/850/2314 2574/814/2368
f 2589/831/2372 2590/833/2373 2591/832/2374
f 2590/833/2373 2592/810/2375 2591/832/2374
f 2593/834/2376 2591/832/2374 2594/812/2377
f 2592/810/2375 2594/812/2377 2591/832/2374
f 2595/835/2330 2593/834/2376 2596/814/2378
f 2594/812/2377 2596/814/2378 2593/834/2376
f 2595/835/2330 2596/814/2378 2597/836/2379
f 2596/814/2378 2598/837/2380 2597/836/2379
f 2597/836/2379 2598/837/2380 2599/838/2381
f 2598/837/2380 2600/818/2382 2599/838/2381
f 2600/818/2382 2601/839/2383 2599/838/2381
f 2599/838/2381 2601/839/2383 2602/840/2384
f 2603/841/2337 2604/843/2337 2605/842/2337
f 2606/824/2337 2604/843/2337 2603/841/2337
f 2601/839/2383 2600/818/2382 2607/844/2337
f 2608/845/2337 2607/844/2337 2600/818/2382
f 2590/833/2373 2609/846/2337 2592/810/2375
f 2610/847/2337 2604/843/2337 2611/848/2337
f 2609/846/2337 2612/849/2337 2592/810/2375
f 2606/824/2337 2611/848/2337 2604/843/2337
f 2608/845/2337 2598/837/2380 2596/814/2378
f 2600/818/2382 2598/837/2380 2608/845/2337
f 2608/845/2337 2596/814/2378 2613/850/2337
f 2596/814/2378 2612/849/2337 2613/850/2337
f 2592/810/2375 2612/849/2337 2594/812/2377
f 2596/814/2378 2594/812/2377 2612/849/2337
f 2589/831/2372 2591/832/2374 2614/833/2385
f 2614/833/2385 2591/832/2374 2615/810/2386
f 2593/834/2376 2616/812/2387 2591/832/2374
f 2615/810/2386 2591/832/2374 2616/812/2387
f 2595/835/2330 2617/814/2388 2593/834/2376
f 2616/812/2387 2593/834/2376 2617/814/2388
f 2595/835/2330 2597/836/2379 2617/814/2388
f 2617/814/2388 2597/836/2379 2618/837/2389
f 2597/836/2379 2599/838/2381 2618/837/2389
f 2618/837/2389 2599/838/2381 2619/818/2203
f 2619/818/2203 2599/838/2381 2620/839/2390
f 2599/838/2381 2602/840/2384 2620/839/2390
f 2621/841/2314 2622/842/2314 2623/843/2314
f 2624/824/2314 2621/841/2314 2623/843/2314
f 2620/839/2390 2625/844/2314 2619/818/2203
f 2626/845/2314 2619/818/2203 2625/844/2314
f 2614/833/2385 2615/810/2386 2627/846/2314
f 2628/847/2314 2629/848/2314 2623/843/2314
f 2627/846/2314 2615/810/2386 2630/849/2314
f 2624/824/2314 2623/843/2314 2629/848/2314
f 2617/814/2388 2626/845/2314 2631/850/2314
f 2619/818/2203 2626/845/2314 2618/837/2389
f 2617/814/2388 2618/837/2389 2626/845/2314
f 2630/849/2314 2616/812/2387 2617/814/2388
f 2615/810/2386 2616/812/2387 2630/849/2314
f 2630/849/2314 2617/814/2388 2631/850/2314
f 2632/857/2391 2633/832/2392 2634/858/2393
f 2634/858/2393 2633/832/2392 2635/810/2394
f 2636/834/2395 2637/812/2396 2633/832/2392
f 2635/810/2394 2633/832/2392 2637/812/2396
f 2638/835/2397 2639/814/2398 2636/834/2395
f 2637/812/2396 2636/834/2395 2639/814/2398
f 2638/835/2397 2640/836/2399 2639/814/2398
f 2639/814/2398 2640/836/2399 2641/856/2400
f 2640/836/2399 2642/838/2401 2641/856/2400
f 2641/856/2400 2642/838/2401 2643/818/2402
f 2643/818/2402 2642/838/2401 2644/859/2403
f 2642/838/2401 2645/860/2404 2644/859/2403
f 2646/845/2265 2647/861/2265 2648/862/2265
f 2649/850/2265 2646/845/2265 2648/862/2265
f 2644/859/2403 2650/863/2265 2643/818/2402
f 2646/845/2265 2643/818/2402 2650/863/2265
f 2634/858/2393 2635/810/2394 2651/864/2265
f 2652/865/2265 2653/849/2265 2648/862/2265
f 2651/864/2265 2635/810/2394 2653/849/2265
f 2649/850/2265 2648/862/2265 2653/849/2265
f 2646/845/2265 2639/814/2398 2641/856/2400
f 2643/818/2402 2646/845/2265 2641/856/2400
f 2646/845/2265 2649/850/2265 2639/814/2398
f 2639/814/2398 2649/850/2265 2653/849/2265
f 2635/810/2394 2637/812/2396 2653/849/2265
f 2639/814/2398 2653/849/2265 2637/812/2396
f 2632/857/2391 2654/858/2405 2633/832/2392
f 2654/858/2405 2655/810/2406 2633/832/2392
f 2636/834/2395 2633/832/2392 2656/812/2407
f 2655/810/2406 2656/812/2407 2633/832/2392
f 2638/835/2397 2636/834/2395 2657/814/2408
f 2656/812/2407 2657/814/2408 2636/834/2395
f 2638/835/2397 2657/814/2408 2640/836/2399
f 2657/814/2408 2658/856/2409 2640/836/2399
f 2640/836/2399 2658/856/2409 2642/838/2401
f 2658/856/2409 2659/818/2410 2642/838/2401
f 2659/818/2410 2660/859/2411 2642/838/2401
f 2642/838/2401 2660/859/2411 2645/860/2404
f 2661/845/2233 2662/862/2233 2663/861/2233
f 2664/850/2233 2662/862/2233 2661/845/2233
f 2660/859/2411 2659/818/2410 2665/863/2233
f 2661/845/2233 2665/863/2233 2659/818/2410
f 2654/858/2405 2666/864/2233 2655/810/2406
f 2667/865/2233 2662/862/2233 2668/849/2233
f 2666/864/2233 2668/849/2233 2655/810/2406
f 2664/850/2233 2668/849/2233 2662/862/2233
f 2657/814/2408 2664/850/2233 2661/845/2233
f 2659/818/2410 2658/856/2409 2661/845/2233
f 2657/814/2408 2661/845/2233 2658/856/2409
f 2668/849/2233 2657/814/2408 2656/812/2407
f 2655/810/2406 2668/849/2233 2656/812/2407
f 2668/849/2233 2664/850/2233 2657/814/2408
f 2669/866/2412 2670/838/2413 2671/867/2414
f 2671/867/2414 2670/838/2413 2672/818/2415
f 2673/836/2416 2674/856/2417 2670/838/2413
f 2672/818/2415 2670/838/2413 2674/856/2417
f 2675/835/2418 2676/814/2419 2673/836/2416
f 2674/856/2417 2673/836/2416 2676/814/2419
f 2675/835/2418 2677/834/2420 2676/814/2419
f 2676/814/2419 2677/834/2420 2678/812/2421
f 2677/834/2420 2679/832/2422 2678/812/2421
f 2678/812/2421 2679/832/2422 2680/810/2423
f 2680/810/2423 2679/832/2422 2681/868/2424
f 2679/832/2422 2682/869/2425 2681/868/2424
f 2683/849/2265 2684/870/2265 2685/871/2265
f 2686/850/2265 2683/849/2265 2685/871/2265
f 2681/868/2424 2687/872/2265 2680/810/2423
f 2683/849/2265 2680/810/2423 2687/872/2265
f 2671/867/2414 2672/818/2415 2688/873/2265
f 2689/874/2265 2690/845/2265 2685/871/2265
f 2688/873/2265 2672/818/2415 2690/845/2265
f 2686/850/2265 2685/871/2265 2690/845/2265
f 2683/849/2265 2676/814/2419 2678/812/2421
f 2680/810/2423 2683/849/2265 2678/812/2421
f 2683/849/2265 2686/850/2265 2676/814/2419
f 2676/814/2419 2686/850/2265 2690/845/2265
f 2672/818/2415 2674/856/2417 2690/845/2265
f 2676/814/2419 2690/845/2265 2674/856/2417
f 2669/866/2412 2691/867/2426 2670/838/2413
f 2691/867/2426 2692/818/2427 2670/838/2413
f 2673/836/2416 2670/838/2413 2693/856/2428
f 2692/818/2427 2693/856/2428 2670/838/2413
f 2675/835/2418 2673/836/2416 2694/814/2429
f 2693/856/2428 2694/814/2429 2673/836/2416
f 2675/835/2418 2694/814/2429 2677/834/2420
f 2694/814/2429 2695/812/2430 2677/834/2420
f 2677/834/2420 2695/812/2430 2679/832/2422
f 2695/812/2430 2696/810/2431 2679/832/2422
f 2696/810/2431 2697/868/2432 2679/832/2422
f 2679/832/2422 2697/868/2432 2682/869/2425
f 2698/849/2233 2699/871/2233 2700/870/2233
f 2701/850/2233 2699/871/2233 2698/849/2233
f 2697/868/2432 2696/810/2431 2702/872/2233
f 2698/849/2233 2702/872/2233 2696/810/2431
f 2691/867/2426 2703/873/2233 2692/818/2427
f 2704/874/2233 2699/871/2233 2705/845/2233
f 2703/873/2233 2705/845/2233 2692/818/2427
f 2701/850/2233 2705/845/2233 2699/871/2233
f 2694/814/2429 2701/850/2233 2698/849/2233
f 2696/810/2431 2695/812/2430 2698/849/2233
f 2694/814/2429 2698/849/2233 2695/812/2430
f 2705/845/2233 2694/814/2429 2693/856/2428
f 2692/818/2427 2705/845/2233 2693/856/2428
f 2705/845/2233 2701/850/2233 2694/814/2429
f 2706/831/2433 2707/832/2434 2708/833/2435
f 2708/833/2435 2707/832/2434 2709/810/2436
f 2710/834/2437 2711/812/2438 2707/832/2434
f 2709/810/2436 2707/832/2434 2711/812/2438
f 2712/835/2439 2713/814/2440 2710/834/2437
f 2711/812/2438 2710/834/2437 2713/814/2440
f 2712/835/2439 2714/836/2441 2713/814/2440
f 2713/814/2440 2714/836/2441 2715/856/2442
f 2714/836/2441 2716/838/2443 2715/856/2442
f 2715/856/2442 2716/838/2443 2717/818/2444
f 2717/818/2444 2716/838/2443 2718/839/2445
f 2716/838/2443 2719/840/2446 2718/839/2445
f 2720/841/2418 2721/842/2418 2722/843/2418
f 2723/824/2418 2720/841/2418 2722/843/2418
f 2718/839/2445 2724/844/2418 2717/818/2444
f 2725/845/2418 2717/818/2444 2724/844/2418
f 2708/833/2435 2709/810/2436 2726/846/2418
f 2727/847/2418 2728/848/2418 2722/843/2418
f 2726/846/2418 2709/810/2436 2729/849/2418
f 2723/824/2418 2722/843/2418 2728/848/2418
f 2725/845/2418 2713/814/2440 2715/856/2442
f 2717/818/2444 2725/845/2418 2715/856/2442
f 2725/845/2418 2730/850/2418 2713/814/2440
f 2713/814/2440 2730/850/2418 2729/849/2418
f 2709/810/2436 2711/812/2438 2729/849/2418
f 2713/814/2440 2729/849/2418 2711/812/2438
f 2706/831/2433 2731/833/2447 2707/832/2434
f 2731/833/2447 2732/810/2448 2707/832/2434
f 2710/834/2437 2707/832/2434 2733/812/2449
f 2732/810/2448 2733/812/2449 2707/832/2434
f 2712/835/2439 2710/834/2437 2734/814/2450
f 2733/812/2449 2734/814/2450 2710/834/2437
f 2712/835/2439 2734/814/2450 2714/836/2441
f 2734/814/2450 2735/856/2451 2714/836/2441
f 2714/836/2441 2735/856/2451 2716/838/2443
f 2735/856/2451 2736/818/2452 2716/838/2443
f 2736/818/2452 2737/839/2453 2716/838/2443
f 2716/838/2443 2737/839/2453 2719/840/2446
f 2738/841/2397 2739/843/2397 2740/842/2397
f 2741/824/2397 2739/843/2397 2738/841/2397
f 2737/839/2453 2736/818/2452 2742/844/2397
f 2743/845/2397 2742/844/2397 2736/818/2452
f 2731/833/2447 2744/846/2397 2732/810/2448
f 2745/847/2397 2739/843/2397 2746/848/2397
f 2744/846/2397 2747/849/2397 2732/810/2448
f 2741/824/2397 2746/848/2397 2739/843/2397
f 2734/814/2450 2748/850/2397 2743/845/2397
f 2736/818/2452 2735/856/2451 2743/845/2397
f 2734/814/2450 2743/845/2397 2735/856/2451
f 2747/849/2397 2734/814/2450 2733/812/2449
f 2732/810/2448 2747/849/2397 2733/812/2449
f 2747/849/2397 2748/850/2397 2734/814/2450
f 2749/831/2454 2750/833/2455 2751/832/2456
f 2750/833/2455 2752/810/2457 2751/832/2456
f 2753/834/2458 2751/832/2456 2754/812/2459
f 2752/810/2457 2754/812/2459 2751/832/2456
f 2755/835/2233 2753/834/2458 2756/814/2460
f 2754/812/2459 2756/814/2460 2753/834/2458
f 2755/835/2233 2756/814/2460 2757/836/2461
f 2756/814/2460 2758/856/2462 2757/836/2461
f 2757/836/2461 2758/856/2462 2759/838/2463
f 2758/856/2462 2760/818/2464 2759/838/2463
f 2760/818/2464 2761/839/2465 2759/838/2463
f 2759/838/2463 2761/839/2465 2762/840/2466
f 2763/841/2418 2764/843/2418 2765/842/2418
f 2766/824/2418 2764/843/2418 2763/841/2418
f 2761/839/2465 2760/818/2464 2767/844/2418
f 2768/845/2418 2767/844/2418 2760/818/2464
f 2750/833/2455 2769/846/2418 2752/810/2457
f 2770/847/2418 2764/843/2418 2771/848/2418
f 2769/846/2418 2772/849/2418 2752/810/2457
f 2766/824/2418 2771/848/2418 2764/843/2418
f 2768/845/2418 2758/856/2462 2756/814/2460
f 2760/818/2464 2758/856/2462 2768/845/2418
f 2768/845/2418 2756/814/2460 2773/850/2418
f 2756/814/2460 2772/849/2418 2773/850/2418
f 2752/810/2457 2772/849/2418 2754/812/2459
f 2756/814/2460 2754/812/2459 2772/849/2418
f 2749/831/2454 2751/832/2456 2774/833/2467
f 2774/833/2467 2751/832/2456 2775/810/2468
f 2753/834/2458 2776/812/2469 2751/832/2456
f 2775/810/2468 2751/832/2456 2776/812/2469
f 2755/835/2233 2777/814/2470 2753/834/2458
f 2776/812/2469 2753/834/2458 2777/814/2470
f 2755/835/2233 2757/836/2461 2777/814/2470
f 2777/814/2470 2757/836/2461 2778/856/2471
f 2757/836/2461 2759/838/2463 2778/856/2471
f 2778/856/2471 2759/838/2463 2779/818/2472
f 2779/818/2472 2759/838/2463 2780/839/2473
f 2759/838/2463 2762/840/2466 2780/839/2473
f 2781/841/2397 2782/842/2397 2783/843/2397
f 2784/824/2397 2781/841/2397 2783/843/2397
f 2780/839/2473 2785/844/2397 2779/818/2472
f 2786/845/2397 2779/818/2472 2785/844/2397
f 2774/833/2467 2775/810/2468 2787/846/2397
f 2788/847/2397 2789/848/2397 2783/843/2397
f 2787/846/2397 2775/810/2468 2790/849/2397
f 2784/824/2397 2783/843/2397 2789/848/2397
f 2777/814/2470 2786/845/2397 2791/850/2397
f 2779/818/2472 2786/845/2397 2778/856/2471
f 2777/814/2470 2778/856/2471 2786/845/2397
f 2790/849/2397 2776/812/2469 2777/814/2470
f 2775/810/2468 2776/812/2469 2790/849/2397
f 2790/849/2397 2777/814/2470 2791/850/2397
f 2792/875/2474 2793/876/2475 2794/877/2476
f 2795/878/2477 2792/875/2474 2794/877/2476
f 2793/876/2475 2792/875/2474 2796/879/2478
f 2796/879/2478 2797/880/2479 2793/876/2475
f 2798/881/2480 2799/882/2481 2800/883/2482
f 2800/883/2482 2799/882/2481 2801/884/2483
f 2802/885/2484 2803/886/2485 2804/887/2486
f 2805/888/2487 2804/887/2486 2806/889/2488
f 2806/889/2488 2804/887/2486 2807/890/2489
f 2803/886/2485 2807/890/2489 2804/887/2486
f 2808/891/2490 2806/889/2488 2807/890/2489
f 2809/892/2491 2808/891/2490 2807/890/2489
f 2810/881/2492 2811/883/2478 2812/882/2484
f 2813/884/2493 2812/882/2484 2811/883/2478
f 2795/878/2477 2809/892/2491 2792/875/2474
f 2809/892/2491 2807/890/2489 2792/875/2474
f 2792/875/2474 2807/890/2489 2796/879/2478
f 2803/886/2485 2796/879/2478 2807/890/2489
f 2814/880/2480 2815/879/2494 2816/876/2495
f 2794/877/2476 2816/876/2495 2795/878/2477
f 2795/878/2477 2816/876/2495 2817/875/2496
f 2816/876/2495 2815/879/2494 2817/875/2496
f 2795/878/2477 2817/875/2496 2809/892/2491
f 2809/892/2491 2817/875/2496 2818/890/2497
f 2818/890/2497 2817/875/2496 2819/886/2498
f 2817/875/2496 2815/879/2494 2819/886/2498
f 2820/885/2481 2821/887/2499 2819/886/2498
f 2805/888/2487 2806/889/2488 2821/887/2499
f 2806/889/2488 2818/890/2497 2821/887/2499
f 2818/890/2497 2819/886/2498 2821/887/2499
f 2808/891/2490 2818/890/2497 2806/889/2488
f 2809/892/2491 2818/890/2497 2808/891/2490
f 2822/875/2500 2823/877/2501 2824/876/2502
f 2825/878/2503 2823/877/2501 2822/875/2500
f 2824/876/2502 2826/879/2504 2822/875/2500
f 2826/879/2504 2824/876/2502 2827/880/2505
f 2828/881/2494 2829/883/2506 2830/882/2481
f 2829/883/2506 2831/884/2507 2830/882/2481
f 2832/885/2508 2833/887/2509 2834/886/2510
f 2835/888/2511 2836/889/2512 2833/887/2509
f 2836/889/2512 2837/890/2513 2833/887/2509
f 2834/886/2510 2833/887/2509 2837/890/2513
f 2838/891/2514 2837/890/2513 2836/889/2512
f 2839/892/2515 2837/890/2513 2838/891/2514
f 2840/881/2505 2841/882/2484 2842/883/2504
f 2843/884/2510 2842/883/2504 2841/882/2484
f 2825/878/2503 2822/875/2500 2839/892/2515
f 2839/892/2515 2822/875/2500 2837/890/2513
f 2822/875/2500 2826/879/2504 2837/890/2513
f 2834/886/2510 2837/890/2513 2826/879/2504
f 2844/880/2480 2845/876/2516 2846/879/2517
f 2823/877/2501 2825/878/2503 2845/876/2516
f 2825/878/2503 2847/875/2518 2845/876/2516
f 2845/876/2516 2847/875/2518 2846/879/2517
f 2825/878/2503 2839/892/2515 2847/875/2518
f 2839/892/2515 2848/890/2519 2847/875/2518
f 2848/890/2519 2849/886/2507 2847/875/2518
f 2847/875/2518 2849/886/2507 2846/879/2517
f 2850/885/2481 2849/886/2507 2851/887/2520
f 2835/888/2511 2851/887/2520 2836/889/2512
f 2836/889/2512 2851/887/2520 2848/890/2519
f 2848/890/2519 2851/887/2520 2849/886/2507
f 2838/891/2514 2836/889/2512 2848/890/2519
f 2839/892/2515 2838/891/2514 2848/890/2519
usemtl shiny_mat6
f 2852/893/1817 2853/894/2521 2854/895/2522
f 2855/896/2523 2852/893/1817 2854/895/2522
f 2856/895/2524 2857/894/1860 2858/893/2525
f 2859/896/2526 2856/895/2524 2858/893/2525
f 2860/897/2527 2861/898/2528 2862/899/2528
f 2863/900/2529 2864/898/2530 2865/899/2531
f 2866/897/2532 2865/899/2531 2864/898/2530
f 2867/901/2533 2868/902/2534 2869/903/1948
f 2868/902/2534 2870/904/2535 2869/903/1948
f 2871/905/2536 2872/905/2537 2873/905/1764
f 2871/905/2536 2874/905/1767 2875/905/2538
f 2871/905/2536 2873/905/1764 2876/905/1770
f 2871/905/2536 2876/905/1770 2874/905/1767
f 2877/906/2539 2878/907/1963 2879/908/1955
f 2880/905/2540 2871/905/2536 2881/905/1961
f 2881/905/1961 2871/905/2536 2882/905/2541
f 2879/908/1955 2878/907/1963 2883/909/2542
f 2882/905/2541 2871/905/2536 2884/905/1953
f 2871/905/2536 2885/905/2543 2884/905/1953
f 2879/908/1955 2886/910/1977 2887/911/2544
f 2888/912/1970 2887/911/2544 2886/910/1977
f 2886/910/1977 2879/908/1955 2883/909/2542
f 2889/905/2545 2871/905/2536 2890/905/1830
f 2880/905/2540 2891/905/1838 2871/905/2536
f 2871/905/2536 2891/905/1838 2890/905/1830
f 2892/707/2546 2893/706/2547 2894/913/2548
f 2895/914/2549 2892/707/2550 2896/915/2551
f 2897/916/2552 2898/917/2553 2899/778/2554
f 2899/778/2554 2898/917/2553 2900/918/2555
f 2901/919/1817 2902/919/2556 2903/919/2551
f 2904/696/2557 2895/914/2558 2905/920/2556
f 2895/914/2558 2900/918/2559 2905/920/2556
f 2906/921/2560 2899/778/2561 2907/922/2555
f 2908/923/2562 2909/923/1948 2910/923/2559
f 2911/740/1950 2912/774/2560 2913/924/1948
f 2912/774/2560 2914/925/2563 2913/924/1948
f 2915/706/2564 2916/707/2565 2917/913/2566
f 2916/707/2565 2918/914/2567 2919/915/2566
f 2920/696/2568 2921/920/2569 2918/914/2570
f 2918/914/2570 2921/920/2569 2922/918/2571
f 2923/697/2572 2924/778/2573 2925/917/2574
f 2924/778/2573 2922/918/2575 2925/917/2574
f 2926/926/2569 2927/926/2574 2928/926/2571
f 2924/778/2576 2929/921/2577 2930/922/2578
f 2929/921/2579 2931/780/2580 2932/927/2566
f 2933/905/1846 2934/905/2581 2871/905/2536
f 2871/905/2536 2934/905/2581 2885/905/2543
f 2888/912/1970 2935/928/2582 2868/902/2534
f 2868/902/2534 2935/928/2582 2870/904/2535
f 2888/912/1970 2886/910/1977 2935/928/2582
f 2871/905/2536 2936/905/1802 2872/905/2537
f 2875/905/2538 2937/905/1815 2871/905/2536
f 2938/929/2569 2939/930/1802 2940/931/2545
f 2871/905/2536 2889/905/2545 2936/905/1802
f 2940/931/2545 2941/932/1806 2938/929/2569
f 2853/894/2521 2942/933/2583 2854/895/2522
f 2871/905/2536 2937/905/1815 2933/905/1846
f 2943/934/1815 2854/895/2522 2942/933/2583
f 2867/901/2533 2944/903/2024 2868/902/2534
f 2868/902/2534 2944/903/2024 2945/904/2584
f 2946/905/2585 2947/905/2586 2948/905/2587
f 2946/905/2585 2949/905/2588 2950/905/1779
f 2946/905/2585 2951/905/2589 2947/905/2586
f 2946/905/2585 2950/905/1779 2951/905/2589
f 2952/906/2590 2953/908/2591 2954/907/2029
f 2955/905/2036 2956/905/2592 2946/905/2585
f 2956/905/2592 2957/905/2593 2946/905/2585
f 2953/908/2591 2958/909/2040 2954/907/2029
f 2957/905/2593 2959/905/2039 2946/905/2585
f 2946/905/2585 2959/905/2039 2960/905/1789
f 2953/908/2591 2961/911/2594 2962/910/2595
f 2888/912/1970 2962/910/2595 2961/911/2594
f 2962/910/2595 2958/909/2040 2953/908/2591
f 2963/905/1798 2964/905/2596 2946/905/2585
f 2955/905/2036 2946/905/2585 2965/905/2597
f 2946/905/2585 2964/905/2596 2965/905/2597
f 2966/707/2598 2894/913/2548 2893/706/2547
f 2967/914/2599 2896/915/2559 2966/707/2598
f 2968/916/2600 2969/778/2601 2970/917/2525
f 2969/778/2601 2900/918/2548 2970/917/2525
f 2971/919/2525 2903/919/2602 2972/919/1870
f 2973/696/2603 2974/920/1870 2967/914/2604
f 2967/914/2604 2974/920/1870 2900/918/2602
f 2975/921/2605 2907/922/2548 2969/778/2606
f 2908/923/2562 2910/923/2559 2976/923/2607
f 2977/740/2608 2978/924/2024 2979/774/2609
f 2979/774/2609 2978/924/2024 2914/925/2548
f 2915/706/2564 2917/913/2566 2980/707/2610
f 2980/707/2610 2919/915/2611 2981/914/2612
f 2982/696/2613 2981/914/2612 2983/920/1852
f 2981/914/2612 2922/918/2566 2983/920/1852
f 2984/697/2614 2985/917/2615 2986/778/2009
f 2986/778/2009 2985/917/2615 2922/918/2566
f 2987/926/1852 2928/926/2611 2988/926/2616
f 2986/778/2009 2930/922/2566 2989/921/2012
f 2989/921/2012 2932/927/2566 2931/780/2580
f 2990/905/2617 2946/905/2585 2991/905/2618
f 2946/905/2585 2960/905/1789 2991/905/2618
f 2888/912/1970 2868/902/2534 2992/928/2046
f 2868/902/2534 2945/904/2584 2992/928/2046
f 2888/912/1970 2992/928/2046 2962/910/2595
f 2946/905/2585 2948/905/2587 2993/905/1853
f 2949/905/2588 2946/905/2585 2994/905/2619
f 2995/929/1852 2996/931/1798 2997/930/2051
f 2946/905/2585 2993/905/1853 2963/905/1798
f 2996/931/1798 2995/929/1852 2998/932/2615
f 2857/894/1860 2856/895/2524 2999/933/2617
f 2946/905/2585 2990/905/2617 2994/905/2619
f 3000/934/2620 2999/933/2617 2856/895/2524
f 3001/900/2621 2862/899/2528 2861/898/2528
f 3002/935/2622 3003/936/2623 3004/937/2624
f 3005/938/2625 3002/935/2626 3006/939/2624
f 3007/940/2063 3005/938/2627 3008/941/2624
f 3009/942/2628 3007/940/2063 3010/943/2629
f 3011/944/2630 3009/942/2065 3012/945/2624
f 3013/936/2631 3014/935/2073 3015/937/2632
f 3014/935/2633 3016/938/2634 3017/939/2635
f 3016/938/2634 3018/940/2636 3019/941/2635
f 3018/940/2075 3020/942/2076 3021/943/2637
f 3020/942/2076 3022/944/2638 3023/945/2639
f 3024/935/2640 3004/937/2624 3003/936/2623
f 3025/938/2080 3006/939/2641 3024/935/2640
f 3026/940/2642 3008/941/2643 3025/938/2644
f 3027/942/2645 3010/943/2646 3026/940/2642
f 3011/944/2630 3012/945/2624 3027/942/2647
f 3013/936/2631 3015/937/2632 3028/935/2648
f 3028/935/2649 3017/939/2635 3029/938/1878
f 3029/938/1878 3019/941/2639 3030/940/2650
f 3030/940/2650 3021/943/2639 3031/942/2090
f 3031/942/2090 3023/945/2639 3022/944/2638
f 3032/935/1882 3033/936/2651 3034/937/2652
f 3035/938/1886 3032/935/1882 3036/939/2653
f 3037/940/1888 3035/938/2654 3038/941/2653
f 3039/942/2096 3037/940/1888 3040/943/2655
f 3041/944/2098 3039/942/2096 3042/945/2655
f 3043/936/2656 3044/935/2657 3045/937/2658
f 3044/935/2657 3046/938/2659 3047/939/2658
f 3046/938/2660 3048/940/2661 3049/941/2658
f 3048/940/1897 3050/942/2106 3051/943/2658
f 3050/942/2106 3052/944/2117 3053/945/2658
f 3054/935/1903 3034/937/2652 3033/936/2651
f 3055/938/2662 3036/939/2652 3054/935/1903
f 3056/940/1907 3038/941/2652 3055/938/1905
f 3057/942/2114 3040/943/2663 3056/940/1907
f 3041/944/2098 3042/945/2655 3057/942/2664
f 3043/936/2656 3045/937/2658 3058/935/1911
f 3058/935/1911 3047/939/2665 3059/938/1912
f 3059/938/1912 3049/941/2665 3060/940/1913
f 3060/940/2666 3051/943/2665 3061/942/2116
f 3061/942/2116 3053/945/2658 3052/944/2117
f 3062/936/2667 3063/935/2668 3064/937/2669
f 3063/935/1915 3065/938/2670 3066/939/2669
f 3065/938/2671 3067/940/2672 3068/941/2673
f 3067/940/2672 3069/942/2118 3070/943/2673
f 3069/942/2674 3071/944/2120 3072/945/2669
f 3073/935/2675 3074/936/2676 3075/937/2677
f 3076/938/1928 3073/935/2675 3077/939/2678
f 3078/940/1929 3076/938/1928 3079/941/2678
f 3080/942/2127 3078/940/1929 3081/943/2679
f 3082/944/2128 3080/942/2680 3083/945/2677
f 3062/936/2667 3064/937/2669 3084/935/1898
f 3084/935/2681 3066/939/2669 3085/938/2682
f 3085/938/2682 3068/941/2683 3086/940/2684
f 3086/940/2684 3070/943/2669 3087/942/2129
f 3087/942/2685 3072/945/2669 3071/944/2120
f 3088/935/2686 3075/937/2677 3074/936/2676
f 3089/938/2687 3077/939/2688 3088/935/2686
f 3090/940/2689 3079/941/2690 3089/938/1936
f 3091/942/2691 3081/943/2692 3090/940/2689
f 3082/944/2128 3083/945/2677 3091/942/2691
f 3092/946/2693 3093/947/2694 3094/948/2695
f 3095/733/2696 3094/948/2695 3096/734/1940
f 3096/734/1940 3094/948/2695 3093/947/2694
f 3097/949/2697 3098/950/2698 3099/951/2699
f 3095/733/2696 3100/737/1943 3098/950/2698
f 3100/737/1943 3099/951/2699 3098/950/2698
f 3101/952/2697 3102/953/2700 3103/954/2701
f 3100/737/1943 3104/797/2702 3102/953/2700
f 3104/797/2702 3103/954/2701 3102/953/2700
f 3105/955/2693 3106/956/2703 3107/957/2704
f 3108/799/2705 3107/957/2704 3104/797/2706
f 3104/797/2706 3107/957/2704 3106/956/2703
f 3109/958/2707 3110/959/2708 3111/960/2709
f 3108/799/2705 3112/801/2710 3110/959/2708
f 3112/801/2710 3111/960/2709 3110/959/2708
f 3092/946/2693 3113/948/2711 3093/947/2694
f 3114/733/1944 3096/734/1940 3113/948/2711
f 3096/734/1940 3093/947/2694 3113/948/2711
f 3097/949/2693 3115/951/2712 3116/950/2713
f 3114/733/1944 3116/950/2713 3117/737/2714
f 3116/950/2713 3115/951/2712 3117/737/2714
f 3101/952/2697 3118/954/2715 3119/953/2712
f 3117/737/2714 3119/953/2712 3120/797/2148
f 3119/953/2712 3118/954/2715 3120/797/2148
f 3105/955/2693 3121/957/2716 3122/956/2717
f 3123/799/2718 3120/797/2148 3121/957/2716
f 3120/797/2148 3122/956/2717 3121/957/2716
f 3109/958/2707 3111/960/2709 3124/959/2719
f 3123/799/2718 3124/959/2719 3112/801/2710
f 3124/959/2719 3111/960/2709 3112/801/2710
usemtl shiny_mat2
f 3125/961/2720 3126/962/2721 3127/963/2722
f 3128/964/2723 3125/961/2720 3127/963/2722
f 3129/965/2724 3130/966/2725 3131/967/2726
f 3132/968/2727 3129/965/2724 3131/967/2726
f 3133/969/2728 3134/970/2729 3135/971/2730
f 3136/972/2731 3133/969/2728 3135/971/2730
f 3137/973/2732 3138/974/2733 3139/975/2734
f 3140/976/2735 3137/973/2732 3139/975/2734
f 3141/977/2736 3142/978/2737 3143/979/2738
f 3140/976/2735 3141/977/2736 3143/979/2738
f 3144/980/2739 3145/962/2740 3146/981/2741
f 3147/982/2742 3144/980/2739 3146/981/2741
f 3148/961/2743 3149/983/2744 3150/984/2745
f 3151/985/2746 3148/961/2743 3150/984/2745
f 3152/986/2747 3153/983/2748 3154/984/2749
f 3155/987/2750 3152/986/2747 3154/984/2749
f 3156/988/2751 3157/989/2752 3158/990/2753
f 3159/991/2754 3156/988/2751 3158/990/2753
f 3129/965/2724 3132/968/2727 3160/992/2755
f 3161/993/2756 3129/965/2724 3160/992/2755
f 3162/994/2757 3163/995/2758 3164/996/2759
f 3165/997/2760 3162/994/2757 3164/996/2759
f 3166/998/2761 3167/999/2762 3168/996/2763
f 3169/1000/2764 3166/998/2761 3168/996/2763
f 3137/973/2732 3170/1001/2765 3171/992/2766
f 3172/997/2767 3137/973/2732 3171/992/2766
f 3173/965/2768 3174/1002/2769 3175/990/2770
f 3176/993/2771 3173/965/2768 3175/990/2770
f 3177/1003/2772 3178/1004/2773 3179/1005/2774
f 3180/991/2775 3177/1003/2772 3179/1005/2774
f 3181/1006/2776 3182/1004/2777 3183/1005/2778
f 3184/1007/2779 3181/1006/2776 3183/1005/2778
f 3185/1008/2780 3186/1009/2781 3187/1010/2782
f 3188/1011/2783 3185/1008/2780 3187/1010/2782
f 3189/1012/2784 3190/1013/2785 3191/1014/2786
f 3192/1015/2787 3189/1012/2784 3191/1014/2786
f 3193/1016/2788 3194/1000/2789 3195/1017/2790
f 3196/1018/2791 3193/1016/2788 3195/1017/2790
f 3166/998/2761 3169/1000/2764 3197/1017/2792
f 3198/1019/2793 3166/998/2761 3197/1017/2792
f 3199/1016/2794 3200/1013/2795 3201/1014/2796
f 3202/1018/2797 3199/1016/2794 3201/1014/2796
f 3203/1012/2798 3204/1009/2799 3205/1010/2800
f 3206/1015/2801 3203/1012/2798 3205/1010/2800
f 3207/1008/2802 3208/1020/2803 3209/1021/2804
f 3210/1011/2805 3207/1008/2802 3209/1021/2804
f 3211/1022/2806 3212/1020/2807 3213/1021/2808
f 3214/1023/2809 3211/1022/2806 3213/1021/2808
f 3215/1024/2810 3216/1025/2811 3217/1026/2812
f 3218/1027/2813 3215/1024/2810 3217/1026/2812
f 3219/1028/2814 3220/1029/2815 3221/1030/2816
f 3222/1031/2817 3219/1028/2814 3221/1030/2816
f 3223/1032/2818 3224/1033/2819 3225/1034/2820
f 3226/1035/2821 3223/1032/2818 3225/1034/2820
f 3227/1036/2822 3228/1033/2823 3229/1034/2824
f 3230/1037/2825 3227/1036/2822 3229/1034/2824
f 3231/1032/2826 3232/1029/2827 3233/1030/2828
f 3234/1035/2829 3231/1032/2826 3233/1030/2828
f 3235/1028/2830 3236/1025/2831 3237/1026/2832
f 3238/1031/2833 3235/1028/2830 3237/1026/2832
f 3239/1024/2834 3240/1038/2835 3241/1039/2836
f 3242/1027/2837 3239/1024/2834 3241/1039/2836
f 3243/1040/2838 3244/1038/2839 3245/1039/2840
f 3246/1041/2841 3243/1040/2838 3245/1039/2840
f 3247/961/2842 3248/964/2843 3249/963/2844
f 3250/962/2845 3247/961/2842 3249/963/2844
f 3251/965/2846 3252/968/2847 3253/967/2848
f 3254/966/2849 3251/965/2846 3253/967/2848
f 3255/969/2850 3256/972/2851 3257/971/2852
f 3258/970/2853 3255/969/2850 3257/971/2852
f 3259/973/2854 3260/976/2855 3261/975/2856
f 3262/974/2857 3259/973/2854 3261/975/2856
f 3263/977/2858 3260/976/2855 3264/979/2859
f 3265/978/2860 3263/977/2858 3264/979/2859
f 3266/980/2861 3267/982/2862 3268/981/2863
f 3269/962/2863 3266/980/2861 3268/981/2863
f 3270/961/2864 3271/985/2864 3272/984/2865
f 3273/983/2866 3270/961/2864 3272/984/2865
f 3274/986/2867 3275/987/2868 3276/984/2869
f 3277/983/2870 3274/986/2867 3276/984/2869
f 3278/988/2871 3279/991/2872 3280/990/2873
f 3281/989/2874 3278/988/2871 3280/990/2873
f 3251/965/2846 3282/993/2875 3283/992/2876
f 3252/968/2847 3251/965/2846 3283/992/2876
f 3284/998/2877 3285/999/2878 3286/996/2879
f 3287/1000/2880 3284/998/2877 3286/996/2879
f 3259/973/2854 3262/974/2857 3288/996/2881
f 3289/997/2882 3259/973/2854 3288/996/2881
f 3259/973/2854 3289/997/2882 3290/992/2883
f 3291/1001/2884 3259/973/2854 3290/992/2883
f 3292/965/2885 3293/993/2886 3294/990/2887
f 3295/1002/2888 3292/965/2885 3294/990/2887
f 3296/1003/2743 3297/991/2889 3298/1005/2890
f 3299/1004/2891 3296/1003/2743 3298/1005/2890
f 3300/1006/2892 3301/1007/2893 3302/1005/2894
f 3303/1004/2895 3300/1006/2892 3302/1005/2894
f 3304/1008/2896 3305/1011/2897 3306/1010/2898
f 3307/1009/2899 3304/1008/2896 3306/1010/2898
f 3308/1012/2900 3309/1015/2901 3310/1014/2902
f 3311/1013/2903 3308/1012/2900 3310/1014/2902
f 3312/1016/2904 3313/1018/2905 3314/1017/2906
f 3287/1000/2880 3312/1016/2904 3314/1017/2906
f 3284/998/2877 3315/1019/2907 3316/1017/2908
f 3317/1000/2909 3284/998/2877 3316/1017/2908
f 3318/1016/2910 3319/1018/2911 3320/1014/2912
f 3321/1013/2913 3318/1016/2910 3320/1014/2912
f 3322/1012/2914 3323/1015/2915 3324/1010/2916
f 3325/1009/2917 3322/1012/2914 3324/1010/2916
f 3326/1008/2918 3327/1011/2919 3328/1021/2920
f 3329/1020/2921 3326/1008/2918 3328/1021/2920
f 3330/1022/2922 3331/1023/2923 3332/1021/2924
f 3333/1020/2925 3330/1022/2922 3332/1021/2924
f 3334/1024/2926 3335/1027/2927 3336/1026/2928
f 3337/1025/2929 3334/1024/2926 3336/1026/2928
f 3338/1028/2930 3339/1031/2931 3340/1030/2932
f 3341/1029/2933 3338/1028/2930 3340/1030/2932
f 3342/1032/2934 3343/1035/2935 3344/1034/2936
f 3345/1033/2937 3342/1032/2934 3344/1034/2936
f 3346/1036/2938 3347/1037/2939 3348/1034/2940
f 3349/1033/2941 3346/1036/2938 3348/1034/2940
f 3350/1032/2942 3351/1035/2943 3352/1030/2944
f 3353/1029/2945 3350/1032/2942 3352/1030/2944
f 3354/1028/2946 3355/1031/2947 3356/1026/2948
f 3357/1025/2949 3354/1028/2946 3356/1026/2948
f 3358/1024/2950 3359/1027/2951 3360/1039/2952
f 3361/1038/2953 3358/1024/2950 3360/1039/2952
f 3362/1040/2954 3363/1041/2955 3364/1039/2956
f 3365/1038/2957 3362/1040/2954 3364/1039/2956
f 3366/980/2958 3130/966/2725 3127/963/2722
f 3126/962/2721 3366/980/2958 3127/963/2722
f 3129/965/2724 3157/989/2752 3127/963/2722
f 3130/966/2725 3129/965/2724 3127/963/2722
f 3156/988/2751 3128/964/2723 3127/963/2722
f 3157/989/2752 3156/988/2751 3127/963/2722
f 3366/980/2958 3367/978/2726 3131/967/2726
f 3130/966/2725 3366/980/2958 3131/967/2726
f 3368/977/2959 3369/1042/2960 3131/967/2726
f 3367/978/2726 3368/977/2959 3131/967/2726
f 3162/994/2757 3132/968/2727 3131/967/2726
f 3369/1042/2960 3162/994/2757 3131/967/2726
f 3370/1043/2961 3163/995/2758 3135/971/2730
f 3134/970/2729 3370/1043/2961 3135/971/2730
f 3162/994/2757 3369/1042/2960 3135/971/2730
f 3163/995/2758 3162/994/2757 3135/971/2730
f 3368/977/2959 3136/972/2731 3135/971/2730
f 3369/1042/2960 3368/977/2959 3135/971/2730
f 3370/1043/2961 3134/970/2729 3139/975/2734
f 3138/974/2733 3370/1043/2961 3139/975/2734
f 3133/969/2728 3371/972/2962 3139/975/2734
f 3134/970/2729 3133/969/2728 3139/975/2734
f 3141/977/2736 3140/976/2735 3139/975/2734
f 3371/972/2962 3141/977/2736 3139/975/2734
f 3144/980/2739 3147/982/2742 3143/979/2738
f 3142/978/2737 3144/980/2739 3143/979/2738
f 3173/965/2768 3170/1001/2765 3143/979/2738
f 3147/982/2742 3173/965/2768 3143/979/2738
f 3137/973/2732 3140/976/2735 3143/979/2738
f 3170/1001/2765 3137/973/2732 3143/979/2738
f 3148/961/2743 3151/985/2746 3146/981/2741
f 3145/962/2740 3148/961/2743 3146/981/2741
f 3177/1003/2772 3174/1002/2769 3146/981/2741
f 3151/985/2746 3177/1003/2772 3146/981/2741
f 3173/965/2768 3147/982/2742 3146/981/2741
f 3174/1002/2769 3173/965/2768 3146/981/2741
f 3152/986/2747 3155/987/2750 3150/984/2745
f 3149/983/2744 3152/986/2747 3150/984/2745
f 3181/1006/2776 3178/1004/2773 3150/984/2745
f 3155/987/2750 3181/1006/2776 3150/984/2745
f 3177/1003/2772 3151/985/2746 3150/984/2745
f 3178/1004/2773 3177/1003/2772 3150/984/2745
f 3125/961/2720 3128/964/2723 3154/984/2749
f 3153/983/2748 3125/961/2720 3154/984/2749
f 3156/988/2751 3182/1004/2777 3154/984/2749
f 3128/964/2723 3156/988/2751 3154/984/2749
f 3181/1006/2776 3155/987/2750 3154/984/2749
f 3182/1004/2777 3181/1006/2776 3154/984/2749
f 3129/965/2724 3161/993/2756 3158/990/2753
f 3157/989/2752 3129/965/2724 3158/990/2753
f 3189/1012/2784 3186/1009/2781 3158/990/2753
f 3161/993/2756 3189/1012/2784 3158/990/2753
f 3185/1008/2780 3159/991/2754 3158/990/2753
f 3186/1009/2781 3185/1008/2780 3158/990/2753
f 3162/994/2757 3165/997/2760 3160/992/2755
f 3132/968/2727 3162/994/2757 3160/992/2755
f 3193/1016/2788 3190/1013/2785 3160/992/2755
f 3165/997/2760 3193/1016/2788 3160/992/2755
f 3189/1012/2784 3161/993/2756 3160/992/2755
f 3190/1013/2785 3189/1012/2784 3160/992/2755
f 3370/1043/2961 3167/999/2762 3164/996/2759
f 3163/995/2758 3370/1043/2961 3164/996/2759
f 3166/998/2761 3194/1000/2789 3164/996/2759
f 3167/999/2762 3166/998/2761 3164/996/2759
f 3193/1016/2788 3165/997/2760 3164/996/2759
f 3194/1000/2789 3193/1016/2788 3164/996/2759
f 3370/1043/2961 3138/974/2733 3168/996/2763
f 3167/999/2762 3370/1043/2961 3168/996/2763
f 3137/973/2732 3172/997/2767 3168/996/2763
f 3138/974/2733 3137/973/2732 3168/996/2763
f 3199/1016/2794 3169/1000/2764 3168/996/2763
f 3172/997/2767 3199/1016/2794 3168/996/2763
f 3173/965/2768 3176/993/2771 3171/992/2766
f 3170/1001/2765 3173/965/2768 3171/992/2766
f 3203/1012/2798 3200/1013/2795 3171/992/2766
f 3176/993/2771 3203/1012/2798 3171/992/2766
f 3199/1016/2794 3172/997/2767 3171/992/2766
f 3200/1013/2795 3199/1016/2794 3171/992/2766
f 3177/1003/2772 3180/991/2775 3175/990/2770
f 3174/1002/2769 3177/1003/2772 3175/990/2770
f 3207/1008/2802 3204/1009/2799 3175/990/2770
f 3180/991/2775 3207/1008/2802 3175/990/2770
f 3203/1012/2798 3176/993/2771 3175/990/2770
f 3204/1009/2799 3203/1012/2798 3175/990/2770
f 3181/1006/2776 3184/1007/2779 3179/1005/2774
f 3178/1004/2773 3181/1006/2776 3179/1005/2774
f 3211/1022/2806 3208/1020/2803 3179/1005/2774
f 3184/1007/2779 3211/1022/2806 3179/1005/2774
f 3207/1008/2802 3180/991/2775 3179/1005/2774
f 3208/1020/2803 3207/1008/2802 3179/1005/2774
f 3156/988/2751 3159/991/2754 3183/1005/2778
f 3182/1004/2777 3156/988/2751 3183/1005/2778
f 3185/1008/2780 3212/1020/2807 3183/1005/2778
f 3159/991/2754 3185/1008/2780 3183/1005/2778
f 3211/1022/2806 3184/1007/2779 3183/1005/2778
f 3212/1020/2807 3211/1022/2806 3183/1005/2778
f 3189/1012/2784 3192/1015/2787 3187/1010/2782
f 3186/1009/2781 3189/1012/2784 3187/1010/2782
f 3219/1028/2814 3216/1025/2811 3187/1010/2782
f 3192/1015/2787 3219/1028/2814 3187/1010/2782
f 3215/1024/2810 3188/1011/2783 3187/1010/2782
f 3216/1025/2811 3215/1024/2810 3187/1010/2782
f 3193/1016/2788 3196/1018/2791 3191/1014/2786
f 3190/1013/2785 3193/1016/2788 3191/1014/2786
f 3223/1032/2818 3220/1029/2815 3191/1014/2786
f 3196/1018/2791 3223/1032/2818 3191/1014/2786
f 3219/1028/2814 3192/1015/2787 3191/1014/2786
f 3220/1029/2815 3219/1028/2814 3191/1014/2786
f 3166/998/2761 3198/1019/2793 3195/1017/2790
f 3194/1000/2789 3166/998/2761 3195/1017/2790
f 3227/1036/2822 3224/1033/2819 3195/1017/2790
f 3198/1019/2793 3227/1036/2822 3195/1017/2790
f 3223/1032/2818 3196/1018/2791 3195/1017/2790
f 3224/1033/2819 3223/1032/2818 3195/1017/2790
f 3199/1016/2794 3202/1018/2797 3197/1017/2792
f 3169/1000/2764 3199/1016/2794 3197/1017/2792
f 3231/1032/2826 3228/1033/2823 3197/1017/2792
f 3202/1018/2797 3231/1032/2826 3197/1017/2792
f 3227/1036/2822 3198/1019/2793 3197/1017/2792
f 3228/1033/2823 3227/1036/2822 3197/1017/2792
f 3203/1012/2798 3206/1015/2801 3201/1014/2796
f 3200/1013/2795 3203/1012/2798 3201/1014/2796
f 3235/1028/2830 3232/1029/2827 3201/1014/2796
f 3206/1015/2801 3235/1028/2830 3201/1014/2796
f 3231/1032/2826 3202/1018/2797 3201/1014/2796
f 3232/1029/2827 3231/1032/2826 3201/1014/2796
f 3207/1008/2802 3210/1011/2805 3205/1010/2800
f 3204/1009/2799 3207/1008/2802 3205/1010/2800
f 3239/1024/2834 3236/1025/2831 3205/1010/2800
f 3210/1011/2805 3239/1024/2834 3205/1010/2800
f 3235/1028/2830 3206/1015/2801 3205/1010/2800
f 3236/1025/2831 3235/1028/2830 3205/1010/2800
f 3211/1022/2806 3214/1023/2809 3209/1021/2804
f 3208/1020/2803 3211/1022/2806 3209/1021/2804
f 3243/1040/2838 3240/1038/2835 3209/1021/2804
f 3214/1023/2809 3243/1040/2838 3209/1021/2804
f 3239/1024/2834 3210/1011/2805 3209/1021/2804
f 3240/1038/2835 3239/1024/2834 3209/1021/2804
f 3185/1008/2780 3188/1011/2783 3213/1021/2808
f 3212/1020/2807 3185/1008/2780 3213/1021/2808
f 3215/1024/2810 3244/1038/2839 3213/1021/2808
f 3188/1011/2783 3215/1024/2810 3213/1021/2808
f 3243/1040/2838 3214/1023/2809 3213/1021/2808
f 3244/1038/2839 3243/1040/2838 3213/1021/2808
f 3219/1028/2814 3222/1031/2817 3217/1026/2812
f 3216/1025/2811 3219/1028/2814 3217/1026/2812
f 3372/1044/2963 3218/1027/2813 3217/1026/2812
f 3222/1031/2817 3372/1044/2963 3217/1026/2812
f 3223/1032/2818 3226/1035/2821 3221/1030/2816
f 3220/1029/2815 3223/1032/2818 3221/1030/2816
f 3372/1044/2963 3222/1031/2817 3221/1030/2816
f 3226/1035/2821 3372/1044/2963 3221/1030/2816
f 3227/1036/2822 3230/1037/2825 3225/1034/2820
f 3224/1033/2819 3227/1036/2822 3225/1034/2820
f 3372/1044/2963 3226/1035/2821 3225/1034/2820
f 3230/1037/2825 3372/1044/2963 3225/1034/2820
f 3231/1032/2826 3234/1035/2829 3229/1034/2824
f 3228/1033/2823 3231/1032/2826 3229/1034/2824
f 3372/1044/2963 3230/1037/2825 3229/1034/2824
f 3234/1035/2829 3372/1044/2963 3229/1034/2824
f 3235/1028/2830 3238/1031/2833 3233/1030/2828
f 3232/1029/2827 3235/1028/2830 3233/1030/2828
f 3372/1044/2963 3234/1035/2829 3233/1030/2828
f 3238/1031/2833 3372/1044/2963 3233/1030/2828
f 3239/1024/2834 3242/1027/2837 3237/1026/2832
f 3236/1025/2831 3239/1024/2834 3237/1026/2832
f 3372/1044/2963 3238/1031/2833 3237/1026/2832
f 3242/1027/2837 3372/1044/2963 3237/1026/2832
f 3243/1040/2838 3246/1041/2841 3241/1039/2836
f 3240/1038/2835 3243/1040/2838 3241/1039/2836
f 3372/1044/2963 3242/1027/2837 3241/1039/2836
f 3246/1041/2841 3372/1044/2963 3241/1039/2836
f 3215/1024/2810 3218/1027/2813 3245/1039/2840
f 3244/1038/2839 3215/1024/2810 3245/1039/2840
f 3372/1044/2963 3246/1041/2841 3245/1039/2840
f 3218/1027/2813 3372/1044/2963 3245/1039/2840
f 3278/988/2871 3281/989/2874 3249/963/2844
f 3248/964/2843 3278/988/2871 3249/963/2844
f 3251/965/2846 3254/966/2849 3249/963/2844
f 3281/989/2874 3251/965/2846 3249/963/2844
f 3373/980/2964 3250/962/2845 3249/963/2844
f 3254/966/2849 3373/980/2964 3249/963/2844
f 3374/994/2965 3375/1042/2966 3253/967/2848
f 3252/968/2847 3374/994/2965 3253/967/2848
f 3376/977/2967 3377/978/2848 3253/967/2848
f 3375/1042/2966 3376/977/2967 3253/967/2848
f 3373/980/2964 3254/966/2849 3253/967/2848
f 3377/978/2848 3373/980/2964 3253/967/2848
f 3376/977/2967 3375/1042/2966 3257/971/2852
f 3256/972/2851 3376/977/2967 3257/971/2852
f 3374/994/2965 3378/995/2968 3257/971/2852
f 3375/1042/2966 3374/994/2965 3257/971/2852
f 3379/1043/2969 3258/970/2853 3257/971/2852
f 3378/995/2968 3379/1043/2969 3257/971/2852
f 3263/977/2858 3380/972/2970 3261/975/2856
f 3260/976/2855 3263/977/2858 3261/975/2856
f 3255/969/2850 3258/970/2853 3261/975/2856
f 3380/972/2970 3255/969/2850 3261/975/2856
f 3379/1043/2969 3262/974/2857 3261/975/2856
f 3258/970/2853 3379/1043/2969 3261/975/2856
f 3259/973/2854 3291/1001/2884 3264/979/2859
f 3260/976/2855 3259/973/2854 3264/979/2859
f 3292/965/2885 3267/982/2862 3264/979/2859
f 3291/1001/2884 3292/965/2885 3264/979/2859
f 3266/980/2861 3265/978/2860 3264/979/2859
f 3267/982/2862 3266/980/2861 3264/979/2859
f 3292/965/2885 3295/1002/2888 3268/981/2863
f 3267/982/2862 3292/965/2885 3268/981/2863
f 3296/1003/2743 3271/985/2864 3268/981/2863
f 3295/1002/2888 3296/1003/2743 3268/981/2863
f 3270/961/2864 3269/962/2863 3268/981/2863
f 3271/985/2864 3270/961/2864 3268/981/2863
f 3296/1003/2743 3299/1004/2891 3272/984/2865
f 3271/985/2864 3296/1003/2743 3272/984/2865
f 3300/1006/2892 3275/987/2868 3272/984/2865
f 3299/1004/2891 3300/1006/2892 3272/984/2865
f 3274/986/2867 3273/983/2866 3272/984/2865
f 3275/987/2868 3274/986/2867 3272/984/2865
f 3300/1006/2892 3303/1004/2895 3276/984/2869
f 3275/987/2868 3300/1006/2892 3276/984/2869
f 3278/988/2871 3248/964/2843 3276/984/2869
f 3303/1004/2895 3278/988/2871 3276/984/2869
f 3247/961/2842 3277/983/2870 3276/984/2869
f 3248/964/2843 3247/961/2842 3276/984/2869
f 3304/1008/2896 3307/1009/2899 3280/990/2873
f 3279/991/2872 3304/1008/2896 3280/990/2873
f 3308/1012/2900 3282/993/2875 3280/990/2873
f 3307/1009/2899 3308/1012/2900 3280/990/2873
f 3251/965/2846 3281/989/2874 3280/990/2873
f 3282/993/2875 3251/965/2846 3280/990/2873
f 3308/1012/2900 3311/1013/2903 3283/992/2876
f 3282/993/2875 3308/1012/2900 3283/992/2876
f 3312/1016/2904 3381/997/2971 3283/992/2876
f 3311/1013/2903 3312/1016/2904 3283/992/2876
f 3374/994/2965 3252/968/2847 3283/992/2876
f 3381/997/2971 3374/994/2965 3283/992/2876
f 3379/1043/2969 3378/995/2968 3286/996/2879
f 3285/999/2878 3379/1043/2969 3286/996/2879
f 3374/994/2965 3381/997/2971 3286/996/2879
f 3378/995/2968 3374/994/2965 3286/996/2879
f 3312/1016/2904 3287/1000/2880 3286/996/2879
f 3381/997/2971 3312/1016/2904 3286/996/2879
f 3379/1043/2969 3285/999/2878 3288/996/2881
f 3262/974/2857 3379/1043/2969 3288/996/2881
f 3284/998/2877 3317/1000/2909 3288/996/2881
f 3285/999/2878 3284/998/2877 3288/996/2881
f 3318/1016/2910 3289/997/2882 3288/996/2881
f 3317/1000/2909 3318/1016/2910 3288/996/2881
f 3318/1016/2910 3321/1013/2913 3290/992/2883
f 3289/997/2882 3318/1016/2910 3290/992/2883
f 3322/1012/2914 3293/993/2886 3290/992/2883
f 3321/1013/2913 3322/1012/2914 3290/992/2883
f 3292/965/2885 3291/1001/2884 3290/992/2883
f 3293/993/2886 3292/965/2885 3290/992/2883
f 3322/1012/2914 3325/1009/2917 3294/990/2887
f 3293/993/2886 3322/1012/2914 3294/990/2887
f 3326/1008/2918 3297/991/2889 3294/990/2887
f 3325/1009/2917 3326/1008/2918 3294/990/2887
f 3296/1003/2743 3295/1002/2888 3294/990/2887
f 3297/991/2889 3296/1003/2743 3294/990/2887
f 3326/1008/2918 3329/1020/2921 3298/1005/2890
f 3297/991/2889 3326/1008/2918 3298/1005/2890
f 3330/1022/2922 3301/1007/2893 3298/1005/2890
f 3329/1020/2921 3330/1022/2922 3298/1005/2890
f 3300/1006/2892 3299/1004/2891 3298/1005/2890
f 3301/1007/2893 3300/1006/2892 3298/1005/2890
f 3330/1022/2922 3333/1020/2925 3302/1005/2894
f 3301/1007/2893 3330/1022/2922 3302/1005/2894
f 3304/1008/2896 3279/991/2872 3302/1005/2894
f 3333/1020/2925 3304/1008/2896 3302/1005/2894
f 3278/988/2871 3303/1004/2895 3302/1005/2894
f 3279/991/2872 3278/988/2871 3302/1005/2894
f 3334/1024/2926 3337/1025/2929 3306/1010/2898
f 3305/1011/2897 3334/1024/2926 3306/1010/2898
f 3338/1028/2930 3309/1015/2901 3306/1010/2898
f 3337/1025/2929 3338/1028/2930 3306/1010/2898
f 3308/1012/2900 3307/1009/2899 3306/1010/2898
f 3309/1015/2901 3308/1012/2900 3306/1010/2898
f 3338/1028/2930 3341/1029/2933 3310/1014/2902
f 3309/1015/2901 3338/1028/2930 3310/1014/2902
f 3342/1032/2934 3313/1018/2905 3310/1014/2902
f 3341/1029/2933 3342/1032/2934 3310/1014/2902
f 3312/1016/2904 3311/1013/2903 3310/1014/2902
f 3313/1018/2905 3312/1016/2904 3310/1014/2902
f 3342/1032/2934 3345/1033/2937 3314/1017/2906
f 3313/1018/2905 3342/1032/2934 3314/1017/2906
f 3346/1036/2938 3315/1019/2907 3314/1017/2906
f 3345/1033/2937 3346/1036/2938 3314/1017/2906
f 3284/998/2877 3287/1000/2880 3314/1017/2906
f 3315/1019/2907 3284/998/2877 3314/1017/2906
f 3346/1036/2938 3349/1033/2941 3316/1017/2908
f 3315/1019/2907 3346/1036/2938 3316/1017/2908
f 3350/1032/2942 3319/1018/2911 3316/1017/2908
f 3349/1033/2941 3350/1032/2942 3316/1017/2908
f 3318/1016/2910 3317/1000/2909 3316/1017/2908
f 3319/1018/2911 3318/1016/2910 3316/1017/2908
f 3350/1032/2942 3353/1029/2945 3320/1014/2912
f 3319/1018/2911 3350/1032/2942 3320/1014/2912
f 3354/1028/2946 3323/1015/2915 3320/1014/2912
f 3353/1029/2945 3354/1028/2946 3320/1014/2912
f 3322/1012/2914 3321/1013/2913 3320/1014/2912
f 3323/1015/2915 3322/1012/2914 3320/1014/2912
f 3354/1028/2946 3357/1025/2949 3324/1010/2916
f 3323/1015/2915 3354/1028/2946 3324/1010/2916
f 3358/1024/2950 3327/1011/2919 3324/1010/2916
f 3357/1025/2949 3358/1024/2950 3324/1010/2916
f 3326/1008/2918 3325/1009/2917 3324/1010/2916
f 3327/1011/2919 3326/1008/2918 3324/1010/2916
f 3358/1024/2950 3361/1038/2953 3328/1021/2920
f 3327/1011/2919 3358/1024/2950 3328/1021/2920
f 3362/1040/2954 3331/1023/2923 3328/1021/2920
f 3361/1038/2953 3362/1040/2954 3328/1021/2920
f 3330/1022/2922 3329/1020/2921 3328/1021/2920
f 3331/1023/2923 3330/1022/2922 3328/1021/2920
f 3362/1040/2954 3365/1038/2957 3332/1021/2924
f 3331/1023/2923 3362/1040/2954 3332/1021/2924
f 3334/1024/2926 3305/1011/2897 3332/1021/2924
f 3365/1038/2957 3334/1024/2926 3332/1021/2924
f 3304/1008/2896 3333/1020/2925 3332/1021/2924
f 3305/1011/2897 3304/1008/2896 3332/1021/2924
f 3382/1044/2972 3339/1031/2931 3336/1026/2928
f 3335/1027/2927 3382/1044/2972 3336/1026/2928
f 3338/1028/2930 3337/1025/2929 3336/1026/2928
f 3339/1031/2931 3338/1028/2930 3336/1026/2928
f 3382/1044/2972 3343/1035/2935 3340/1030/2932
f 3339/1031/2931 3382/1044/2972 3340/1030/2932
f 3342/1032/2934 3341/1029/2933 3340/1030/2932
f 3343/1035/2935 3342/1032/2934 3340/1030/2932
f 3382/1044/2972 3347/1037/2939 3344/1034/2936
f 3343/1035/2935 3382/1044/2972 3344/1034/2936
f 3346/1036/2938 3345/1033/2937 3344/1034/2936
f 3347/1037/2939 3346/1036/2938 3344/1034/2936
f 3382/1044/2972 3351/1035/2943 3348/1034/2940
f 3347/1037/2939 3382/1044/2972 3348/1034/2940
f 3350/1032/2942 3349/1033/2941 3348/1034/2940
f 3351/1035/2943 3350/1032/2942 3348/1034/2940
f 3382/1044/2972 3355/1031/2947 3352/1030/2944
f 3351/1035/2943 3382/1044/2972 3352/1030/2944
f 3354/1028/2946 3353/1029/2945 3352/1030/2944
f 3355/1031/2947 3354/1028/2946 3352/1030/2944
f 3382/1044/2972 3359/1027/2951 3356/1026/2948
f 3355/1031/2947 3382/1044/2972 3356/1026/2948
f 3358/1024/2950 3357/1025/2949 3356/1026/2948
f 3359/1027/2951 3358/1024/2950 3356/1026/2948
f 3382/1044/2972 3363/1041/2955 3360/1039/2952
f 3359/1027/2951 3382/1044/2972 3360/1039/2952
f 3362/1040/2954 3361/1038/2953 3360/1039/2952
f 3363/1041/2955 3362/1040/2954 3360/1039/2952
f 3382/1044/2972 3335/1027/2927 3364/1039/2956
f 3363/1041/2955 3382/1044/2972 3364/1039/2956
f 3334/1024/2926 3365/1038/2957 3364/1039/2956
f 3335/1027/2927 3334/1024/2926 3364/1039/2956
