# SkyDome exported from SkyDome.bin
# Y-up OBJ coordinates; imports back to Macaw Z-up coordinates
# vertices 2145, triangles 4096
o SkyDome
s 1
v 0 1 0
v 0 1 0
v 0 1 0
v 0 1 0
v 0 1 0
v 0 1 0
v 0 1 0
v 0 1 0
v 0 1 0
v 0 1 0
v 0 1 0
v 0 1 0
v 0 1 0
v 0 1 0
v 0 1 0
v 0 1 0
v 0 1 0
v 0 1 0
v 0 1 0
v 0 1 0
v 0 1 0
v 0 1 0
v 0 1 0
v 0 1 0
v 0 1 0
v 0 1 0
v 0 1 0
v 0 1 0
v 0 1 0
v 0 1 0
v 0 1 0
v 0 1 0
v 0 1 0
v 0 1 0
v 0 1 0
v 0 1 0
v 0 1 0
v 0 1 0
v 0 1 0
v 0 1 0
v 0 1 0
v 0 1 0
v 0 1 0
v 0 1 0
v 0 1 0
v 0 1 0
v 0 1 0
v 0 1 0
v 0 1 0
v 0 1 0
v 0 1 0
v 0 1 0
v 0 1 0
v 0 1 0
v 0 1 0
v 0 1 0
v 0 1 0
v 0 1 0
v 0 1 0
v 0 1 0
v 0 1 0
v 0 1 0
v 0 1 0
v 0 1 0
v 0 1 0
v 0 0.9951847 -0.09801714
v -0.00960736 0.9951847 -0.09754516
v -0.019122196 0.9951847 -0.09613377
v -0.028452873 0.9951847 -0.09379656
v -0.03750954 0.9951847 -0.090556026
v -0.04620496 0.9951847 -0.086443394
v -0.054455407 0.9951847 -0.08149827
v -0.06218142 0.9951847 -0.07576827
v -0.06930859 0.9951847 -0.06930859
v -0.07576827 0.9951847 -0.062181417
v -0.08149828 0.9951847 -0.0544554
v -0.0864434 0.9951847 -0.04620495
v -0.090556026 0.9951847 -0.037509535
v -0.09379656 0.9951847 -0.02845287
v -0.09613377 0.9951847 -0.019122187
v -0.09754516 0.9951847 -0.009607359
v -0.09801714 0.9951847 4.2844652E-09
v -0.09754516 0.9951847 0.009607368
v -0.09613377 0.9951847 0.019122196
v -0.09379655 0.9951847 0.028452879
v -0.090556026 0.9951847 0.037509546
v -0.086443394 0.9951847 0.04620497
v -0.081498265 0.9951847 0.05445542
v -0.07576828 0.9951847 0.062181417
v -0.06930859 0.9951847 0.06930859
v -0.062181417 0.9951847 0.07576828
v -0.0544554 0.9951847 0.08149828
v -0.04620495 0.9951847 0.08644341
v -0.03750952 0.9951847 0.09055604
v -0.028452879 0.9951847 0.09379656
v -0.019122194 0.9951847 0.09613377
v -0.009607356 0.9951847 0.09754516
v 8.5689305E-09 0.9951847 0.09801714
v 0.009607373 0.9951847 0.09754516
v 0.019122211 0.9951847 0.09613377
v 0.028452894 0.9951847 0.09379655
v 0.037509535 0.9951847 0.090556026
v 0.046204966 0.9951847 0.086443394
v 0.054455414 0.9951847 0.081498265
v 0.062181428 0.9951847 0.07576827
v 0.069308594 0.9951847 0.06930857
v 0.07576827 0.9951847 0.06218142
v 0.08149829 0.9951847 0.054455385
v 0.0864434 0.9951847 0.046204954
v 0.09055605 0.9951847 0.037509505
v 0.09379656 0.9951847 0.028452862
v 0.09613377 0.9951847 0.019122202
v 0.09754516 0.9951847 0.009607339
v 0.09801714 0.9951847 -1.1688427E-09
v 0.09754516 0.9951847 -0.009607389
v 0.09613377 0.9951847 -0.019122204
v 0.093796544 0.9951847 -0.028452909
v 0.090556026 0.9951847 -0.037509553
v 0.0864434 0.9951847 -0.046204958
v 0.08149826 0.9951847 -0.054455426
v 0.07576827 0.9951847 -0.06218142
v 0.069308564 0.9951847 -0.06930861
v 0.062181402 0.9951847 -0.075768284
v 0.054455414 0.9951847 -0.08149827
v 0.04620494 0.9951847 -0.08644341
v 0.037509535 0.9951847 -0.09055603
v 0.028452847 0.9951847 -0.093796566
v 0.019122187 0.9951847 -0.09613377
v 0.009607323 0.9951847 -0.09754517
v -1.7137861E-08 0.9951847 -0.09801714
v 0 0.98078525 -0.19509032
v -0.019122196 0.98078525 -0.19415091
v -0.038060233 0.98078525 -0.19134171
v -0.05663173 0.98078525 -0.18668981
v -0.07465784 0.98078525 -0.18023995
v -0.091964945 0.98078525 -0.1720543
v -0.10838638 0.98078525 -0.16221167
v -0.123764 0.98078525 -0.15080686
v -0.13794969 0.98078525 -0.13794969
v -0.15080686 0.98078525 -0.123763986
v -0.16221169 0.98078525 -0.10838637
v -0.1720543 0.98078525 -0.09196492
v -0.18023995 0.98078525 -0.074657835
v -0.18668981 0.98078525 -0.05663172
v -0.19134173 0.98078525 -0.038060218
v -0.19415091 0.98078525 -0.019122194
v -0.19509032 0.98078525 8.527669E-09
v -0.19415091 0.98078525 0.019122211
v -0.19134171 0.98078525 0.038060233
v -0.1866898 0.98078525 0.05663174
v -0.18023995 0.98078525 0.07465785
v -0.1720543 0.98078525 0.09196496
v -0.16221166 0.98078525 0.108386405
v -0.15080687 0.98078525 0.123763986
v -0.13794969 0.98078525 0.13794969
v -0.123763986 0.98078525 0.15080687
v -0.10838637 0.98078525 0.16221169
v -0.09196492 0.98078525 0.17205432
v -0.074657805 0.98078525 0.18023998
v -0.05663174 0.98078525 0.18668981
v -0.038060233 0.98078525 0.19134173
v -0.019122187 0.98078525 0.19415091
v 1.7055338E-08 0.98078525 0.19509032
v 0.01912222 0.98078525 0.19415091
v 0.038060267 0.98078525 0.19134171
v 0.05663177 0.98078525 0.1866898
v 0.074657835 0.98078525 0.18023995
v 0.09196495 0.98078525 0.1720543
v 0.10838639 0.98078525 0.16221166
v 0.123764016 0.98078525 0.15080684
v 0.1379497 0.98078525 0.13794966
v 0.15080686 0.98078525 0.123764
v 0.1622117 0.98078525 0.10838633
v 0.1720543 0.98078525 0.09196493
v 0.18023999 0.98078525 0.074657775
v 0.18668981 0.98078525 0.056631707
v 0.19134171 0.98078525 0.038060244
v 0.19415091 0.98078525 0.019122155
v 0.19509032 0.98078525 -2.3264288E-09
v 0.19415091 0.98078525 -0.019122252
v 0.19134171 0.98078525 -0.03806025
v 0.18668978 0.98078525 -0.0566318
v 0.18023995 0.98078525 -0.074657865
v 0.1720543 0.98078525 -0.09196494
v 0.16221166 0.98078525 -0.10838641
v 0.15080686 0.98078525 -0.123764
v 0.13794965 0.98078525 -0.13794973
v 0.12376396 0.98078525 -0.15080687
v 0.10838639 0.98078525 -0.16221167
v 0.0919649 0.98078525 -0.17205432
v 0.074657835 0.98078525 -0.18023996
v 0.056631677 0.98078525 -0.18668981
v 0.038060218 0.98078525 -0.19134173
v 0.019122124 0.98078525 -0.19415092
v -3.4110677E-08 0.98078525 -0.19509032
v 0 0.95694035 -0.29028466
v -0.028452873 0.95694035 -0.28888687
v -0.05663173 0.95694035 -0.28470692
v -0.08426519 0.95694035 -0.27778512
v -0.111087136 0.95694035 -0.26818806
v -0.13683924 0.95694035 -0.2560082
v -0.16127352 0.95694035 -0.24136287
v -0.18415466 0.95694035 -0.22439307
v -0.20526224 0.95694035 -0.20526224
v -0.22439307 0.95694035 -0.18415464
v -0.24136288 0.95694035 -0.16127351
v -0.25600824 0.95694035 -0.13683923
v -0.26818806 0.95694035 -0.11108713
v -0.27778512 0.95694035 -0.08426518
v -0.28470692 0.95694035 -0.056631703
v -0.28888687 0.95694035 -0.028452871
v -0.29028466 0.95694035 1.2688746E-08
v -0.28888687 0.95694035 0.028452897
v -0.28470692 0.95694035 0.05663173
v -0.2777851 0.95694035 0.0842652
v -0.26818806 0.95694035 0.11108716
v -0.2560082 0.95694035 0.13683927
v -0.24136285 0.95694035 0.16127355
v -0.22439308 0.95694035 0.18415464
v -0.20526224 0.95694035 0.20526224
v -0.18415464 0.95694035 0.22439308
v -0.16127351 0.95694035 0.24136288
v -0.13683921 0.95694035 0.25600824
v -0.111087084 0.95694035 0.2681881
v -0.0842652 0.95694035 0.27778512
v -0.056631725 0.95694035 0.28470692
v -0.02845286 0.95694035 0.28888687
v 2.5377492E-08 0.95694035 0.29028466
v 0.02845291 0.95694035 0.28888687
v 0.056631777 0.95694035 0.28470692
v 0.08426525 0.95694035 0.2777851
v 0.11108713 0.95694035 0.26818806
v 0.13683926 0.95694035 0.2560082
v 0.16127354 0.95694035 0.24136285
v 0.18415467 0.95694035 0.22439305
v 0.20526229 0.95694035 0.20526221
v 0.22439307 0.95694035 0.18415466
v 0.24136293 0.95694035 0.16127345
v 0.25600824 0.95694035 0.13683923
v 0.2681881 0.95694035 0.11108705
v 0.27778512 0.95694035 0.08426515
v 0.28470692 0.95694035 0.056631748
v 0.28888687 0.95694035 0.028452812
v 0.29028466 0.95694035 -3.4616099E-09
v 0.28888687 0.95694035 -0.028452957
v 0.28470692 0.95694035 -0.056631755
v 0.27778506 0.95694035 -0.08426529
v 0.26818803 0.95694035 -0.11108718
v 0.25600824 0.95694035 -0.13683924
v 0.24136284 0.95694035 -0.16127357
v 0.22439307 0.95694035 -0.18415466
v 0.20526218 0.95694035 -0.20526232
v 0.1841546 0.95694035 -0.22439311
v 0.16127354 0.95694035 -0.24136287
v 0.13683918 0.95694035 -0.25600824
v 0.11108713 0.95694035 -0.26818806
v 0.084265105 0.95694035 -0.27778512
v 0.056631703 0.95694035 -0.28470692
v 0.028452765 0.95694035 -0.28888687
v -5.0754984E-08 0.95694035 -0.29028466
v 0 0.9238795 -0.38268346
v -0.03750954 0.9238795 -0.38084072
v -0.07465784 0.9238795 -0.3753303
v -0.111087136 0.9238795 -0.36620525
v -0.14644663 0.9238795 -0.3535534
v -0.18039574 0.9238795 -0.33749667
v -0.21260755 0.9238795 -0.31818965
v -0.24277183 0.9238795 -0.2958183
v -0.27059805 0.9238795 -0.27059805
v -0.2958183 0.9238795 -0.2427718
v -0.31818968 0.9238795 -0.21260752
v -0.3374967 0.9238795 -0.18039571
v -0.3535534 0.9238795 -0.14644662
v -0.36620525 0.9238795 -0.11108713
v -0.3753303 0.9238795 -0.074657805
v -0.38084072 0.9238795 -0.037509535
v -0.38268346 0.9238795 1.6727626E-08
v -0.38084072 0.9238795 0.037509568
v -0.3753303 0.9238795 0.07465784
v -0.36620522 0.9238795 0.11108716
v -0.3535534 0.9238795 0.14644665
v -0.33749667 0.9238795 0.18039577
v -0.31818962 0.9238795 0.21260759
v -0.29581833 0.9238795 0.2427718
v -0.27059805 0.9238795 0.27059805
v -0.2427718 0.9238795 0.29581833
v -0.21260752 0.9238795 0.31818968
v -0.1803957 0.9238795 0.3374967
v -0.14644656 0.9238795 0.35355344
v -0.11108716 0.9238795 0.36620525
v -0.074657835 0.9238795 0.3753303
v -0.03750952 0.9238795 0.38084072
v 3.345525E-08 0.9238795 0.38268346
v 0.037509587 0.9238795 0.38084072
v 0.0746579 0.9238795 0.3753303
v 0.11108722 0.9238795 0.36620522
v 0.14644662 0.9238795 0.3535534
v 0.18039575 0.9238795 0.33749667
v 0.21260756 0.9238795 0.31818962
v 0.24277185 0.9238795 0.29581827
v 0.2705981 0.9238795 0.27059802
v 0.2958183 0.9238795 0.24277183
v 0.31818974 0.9238795 0.21260744
v 0.3374967 0.9238795 0.18039571
v 0.35355347 0.9238795 0.1464465
v 0.36620525 0.9238795 0.11108709
v 0.3753303 0.9238795 0.074657865
v 0.38084072 0.9238795 0.03750946
v 0.38268346 0.9238795 -4.5634545E-09
v 0.38084072 0.9238795 -0.03750965
v 0.3753303 0.9238795 -0.07465787
v 0.3662052 0.9238795 -0.11108728
v 0.35355338 0.9238795 -0.14644669
v 0.3374967 0.9238795 -0.18039572
v 0.31818962 0.9238795 -0.2126076
v 0.2958183 0.9238795 -0.24277183
v 0.27059796 0.9238795 -0.27059814
v 0.24277176 0.9238795 -0.29581836
v 0.21260756 0.9238795 -0.31818965
v 0.18039566 0.9238795 -0.3374967
v 0.14644662 0.9238795 -0.3535534
v 0.11108704 0.9238795 -0.36620528
v 0.074657805 0.9238795 -0.3753303
v 0.037509397 0.9238795 -0.38084075
v -6.69105E-08 0.9238795 -0.38268346
v 0 0.88192123 -0.47139674
v -0.04620496 0.88192123 -0.46912685
v -0.091964945 0.88192123 -0.46233898
v -0.13683924 0.88192123 -0.45109856
v -0.18039574 0.88192123 -0.4355138
v -0.22221489 0.88192123 -0.4157348
v -0.26189402 0.88192123 -0.39195207
v -0.29905096 0.88192123 -0.3643946
v -0.33332783 0.88192123 -0.33332783
v -0.3643946 0.88192123 -0.29905093
v -0.3919521 0.88192123 -0.261894
v -0.41573483 0.88192123 -0.22221485
v -0.4355138 0.88192123 -0.18039572
v -0.45109856 0.88192123 -0.13683923
v -0.462339 0.88192123 -0.0919649
v -0.46912685 0.88192123 -0.046204958
v -0.47139674 0.88192123 2.0605405E-08
v -0.46912685 0.88192123 0.046205
v -0.46233898 0.88192123 0.091964945
v -0.45109853 0.88192123 0.13683927
v -0.4355138 0.88192123 0.18039577
v -0.4157348 0.88192123 0.22221494
v -0.39195204 0.88192123 0.26189405
v -0.36439463 0.88192123 0.29905093
v -0.33332783 0.88192123 0.33332783
v -0.29905093 0.88192123 0.36439463
v -0.261894 0.88192123 0.3919521
v -0.22221483 0.88192123 0.41573486
v -0.18039565 0.88192123 0.43551385
v -0.13683927 0.88192123 0.45109856
v -0.09196494 0.88192123 0.462339
v -0.04620494 0.88192123 0.46912685
v 4.121081E-08 0.88192123 0.47139674
v 0.04620502 0.88192123 0.46912685
v 0.09196502 0.88192123 0.46233898
v 0.13683935 0.88192123 0.45109853
v 0.18039572 0.88192123 0.4355138
v 0.2222149 0.88192123 0.4157348
v 0.26189405 0.88192123 0.39195204
v 0.299051 0.88192123 0.36439458
v 0.3333279 0.88192123 0.33332777
v 0.3643946 0.88192123 0.29905096
v 0.39195216 0.88192123 0.2618939
v 0.41573483 0.88192123 0.22221486
v 0.43551388 0.88192123 0.18039557
v 0.45109856 0.88192123 0.1368392
v 0.46233898 0.88192123 0.091964975
v 0.46912685 0.88192123 0.04620486
v 0.47139674 0.88192123 -5.62135E-09
v 0.46912685 0.88192123 -0.0462051
v 0.46233898 0.88192123 -0.09196498
v 0.4510985 0.88192123 -0.13683942
v 0.43551376 0.88192123 -0.18039581
v 0.41573483 0.88192123 -0.22221488
v 0.391952 0.88192123 -0.26189408
v 0.3643946 0.88192123 -0.29905096
v 0.3333277 0.88192123 -0.33332795
v 0.29905087 0.88192123 -0.36439466
v 0.26189405 0.88192123 -0.39195207
v 0.22221479 0.88192123 -0.41573486
v 0.18039572 0.88192123 -0.43551382
v 0.13683912 0.88192123 -0.4510986
v 0.0919649 0.88192123 -0.462339
v 0.046204787 0.88192123 -0.46912685
v -8.242162E-08 0.88192123 -0.47139674
v 0 0.8314696 -0.55557024
v -0.054455407 0.8314696 -0.552895
v -0.10838638 0.8314696 -0.5448951
v -0.16127352 0.8314696 -0.53164756
v -0.21260755 0.8314696 -0.51328
v -0.26189402 0.8314696 -0.4899692
v -0.3086583 0.8314696 -0.46193975
v -0.35245007 0.8314696 -0.4294616
v -0.39284748 0.8314696 -0.39284748
v -0.4294616 0.8314696 -0.35245
v -0.4619398 0.8314696 -0.30865827
v -0.48996922 0.8314696 -0.26189396
v -0.51328 0.8314696 -0.21260752
v -0.53164756 0.8314696 -0.16127351
v -0.5448951 0.8314696 -0.10838633
v -0.552895 0.8314696 -0.054455403
v -0.55557024 0.8314696 2.4284747E-08
v -0.552895 0.8314696 0.05445545
v -0.5448951 0.8314696 0.10838638
v -0.53164756 0.8314696 0.16127355
v -0.51328 0.8314696 0.21260758
v -0.4899692 0.8314696 0.26189405
v -0.46193972 0.8314696 0.30865836
v -0.42946163 0.8314696 0.35245
v -0.39284748 0.8314696 0.39284748
v -0.35245 0.8314696 0.42946163
v -0.30865827 0.8314696 0.4619398
v -0.26189393 0.8314696 0.48996925
v -0.21260744 0.8314696 0.51328003
v -0.16127355 0.8314696 0.53164756
v -0.10838637 0.8314696 0.5448951
v -0.05445538 0.8314696 0.552895
v 4.8569493E-08 0.8314696 0.55557024
v 0.054455478 0.8314696 0.552895
v 0.10838647 0.8314696 0.5448951
v 0.16127364 0.8314696 0.53164756
v 0.21260752 0.8314696 0.51328
v 0.26189402 0.8314696 0.4899692
v 0.30865833 0.8314696 0.46193972
v 0.3524501 0.8314696 0.42946157
v 0.39284754 0.8314696 0.39284742
v 0.4294616 0.8314696 0.35245007
v 0.46193987 0.8314696 0.30865815
v 0.48996922 0.8314696 0.26189396
v 0.51328003 0.8314696 0.21260735
v 0.53164756 0.8314696 0.16127345
v 0.5448951 0.8314696 0.10838641
v 0.552895 0.8314696 0.05445529
v 0.55557024 0.8314696 -6.625109E-09
v 0.552895 0.8314696 -0.054455567
v 0.5448951 0.8314696 -0.10838643
v 0.5316475 0.8314696 -0.16127372
v 0.5132799 0.8314696 -0.21260762
v 0.48996922 0.8314696 -0.261894
v 0.4619397 0.8314696 -0.3086584
v 0.4294616 0.8314696 -0.35245007
v 0.39284736 0.8314696 -0.39284763
v 0.35244995 0.8314696 -0.42946166
v 0.30865833 0.8314696 -0.46193975
v 0.2618939 0.8314696 -0.48996925
v 0.21260752 0.8314696 -0.51328
v 0.16127338 0.8314696 -0.5316476
v 0.10838633 0.8314696 -0.5448951
v 0.0544552 0.8314696 -0.55289507
v -9.713899E-08 0.8314696 -0.55557024
v 0 0.77301043 -0.63439333
v -0.06218142 0.77301043 -0.63133854
v -0.123764 0.77301043 -0.62220365
v -0.18415466 0.77301043 -0.6070766
v -0.24277183 0.77301043 -0.586103
v -0.29905096 0.77301043 -0.55948496
v -0.35245007 0.77301043 -0.52747875
v -0.4024549 0.77301043 -0.49039266
v -0.4485838 0.77301043 -0.4485838
v -0.49039266 0.77301043 -0.40245485
v -0.5274788 0.77301043 -0.35245
v -0.559485 0.77301043 -0.2990509
v -0.586103 0.77301043 -0.24277182
v -0.6070766 0.77301043 -0.18415463
v -0.62220365 0.77301043 -0.12376394
v -0.63133854 0.77301043 -0.062181417
v -0.63439333 0.77301043 2.7730213E-08
v -0.63133854 0.77301043 0.062181473
v -0.62220365 0.77301043 0.123764
v -0.6070765 0.77301043 0.18415469
v -0.586103 0.77301043 0.24277188
v -0.55948496 0.77301043 0.29905102
v -0.52747875 0.77301043 0.35245013
v -0.4903927 0.77301043 0.40245485
v -0.4485838 0.77301043 0.4485838
v -0.40245485 0.77301043 0.4903927
v -0.35245 0.77301043 0.5274788
v -0.29905087 0.77301043 0.559485
v -0.24277171 0.77301043 0.5861031
v -0.18415469 0.77301043 0.6070766
v -0.12376399 0.77301043 0.62220365
v -0.062181395 0.77301043 0.63133854
v 5.5460426E-08 0.77301043 0.63439333
v 0.062181503 0.77301043 0.63133854
v 0.123764105 0.77301043 0.62220365
v 0.1841548 0.77301043 0.6070765
v 0.24277182 0.77301043 0.586103
v 0.29905096 0.77301043 0.55948496
v 0.3524501 0.77301043 0.52747875
v 0.40245494 0.77301043 0.49039263
v 0.4485839 0.77301043 0.44858375
v 0.49039266 0.77301043 0.4024549
v 0.5274789 0.77301043 0.3524499
v 0.559485 0.77301043 0.29905093
v 0.58610314 0.77301043 0.24277163
v 0.6070766 0.77301043 0.18415459
v 0.62220365 0.77301043 0.12376404
v 0.63133854 0.77301043 0.06218129
v 0.63439333 0.77301043 -7.565065E-09
v 0.63133854 0.77301043 -0.062181607
v 0.62220365 0.77301043 -0.12376406
v 0.6070765 0.77301043 -0.18415488
v 0.58610296 0.77301043 -0.24277192
v 0.559485 0.77301043 -0.29905093
v 0.5274787 0.77301043 -0.35245016
v 0.49039266 0.77301043 -0.4024549
v 0.44858366 0.77301043 -0.44858396
v 0.4024548 0.77301043 -0.49039274
v 0.3524501 0.77301043 -0.52747875
v 0.2990508 0.77301043 -0.559485
v 0.24277182 0.77301043 -0.586103
v 0.18415448 0.77301043 -0.60707664
v 0.12376394 0.77301043 -0.62220365
v 0.062181186 0.77301043 -0.6313386
v -1.1092085E-07 0.77301043 -0.63439333
v 0 0.70710677 -0.70710677
v -0.06930859 0.70710677 -0.70370185
v -0.13794969 0.70710677 -0.6935199
v -0.20526224 0.70710677 -0.676659
v -0.27059805 0.70710677 -0.65328145
v -0.33332783 0.70710677 -0.62361246
v -0.39284748 0.70710677 -0.5879378
v -0.4485838 0.70710677 -0.54660094
v -0.49999997 0.70710677 -0.49999997
v -0.54660094 0.70710677 -0.44858378
v -0.58793783 0.70710677 -0.39284745
v -0.6236125 0.70710677 -0.33332777
v -0.65328145 0.70710677 -0.27059805
v -0.676659 0.70710677 -0.20526223
v -0.69351995 0.70710677 -0.13794963
v -0.70370185 0.70710677 -0.06930858
v -0.70710677 0.70710677 3.090862E-08
v -0.70370185 0.70710677 0.06930864
v -0.6935199 0.70710677 0.13794969
v -0.676659 0.70710677 0.20526229
v -0.65328145 0.70710677 0.2705981
v -0.62361246 0.70710677 0.3333279
v -0.5879377 0.70710677 0.39284757
v -0.54660094 0.70710677 0.44858378
v -0.49999997 0.70710677 0.49999997
v -0.44858378 0.70710677 0.54660094
v -0.39284745 0.70710677 0.58793783
v -0.33332774 0.70710677 0.6236126
v -0.27059793 0.70710677 0.6532815
v -0.20526229 0.70710677 0.676659
v -0.13794968 0.70710677 0.69351995
v -0.06930855 0.70710677 0.70370185
v 6.181724E-08 0.70710677 0.70710677
v 0.069308676 0.70710677 0.70370185
v 0.13794981 0.70710677 0.6935199
v 0.2052624 0.70710677 0.676659
v 0.27059805 0.70710677 0.65328145
v 0.33332786 0.70710677 0.62361246
v 0.3928475 0.70710677 0.5879377
v 0.44858387 0.70710677 0.5466009
v 0.50000006 0.70710677 0.4999999
v 0.54660094 0.70710677 0.4485838
v 0.5879379 0.70710677 0.3928473
v 0.6236125 0.70710677 0.3333278
v 0.65328157 0.70710677 0.27059782
v 0.676659 0.70710677 0.20526217
v 0.6935199 0.70710677 0.13794973
v 0.70370185 0.70710677 0.06930844
v 0.70710677 0.70710677 -8.432163E-09
v 0.70370185 0.70710677 -0.06930879
v 0.6935199 0.70710677 -0.13794975
v 0.6766589 0.70710677 -0.2052625
v 0.6532814 0.70710677 -0.27059817
v 0.6236125 0.70710677 -0.3333278
v 0.5879377 0.70710677 -0.3928476
v 0.54660094 0.70710677 -0.4485838
v 0.49999982 0.70710677 -0.5000002
v 0.4485837 0.70710677 -0.546601
v 0.3928475 0.70710677 -0.5879378
v 0.33332768 0.70710677 -0.6236126
v 0.27059805 0.70710677 -0.6532815
v 0.20526206 0.70710677 -0.67665905
v 0.13794963 0.70710677 -0.69351995
v 0.06930832 0.70710677 -0.7037019
v -1.2363448E-07 0.70710677 -0.70710677
v 0 0.6343933 -0.77301043
v -0.07576827 0.6343933 -0.7692882
v -0.15080686 0.6343933 -0.75815725
v -0.22439307 0.6343933 -0.7397249
v -0.2958183 0.6343933 -0.7141685
v -0.3643946 0.6343933 -0.6817343
v -0.4294616 0.6343933 -0.64273465
v -0.49039266 0.6343933 -0.59754515
v -0.54660094 0.6343933 -0.54660094
v -0.59754515 0.6343933 -0.49039263
v -0.6427347 0.6343933 -0.42946154
v -0.6817344 0.6343933 -0.36439455
v -0.7141685 0.6343933 -0.29581827
v -0.7397249 0.6343933 -0.22439305
v -0.75815725 0.6343933 -0.15080678
v -0.7692882 0.6343933 -0.07576827
v -0.77301043 0.6343933 3.378936E-08
v -0.7692882 0.6343933 0.07576834
v -0.75815725 0.6343933 0.15080686
v -0.7397248 0.6343933 0.22439311
v -0.7141685 0.6343933 0.29581836
v -0.6817343 0.6343933 0.36439466
v -0.64273465 0.6343933 0.4294617
v -0.59754515 0.6343933 0.49039263
v -0.54660094 0.6343933 0.54660094
v -0.49039263 0.6343933 0.59754515
v -0.42946154 0.6343933 0.6427347
v -0.36439452 0.6343933 0.6817344
v -0.29581818 0.6343933 0.7141686
v -0.22439311 0.6343933 0.7397249
v -0.15080684 0.6343933 0.75815725
v -0.07576824 0.6343933 0.7692882
v 6.757872E-08 0.6343933 0.77301043
v 0.075768374 0.6343933 0.7692882
v 0.15080698 0.6343933 0.75815725
v 0.22439323 0.6343933 0.7397248
v 0.29581827 0.6343933 0.7141685
v 0.36439463 0.6343933 0.6817343
v 0.42946163 0.6343933 0.64273465
v 0.4903927 0.6343933 0.5975451
v 0.546601 0.6343933 0.5466008
v 0.59754515 0.6343933 0.49039266
v 0.6427348 0.6343933 0.42946142
v 0.6817344 0.6343933 0.36439455
v 0.7141686 0.6343933 0.29581806
v 0.7397249 0.6343933 0.22439298
v 0.75815725 0.6343933 0.1508069
v 0.7692882 0.6343933 0.07576811
v 0.77301043 0.6343933 -9.218057E-09
v 0.7692882 0.6343933 -0.0757685
v 0.75815725 0.6343933 -0.15080692
v 0.73972476 0.6343933 -0.22439335
v 0.7141684 0.6343933 -0.29581842
v 0.6817344 0.6343933 -0.36439458
v 0.6427346 0.6343933 -0.42946175
v 0.59754515 0.6343933 -0.49039266
v 0.5466007 0.6343933 -0.5466011
v 0.49039254 0.6343933 -0.5975452
v 0.42946163 0.6343933 -0.64273465
v 0.36439443 0.6343933 -0.6817344
v 0.29581827 0.6343933 -0.71416855
v 0.22439286 0.6343933 -0.73972493
v 0.15080678 0.6343933 -0.75815725
v 0.07576799 0.6343933 -0.76928824
v -1.3515744E-07 0.6343933 -0.77301043
v 0 0.5555702 -0.83146966
v -0.08149828 0.5555702 -0.8274659
v -0.16221169 0.5555702 -0.81549317
v -0.24136288 0.5555702 -0.7956669
v -0.31818968 0.5555702 -0.76817775
v -0.3919521 0.5555702 -0.73329073
v -0.4619398 0.5555702 -0.69134176
v -0.5274788 0.5555702 -0.6427347
v -0.58793783 0.5555702 -0.58793783
v -0.6427347 0.5555702 -0.52747875
v -0.69134176 0.5555702 -0.46193975
v -0.7332908 0.5555702 -0.391952
v -0.76817775 0.5555702 -0.31818965
v -0.7956669 0.5555702 -0.24136287
v -0.8154932 0.5555702 -0.16221161
v -0.8274659 0.5555702 -0.08149827
v -0.83146966 0.5555702 3.6344694E-08
v -0.8274659 0.5555702 0.08149835
v -0.81549317 0.5555702 0.16221169
v -0.7956668 0.5555702 0.24136294
v -0.76817775 0.5555702 0.31818974
v -0.73329073 0.5555702 0.39195216
v -0.6913417 0.5555702 0.4619399
v -0.64273477 0.5555702 0.52747875
v -0.58793783 0.5555702 0.58793783
v -0.52747875 0.5555702 0.64273477
v -0.46193975 0.5555702 0.69134176
v -0.39195198 0.5555702 0.73329085
v -0.31818953 0.5555702 0.76817787
v -0.24136294 0.5555702 0.7956669
v -0.16221167 0.5555702 0.8154932
v -0.08149824 0.5555702 0.8274659
v 7.268939E-08 0.5555702 0.83146966
v 0.081498384 0.5555702 0.8274659
v 0.16221182 0.5555702 0.81549317
v 0.24136306 0.5555702 0.7956668
v 0.31818965 0.5555702 0.76817775
v 0.39195213 0.5555702 0.73329073
v 0.46193984 0.5555702 0.6913417
v 0.5274789 0.5555702 0.64273465
v 0.5879379 0.5555702 0.5879377
v 0.6427347 0.5555702 0.5274788
v 0.6913419 0.5555702 0.4619396
v 0.7332908 0.5555702 0.39195204
v 0.7681779 0.5555702 0.3181894
v 0.7956669 0.5555702 0.2413628
v 0.81549317 0.5555702 0.16221173
v 0.8274659 0.5555702 0.08149811
v 0.83146966 0.5555702 -9.915176E-09
v 0.8274659 0.5555702 -0.08149852
v 0.81549317 0.5555702 -0.16221176
v 0.79566675 0.5555702 -0.24136318
v 0.76817775 0.5555702 -0.3181898
v 0.7332908 0.5555702 -0.39195207
v 0.69134164 0.5555702 -0.46193996
v 0.6427347 0.5555702 -0.5274788
v 0.5879376 0.5555702 -0.587938
v 0.52747864 0.5555702 -0.6427348
v 0.46193984 0.5555702 -0.69134176
v 0.39195192 0.5555702 -0.73329085
v 0.31818965 0.5555702 -0.7681778
v 0.24136266 0.5555702 -0.79566693
v 0.16221161 0.5555702 -0.8154932
v 0.08149797 0.5555702 -0.82746595
v -1.4537878E-07 0.5555702 -0.83146966
v 0 0.47139665 -0.8819213
v -0.0864434 0.47139665 -0.8776746
v -0.1720543 0.47139665 -0.8649754
v -0.25600824 0.47139665 -0.8439461
v -0.3374967 0.47139665 -0.814789
v -0.41573483 0.47139665 -0.7777851
v -0.48996922 0.47139665 -0.73329073
v -0.559485 0.47139665 -0.6817344
v -0.6236125 0.47139665 -0.6236125
v -0.6817344 0.47139665 -0.55948496
v -0.7332908 0.47139665 -0.48996916
v -0.7777852 0.47139665 -0.41573474
v -0.814789 0.47139665 -0.33749667
v -0.8439461 0.47139665 -0.2560082
v -0.86497545 0.47139665 -0.17205423
v -0.8776746 0.47139665 -0.086443394
v -0.8819213 0.47139665 3.8550002E-08
v -0.8776746 0.47139665 0.08644348
v -0.8649754 0.47139665 0.1720543
v -0.84394604 0.47139665 0.25600827
v -0.814789 0.47139665 0.33749673
v -0.7777851 0.47139665 0.41573492
v -0.7332907 0.47139665 0.48996934
v -0.6817344 0.47139665 0.55948496
v -0.6236125 0.47139665 0.6236125
v -0.55948496 0.47139665 0.6817344
v -0.48996916 0.47139665 0.7332908
v -0.4157347 0.47139665 0.77778524
v -0.33749652 0.47139665 0.8147891
v -0.25600827 0.47139665 0.8439461
v -0.17205429 0.47139665 0.86497545
v -0.086443365 0.47139665 0.8776746
v 7.7100005E-08 0.47139665 0.8819213
v 0.08644351 0.47139665 0.8776746
v 0.17205445 0.47139665 0.8649754
v 0.25600842 0.47139665 0.84394604
v 0.33749667 0.47139665 0.814789
v 0.41573486 0.47139665 0.7777851
v 0.48996928 0.47139665 0.7332907
v 0.559485 0.47139665 0.6817343
v 0.62361264 0.47139665 0.6236124
v 0.6817344 0.47139665 0.559485
v 0.7332909 0.47139665 0.48996902
v 0.7777852 0.47139665 0.41573477
v 0.8147892 0.47139665 0.3374964
v 0.8439461 0.47139665 0.25600812
v 0.8649754 0.47139665 0.17205437
v 0.8776746 0.47139665 0.08644322
v 0.8819213 0.47139665 -1.0516806E-08
v 0.8776746 0.47139665 -0.08644366
v 0.8649754 0.47139665 -0.1720544
v 0.843946 0.47139665 -0.25600854
v 0.81478894 0.47139665 -0.33749682
v 0.7777852 0.47139665 -0.4157348
v 0.7332906 0.47139665 -0.48996937
v 0.6817344 0.47139665 -0.559485
v 0.6236123 0.47139665 -0.6236127
v 0.55948484 0.47139665 -0.68173444
v 0.48996928 0.47139665 -0.73329073
v 0.41573465 0.47139665 -0.77778524
v 0.33749667 0.47139665 -0.81478906
v 0.256008 0.47139665 -0.8439461
v 0.17205423 0.47139665 -0.86497545
v 0.086443074 0.47139665 -0.87767464
v -1.5420001E-07 0.47139665 -0.8819213
v 0 0.38268343 -0.9238795
v -0.090556026 0.38268343 -0.9194308
v -0.18023995 0.38268343 -0.9061274
v -0.26818806 0.38268343 -0.8840976
v -0.3535534 0.38268343 -0.85355335
v -0.4355138 0.38268343 -0.81478894
v -0.51328 0.38268343 -0.7681777
v -0.586103 0.38268343 -0.7141685
v -0.65328145 0.38268343 -0.65328145
v -0.7141685 0.38268343 -0.58610296
v -0.76817775 0.38268343 -0.5132799
v -0.814789 0.38268343 -0.4355137
v -0.85355335 0.38268343 -0.35355338
v -0.8840976 0.38268343 -0.26818803
v -0.90612745 0.38268343 -0.18023987
v -0.9194308 0.38268343 -0.09055602
v -0.9238795 0.38268343 4.0384055E-08
v -0.9194308 0.38268343 0.0905561
v -0.9061274 0.38268343 0.18023995
v -0.8840975 0.38268343 0.26818812
v -0.85355335 0.38268343 0.35355344
v -0.81478894 0.38268343 0.43551388
v -0.7681777 0.38268343 0.5132801
v -0.71416855 0.38268343 0.58610296
v -0.65328145 0.38268343 0.65328145
v -0.58610296 0.38268343 0.71416855
v -0.5132799 0.38268343 0.76817775
v -0.43551368 0.38268343 0.81478906
v -0.35355324 0.38268343 0.8535535
v -0.26818812 0.38268343 0.8840976
v -0.18023993 0.38268343 0.90612745
v -0.09055599 0.38268343 0.9194308
v 8.076811E-08 0.38268343 0.9238795
v 0.090556145 0.38268343 0.9194308
v 0.18024011 0.38268343 0.9061274
v 0.26818824 0.38268343 0.8840975
v 0.35355338 0.38268343 0.85355335
v 0.43551382 0.38268343 0.81478894
v 0.51328003 0.38268343 0.7681777
v 0.5861031 0.38268343 0.7141684
v 0.65328157 0.38268343 0.65328133
v 0.7141685 0.38268343 0.586103
v 0.76817787 0.38268343 0.51327974
v 0.814789 0.38268343 0.43551373
v 0.8535535 0.38268343 0.3535531
v 0.8840976 0.38268343 0.26818794
v 0.9061274 0.38268343 0.18024
v 0.9194308 0.38268343 0.09055583
v 0.9238795 0.38268343 -1.10171525E-08
v 0.9194308 0.38268343 -0.090556294
v 0.9061274 0.38268343 -0.18024004
v 0.88409746 0.38268343 -0.2681884
v 0.8535533 0.38268343 -0.35355353
v 0.814789 0.38268343 -0.43551376
v 0.7681776 0.38268343 -0.51328015
v 0.7141685 0.38268343 -0.586103
v 0.6532812 0.38268343 -0.6532817
v 0.58610284 0.38268343 -0.7141686
v 0.51328003 0.38268343 -0.7681777
v 0.4355136 0.38268343 -0.81478906
v 0.35355338 0.38268343 -0.8535534
v 0.2681878 0.38268343 -0.88409764
v 0.18023987 0.38268343 -0.90612745
v 0.09055568 0.38268343 -0.9194308
v -1.6153622E-07 0.38268343 -0.9238795
v 0 0.29028463 -0.95694035
v -0.09379656 0.29028463 -0.95233244
v -0.18668981 0.29028463 -0.938553
v -0.27778512 0.29028463 -0.9157348
v -0.36620525 0.29028463 -0.8840976
v -0.45109856 0.29028463 -0.84394604
v -0.53164756 0.29028463 -0.7956668
v -0.6070766 0.29028463 -0.7397249
v -0.676659 0.29028463 -0.676659
v -0.7397249 0.29028463 -0.6070765
v -0.7956669 0.29028463 -0.5316475
v -0.8439461 0.29028463 -0.45109847
v -0.8840976 0.29028463 -0.36620522
v -0.9157348 0.29028463 -0.2777851
v -0.93855304 0.29028463 -0.18668972
v -0.95233244 0.29028463 -0.09379655
v -0.95694035 0.29028463 4.1829193E-08
v -0.95233244 0.29028463 0.09379663
v -0.938553 0.29028463 0.18668981
v -0.91573477 0.29028463 0.27778515
v -0.8840976 0.29028463 0.3662053
v -0.84394604 0.29028463 0.45109865
v -0.79566675 0.29028463 0.5316477
v -0.73972493 0.29028463 0.6070765
v -0.676659 0.29028463 0.676659
v -0.6070765 0.29028463 0.73972493
v -0.5316475 0.29028463 0.7956669
v -0.45109844 0.29028463 0.8439461
v -0.36620507 0.29028463 0.8840977
v -0.27778515 0.29028463 0.9157348
v -0.1866898 0.29028463 0.93855304
v -0.093796514 0.29028463 0.95233244
v 8.3658385E-08 0.29028463 0.95694035
v 0.09379668 0.29028463 0.95233244
v 0.18668996 0.29028463 0.938553
v 0.2777853 0.29028463 0.91573477
v 0.36620522 0.29028463 0.8840976
v 0.4510986 0.29028463 0.84394604
v 0.5316476 0.29028463 0.79566675
v 0.60707664 0.29028463 0.7397248
v 0.6766591 0.29028463 0.67665887
v 0.7397249 0.29028463 0.6070766
v 0.795667 0.29028463 0.5316474
v 0.8439461 0.29028463 0.4510985
v 0.88409775 0.29028463 0.36620492
v 0.9157348 0.29028463 0.277785
v 0.938553 0.29028463 0.18668985
v 0.95233244 0.29028463 0.09379636
v 0.95694035 0.29028463 -1.14114E-08
v 0.95233244 0.29028463 -0.093796834
v 0.938553 0.29028463 -0.18668988
v 0.9157347 0.29028463 -0.27778545
v 0.8840975 0.29028463 -0.3662054
v 0.8439461 0.29028463 -0.45109853
v 0.7956667 0.29028463 -0.53164774
v 0.7397249 0.29028463 -0.6070766
v 0.67665875 0.29028463 -0.6766592
v 0.6070764 0.29028463 -0.739725
v 0.5316476 0.29028463 -0.7956668
v 0.45109835 0.29028463 -0.8439461
v 0.36620522 0.29028463 -0.88409764
v 0.27778485 0.29028463 -0.9157349
v 0.18668972 0.29028463 -0.93855304
v 0.0937962 0.29028463 -0.9523325
v -1.6731677E-07 0.29028463 -0.95694035
v 0 0.19509023 -0.9807853
v -0.09613377 0.19509023 -0.97606254
v -0.19134173 0.19509023 -0.96193975
v -0.28470692 0.19509023 -0.93855304
v -0.3753303 0.19509023 -0.90612745
v -0.462339 0.19509023 -0.8649754
v -0.5448951 0.19509023 -0.81549317
v -0.62220365 0.19509023 -0.75815725
v -0.69351995 0.19509023 -0.69351995
v -0.75815725 0.19509023 -0.6222036
v -0.8154932 0.19509023 -0.54489505
v -0.86497545 0.19509023 -0.46233892
v -0.90612745 0.19509023 -0.37533027
v -0.93855304 0.19509023 -0.2847069
v -0.9619398 0.19509023 -0.19134164
v -0.97606254 0.19509023 -0.09613377
v -0.9807853 0.19509023 4.2871488E-08
v -0.97606254 0.19509023 0.09613385
v -0.96193975 0.19509023 0.19134173
v -0.938553 0.19509023 0.28470698
v -0.90612745 0.19509023 0.37533036
v -0.8649754 0.19509023 0.4623391
v -0.8154931 0.19509023 0.54489523
v -0.7581573 0.19509023 0.6222036
v -0.69351995 0.19509023 0.69351995
v -0.6222036 0.19509023 0.7581573
v -0.54489505 0.19509023 0.8154932
v -0.4623389 0.19509023 0.8649755
v -0.37533015 0.19509023 0.9061276
v -0.28470698 0.19509023 0.93855304
v -0.19134171 0.19509023 0.9619398
v -0.09613373 0.19509023 0.97606254
v 8.5742975E-08 0.19509023 0.9807853
v 0.096133895 0.19509023 0.97606254
v 0.19134188 0.19509023 0.96193975
v 0.28470713 0.19509023 0.938553
v 0.37533027 0.19509023 0.90612745
v 0.46233904 0.19509023 0.8649754
v 0.5448952 0.19509023 0.8154931
v 0.6222037 0.19509023 0.7581572
v 0.69352007 0.19509023 0.69351983
v 0.75815725 0.19509023 0.62220365
v 0.81549335 0.19509023 0.5448949
v 0.86497545 0.19509023 0.46233895
v 0.90612763 0.19509023 0.37533
v 0.93855304 0.19509023 0.28470683
v 0.96193975 0.19509023 0.19134179
v 0.97606254 0.19509023 0.09613357
v 0.9807853 0.19509023 -1.16957475E-08
v 0.97606254 0.19509023 -0.09613406
v 0.96193975 0.19509023 -0.19134182
v 0.9385529 0.19509023 -0.28470728
v 0.9061274 0.19509023 -0.37533045
v 0.86497545 0.19509023 -0.46233898
v 0.81549305 0.19509023 -0.5448953
v 0.75815725 0.19509023 -0.62220365
v 0.6935197 0.19509023 -0.6935202
v 0.62220347 0.19509023 -0.7581574
v 0.5448952 0.19509023 -0.81549317
v 0.4623388 0.19509023 -0.8649755
v 0.37533027 0.19509023 -0.9061275
v 0.28470668 0.19509023 -0.9385531
v 0.19134164 0.19509023 -0.9619398
v 0.0961334 0.19509023 -0.9760626
v -1.7148595E-07 0.19509023 -0.9807853
v 0 0.098017134 -0.9951847
v -0.09754516 0.098017134 -0.9903926
v -0.19415091 0.098017134 -0.9760625
v -0.28888687 0.098017134 -0.95233244
v -0.38084072 0.098017134 -0.9194308
v -0.46912685 0.098017134 -0.8776745
v -0.552895 0.098017134 -0.82746583
v -0.63133854 0.098017134 -0.7692882
v -0.70370185 0.098017134 -0.70370185
v -0.7692882 0.098017134 -0.6313385
v -0.8274659 0.098017134 -0.55289495
v -0.8776746 0.098017134 -0.46912676
v -0.9194308 0.098017134 -0.3808407
v -0.95233244 0.098017134 -0.28888685
v -0.97606254 0.098017134 -0.19415082
v -0.9903926 0.098017134 -0.097545154
v -0.9951847 0.098017134 4.3500904E-08
v -0.9903926 0.098017134 0.097545244
v -0.9760625 0.098017134 0.19415091
v -0.9523324 0.098017134 0.28888693
v -0.9194308 0.098017134 0.38084078
v -0.8776745 0.098017134 0.46912694
v -0.8274658 0.098017134 0.5528951
v -0.76928824 0.098017134 0.6313385
v -0.70370185 0.098017134 0.70370185
v -0.6313385 0.098017134 0.76928824
v -0.55289495 0.098017134 0.8274659
v -0.46912673 0.098017134 0.87767464
v -0.38084054 0.098017134 0.9194309
v -0.28888693 0.098017134 0.95233244
v -0.1941509 0.098017134 0.97606254
v -0.09754512 0.098017134 0.9903926
v 8.700181E-08 0.098017134 0.9951847
v 0.09754529 0.098017134 0.9903926
v 0.19415107 0.098017134 0.9760625
v 0.28888708 0.098017134 0.9523324
v 0.3808407 0.098017134 0.9194308
v 0.46912688 0.098017134 0.8776745
v 0.55289507 0.098017134 0.8274658
v 0.6313386 0.098017134 0.7692881
v 0.703702 0.098017134 0.70370173
v 0.7692882 0.098017134 0.63133854
v 0.827466 0.098017134 0.5528948
v 0.8776746 0.098017134 0.4691268
v 0.919431 0.098017134 0.3808404
v 0.95233244 0.098017134 0.28888676
v 0.9760625 0.098017134 0.19415097
v 0.9903926 0.098017134 0.09754495
v 0.9951847 0.098017134 -1.1867459E-08
v 0.9903926 0.098017134 -0.09754545
v 0.9760625 0.098017134 -0.194151
v 0.9523323 0.098017134 -0.2888872
v 0.91943073 0.098017134 -0.38084087
v 0.8776746 0.098017134 -0.46912682
v 0.8274657 0.098017134 -0.5528952
v 0.7692882 0.098017134 -0.63133854
v 0.7037016 0.098017134 -0.7037021
v 0.63133836 0.098017134 -0.7692883
v 0.55289507 0.098017134 -0.82746583
v 0.46912664 0.098017134 -0.87767464
v 0.3808407 0.098017134 -0.91943085
v 0.2888866 0.098017134 -0.9523325
v 0.19415082 0.098017134 -0.97606254
v 0.09754479 0.098017134 -0.9903927
v -1.7400362E-07 0.098017134 -0.9951847
v 0 -4.371139E-08 -1
v -0.09801714 -4.371139E-08 -0.9951847
v -0.19509032 -4.371139E-08 -0.98078525
v -0.29028466 -4.371139E-08 -0.95694035
v -0.38268346 -4.371139E-08 -0.9238795
v -0.47139674 -4.371139E-08 -0.88192123
v -0.55557024 -4.371139E-08 -0.8314696
v -0.63439333 -4.371139E-08 -0.77301043
v -0.70710677 -4.371139E-08 -0.70710677
v -0.77301043 -4.371139E-08 -0.6343933
v -0.83146966 -4.371139E-08 -0.5555702
v -0.8819213 -4.371139E-08 -0.47139665
v -0.9238795 -4.371139E-08 -0.38268343
v -0.95694035 -4.371139E-08 -0.29028463
v -0.9807853 -4.371139E-08 -0.19509023
v -0.9951847 -4.371139E-08 -0.098017134
v -1 -4.371139E-08 4.371139E-08
v -0.9951847 -4.371139E-08 0.09801722
v -0.98078525 -4.371139E-08 0.19509032
v -0.9569403 -4.371139E-08 0.29028472
v -0.9238795 -4.371139E-08 0.38268352
v -0.88192123 -4.371139E-08 0.47139683
v -0.83146954 -4.371139E-08 0.55557036
v -0.7730105 -4.371139E-08 0.6343933
v -0.70710677 -4.371139E-08 0.70710677
v -0.6343933 -4.371139E-08 0.7730105
v -0.5555702 -4.371139E-08 0.83146966
v -0.47139663 -4.371139E-08 0.88192135
v -0.38268328 -4.371139E-08 0.9238796
v -0.29028472 -4.371139E-08 0.95694035
v -0.19509031 -4.371139E-08 0.9807853
v -0.0980171 -4.371139E-08 0.9951847
v 8.742278E-08 -4.371139E-08 1
v 0.09801727 -4.371139E-08 0.9951847
v 0.19509049 -4.371139E-08 0.98078525
v 0.29028487 -4.371139E-08 0.9569403
v 0.38268343 -4.371139E-08 0.9238795
v 0.47139677 -4.371139E-08 0.88192123
v 0.5555703 -4.371139E-08 0.83146954
v 0.6343934 -4.371139E-08 0.7730104
v 0.7071069 -4.371139E-08 0.70710665
v 0.77301043 -4.371139E-08 0.63439333
v 0.8314698 -4.371139E-08 0.55557
v 0.8819213 -4.371139E-08 0.47139668
v 0.9238797 -4.371139E-08 0.38268313
v 0.95694035 -4.371139E-08 0.29028454
v 0.98078525 -4.371139E-08 0.19509038
v 0.9951847 -4.371139E-08 0.09801693
v 1 -4.371139E-08 -1.1924881E-08
v 0.9951847 -4.371139E-08 -0.09801743
v 0.98078525 -4.371139E-08 -0.19509041
v 0.95694023 -4.371139E-08 -0.29028502
v 0.92387944 -4.371139E-08 -0.3826836
v 0.8819213 -4.371139E-08 -0.4713967
v 0.8314695 -4.371139E-08 -0.5555704
v 0.77301043 -4.371139E-08 -0.63439333
v 0.70710653 -4.371139E-08 -0.707107
v 0.63439316 -4.371139E-08 -0.77301055
v 0.5555703 -4.371139E-08 -0.8314696
v 0.47139654 -4.371139E-08 -0.88192135
v 0.38268343 -4.371139E-08 -0.92387956
v 0.2902844 -4.371139E-08 -0.9569404
v 0.19509023 -4.371139E-08 -0.9807853
v 0.09801677 -4.371139E-08 -0.9951848
v -1.7484555E-07 -4.371139E-08 -1
v 0 -0.09801722 -0.9951847
v -0.09754516 -0.09801722 -0.9903926
v -0.19415091 -0.09801722 -0.9760625
v -0.28888687 -0.09801722 -0.95233244
v -0.38084072 -0.09801722 -0.9194308
v -0.46912685 -0.09801722 -0.8776745
v -0.552895 -0.09801722 -0.82746583
v -0.63133854 -0.09801722 -0.7692882
v -0.70370185 -0.09801722 -0.70370185
v -0.7692882 -0.09801722 -0.6313385
v -0.8274659 -0.09801722 -0.55289495
v -0.8776746 -0.09801722 -0.46912676
v -0.9194308 -0.09801722 -0.3808407
v -0.95233244 -0.09801722 -0.28888685
v -0.97606254 -0.09801722 -0.19415082
v -0.9903926 -0.09801722 -0.097545154
v -0.9951847 -0.09801722 4.3500904E-08
v -0.9903926 -0.09801722 0.097545244
v -0.9760625 -0.09801722 0.19415091
v -0.9523324 -0.09801722 0.28888693
v -0.9194308 -0.09801722 0.38084078
v -0.8776745 -0.09801722 0.46912694
v -0.8274658 -0.09801722 0.5528951
v -0.76928824 -0.09801722 0.6313385
v -0.70370185 -0.09801722 0.70370185
v -0.6313385 -0.09801722 0.76928824
v -0.55289495 -0.09801722 0.8274659
v -0.46912673 -0.09801722 0.87767464
v -0.38084054 -0.09801722 0.9194309
v -0.28888693 -0.09801722 0.95233244
v -0.1941509 -0.09801722 0.97606254
v -0.09754512 -0.09801722 0.9903926
v 8.700181E-08 -0.09801722 0.9951847
v 0.09754529 -0.09801722 0.9903926
v 0.19415107 -0.09801722 0.9760625
v 0.28888708 -0.09801722 0.9523324
v 0.3808407 -0.09801722 0.9194308
v 0.46912688 -0.09801722 0.8776745
v 0.55289507 -0.09801722 0.8274658
v 0.6313386 -0.09801722 0.7692881
v 0.703702 -0.09801722 0.70370173
v 0.7692882 -0.09801722 0.63133854
v 0.827466 -0.09801722 0.5528948
v 0.8776746 -0.09801722 0.4691268
v 0.919431 -0.09801722 0.3808404
v 0.95233244 -0.09801722 0.28888676
v 0.9760625 -0.09801722 0.19415097
v 0.9903926 -0.09801722 0.09754495
v 0.9951847 -0.09801722 -1.1867459E-08
v 0.9903926 -0.09801722 -0.09754545
v 0.9760625 -0.09801722 -0.194151
v 0.9523323 -0.09801722 -0.2888872
v 0.91943073 -0.09801722 -0.38084087
v 0.8776746 -0.09801722 -0.46912682
v 0.8274657 -0.09801722 -0.5528952
v 0.7692882 -0.09801722 -0.63133854
v 0.7037016 -0.09801722 -0.7037021
v 0.63133836 -0.09801722 -0.7692883
v 0.55289507 -0.09801722 -0.82746583
v 0.46912664 -0.09801722 -0.87767464
v 0.3808407 -0.09801722 -0.91943085
v 0.2888866 -0.09801722 -0.9523325
v 0.19415082 -0.09801722 -0.97606254
v 0.09754479 -0.09801722 -0.9903927
v -1.7400362E-07 -0.09801722 -0.9951847
v 0 -0.19509032 -0.98078525
v -0.09613377 -0.19509032 -0.9760625
v -0.19134171 -0.19509032 -0.9619397
v -0.28470692 -0.19509032 -0.938553
v -0.3753303 -0.19509032 -0.9061274
v -0.46233898 -0.19509032 -0.86497533
v -0.5448951 -0.19509032 -0.8154931
v -0.62220365 -0.19509032 -0.75815725
v -0.6935199 -0.19509032 -0.6935199
v -0.75815725 -0.19509032 -0.6222036
v -0.81549317 -0.19509032 -0.54489505
v -0.8649754 -0.19509032 -0.4623389
v -0.9061274 -0.19509032 -0.37533027
v -0.938553 -0.19509032 -0.2847069
v -0.96193975 -0.19509032 -0.19134162
v -0.9760625 -0.19509032 -0.09613376
v -0.98078525 -0.19509032 4.2871484E-08
v -0.9760625 -0.19509032 0.09613385
v -0.9619397 -0.19509032 0.19134171
v -0.9385529 -0.19509032 0.28470698
v -0.9061274 -0.19509032 0.37533036
v -0.86497533 -0.19509032 0.46233907
v -0.81549305 -0.19509032 0.54489523
v -0.7581573 -0.19509032 0.6222036
v -0.6935199 -0.19509032 0.6935199
v -0.6222036 -0.19509032 0.7581573
v -0.54489505 -0.19509032 0.81549317
v -0.46233886 -0.19509032 0.86497545
v -0.37533012 -0.19509032 0.9061275
v -0.28470698 -0.19509032 0.938553
v -0.1913417 -0.19509032 0.96193975
v -0.096133724 -0.19509032 0.9760625
v 8.574297E-08 -0.19509032 0.98078525
v 0.09613389 -0.19509032 0.9760625
v 0.19134188 -0.19509032 0.9619397
v 0.28470713 -0.19509032 0.9385529
v 0.37533027 -0.19509032 0.9061274
v 0.462339 -0.19509032 0.86497533
v 0.5448952 -0.19509032 0.81549305
v 0.6222037 -0.19509032 0.7581572
v 0.69352 -0.19509032 0.6935198
v 0.75815725 -0.19509032 0.62220365
v 0.8154933 -0.19509032 0.5448949
v 0.8649754 -0.19509032 0.46233892
v 0.9061276 -0.19509032 0.37532997
v 0.938553 -0.19509032 0.2847068
v 0.9619397 -0.19509032 0.19134177
v 0.9760625 -0.19509032 0.09613356
v 0.98078525 -0.19509032 -1.16957475E-08
v 0.9760625 -0.19509032 -0.09613405
v 0.9619397 -0.19509032 -0.1913418
v 0.93855286 -0.19509032 -0.28470728
v 0.90612733 -0.19509032 -0.37533045
v 0.8649754 -0.19509032 -0.46233895
v 0.815493 -0.19509032 -0.5448953
v 0.75815725 -0.19509032 -0.62220365
v 0.69351965 -0.19509032 -0.6935201
v 0.62220347 -0.19509032 -0.7581574
v 0.5448952 -0.19509032 -0.8154931
v 0.46233878 -0.19509032 -0.86497545
v 0.37533027 -0.19509032 -0.90612745
v 0.28470665 -0.19509032 -0.93855304
v 0.19134162 -0.19509032 -0.96193975
v 0.0961334 -0.19509032 -0.97606254
v -1.7148594E-07 -0.19509032 -0.98078525
v 0 -0.29028472 -0.9569403
v -0.09379655 -0.29028472 -0.9523324
v -0.1866898 -0.29028472 -0.9385529
v -0.2777851 -0.29028472 -0.91573477
v -0.36620522 -0.29028472 -0.8840975
v -0.45109853 -0.29028472 -0.843946
v -0.53164756 -0.29028472 -0.79566675
v -0.6070765 -0.29028472 -0.7397248
v -0.676659 -0.29028472 -0.676659
v -0.7397248 -0.29028472 -0.60707647
v -0.7956668 -0.29028472 -0.5316475
v -0.84394604 -0.29028472 -0.45109844
v -0.8840975 -0.29028472 -0.3662052
v -0.91573477 -0.29028472 -0.27778506
v -0.938553 -0.29028472 -0.1866897
v -0.9523324 -0.29028472 -0.093796544
v -0.9569403 -0.29028472 4.182919E-08
v -0.9523324 -0.29028472 0.09379663
v -0.9385529 -0.29028472 0.1866898
v -0.9157347 -0.29028472 0.27778515
v -0.8840975 -0.29028472 0.36620528
v -0.843946 -0.29028472 0.45109862
v -0.7956667 -0.29028472 0.5316477
v -0.7397249 -0.29028472 0.60707647
v -0.676659 -0.29028472 0.676659
v -0.60707647 -0.29028472 0.7397249
v -0.5316475 -0.29028472 0.7956668
v -0.4510984 -0.29028472 0.8439461
v -0.36620504 -0.29028472 0.88409764
v -0.27778515 -0.29028472 0.91573477
v -0.18668978 -0.29028472 0.938553
v -0.09379651 -0.29028472 0.9523324
v 8.365838E-08 -0.29028472 0.9569403
v 0.09379667 -0.29028472 0.9523324
v 0.18668994 -0.29028472 0.9385529
v 0.2777853 -0.29028472 0.9157347
v 0.3662052 -0.29028472 0.8840975
v 0.45109856 -0.29028472 0.843946
v 0.5316476 -0.29028472 0.7956667
v 0.6070766 -0.29028472 0.73972476
v 0.67665905 -0.29028472 0.67665887
v 0.7397248 -0.29028472 0.6070765
v 0.79566693 -0.29028472 0.5316473
v 0.84394604 -0.29028472 0.45109847
v 0.8840977 -0.29028472 0.36620492
v 0.91573477 -0.29028472 0.27778497
v 0.9385529 -0.29028472 0.18668985
v 0.9523324 -0.29028472 0.09379635
v 0.9569403 -0.29028472 -1.1411399E-08
v 0.9523324 -0.29028472 -0.09379683
v 0.9385529 -0.29028472 -0.18668988
v 0.91573465 -0.29028472 -0.27778542
v 0.88409746 -0.29028472 -0.36620536
v 0.84394604 -0.29028472 -0.4510985
v 0.79566664 -0.29028472 -0.53164774
v 0.7397248 -0.29028472 -0.6070765
v 0.67665875 -0.29028472 -0.67665917
v 0.60707635 -0.29028472 -0.73972493
v 0.5316476 -0.29028472 -0.79566675
v 0.45109835 -0.29028472 -0.8439461
v 0.3662052 -0.29028472 -0.8840976
v 0.27778482 -0.29028472 -0.9157348
v 0.1866897 -0.29028472 -0.938553
v 0.09379619 -0.29028472 -0.95233244
v -1.6731676E-07 -0.29028472 -0.9569403
v 0 -0.38268352 -0.9238795
v -0.090556026 -0.38268352 -0.9194308
v -0.18023995 -0.38268352 -0.9061274
v -0.26818806 -0.38268352 -0.8840976
v -0.3535534 -0.38268352 -0.85355335
v -0.4355138 -0.38268352 -0.81478894
v -0.51328 -0.38268352 -0.7681777
v -0.586103 -0.38268352 -0.7141685
v -0.65328145 -0.38268352 -0.65328145
v -0.7141685 -0.38268352 -0.58610296
v -0.76817775 -0.38268352 -0.5132799
v -0.814789 -0.38268352 -0.4355137
v -0.85355335 -0.38268352 -0.35355338
v -0.8840976 -0.38268352 -0.26818803
v -0.90612745 -0.38268352 -0.18023987
v -0.9194308 -0.38268352 -0.09055602
v -0.9238795 -0.38268352 4.0384055E-08
v -0.9194308 -0.38268352 0.0905561
v -0.9061274 -0.38268352 0.18023995
v -0.8840975 -0.38268352 0.26818812
v -0.85355335 -0.38268352 0.35355344
v -0.81478894 -0.38268352 0.43551388
v -0.7681777 -0.38268352 0.5132801
v -0.71416855 -0.38268352 0.58610296
v -0.65328145 -0.38268352 0.65328145
v -0.58610296 -0.38268352 0.71416855
v -0.5132799 -0.38268352 0.76817775
v -0.43551368 -0.38268352 0.81478906
v -0.35355324 -0.38268352 0.8535535
v -0.26818812 -0.38268352 0.8840976
v -0.18023993 -0.38268352 0.90612745
v -0.09055599 -0.38268352 0.9194308
v 8.076811E-08 -0.38268352 0.9238795
v 0.090556145 -0.38268352 0.9194308
v 0.18024011 -0.38268352 0.9061274
v 0.26818824 -0.38268352 0.8840975
v 0.35355338 -0.38268352 0.85355335
v 0.43551382 -0.38268352 0.81478894
v 0.51328003 -0.38268352 0.7681777
v 0.5861031 -0.38268352 0.7141684
v 0.65328157 -0.38268352 0.65328133
v 0.7141685 -0.38268352 0.586103
v 0.76817787 -0.38268352 0.51327974
v 0.814789 -0.38268352 0.43551373
v 0.8535535 -0.38268352 0.3535531
v 0.8840976 -0.38268352 0.26818794
v 0.9061274 -0.38268352 0.18024
v 0.9194308 -0.38268352 0.09055583
v 0.9238795 -0.38268352 -1.10171525E-08
v 0.9194308 -0.38268352 -0.090556294
v 0.9061274 -0.38268352 -0.18024004
v 0.88409746 -0.38268352 -0.2681884
v 0.8535533 -0.38268352 -0.35355353
v 0.814789 -0.38268352 -0.43551376
v 0.7681776 -0.38268352 -0.51328015
v 0.7141685 -0.38268352 -0.586103
v 0.6532812 -0.38268352 -0.6532817
v 0.58610284 -0.38268352 -0.7141686
v 0.51328003 -0.38268352 -0.7681777
v 0.4355136 -0.38268352 -0.81478906
v 0.35355338 -0.38268352 -0.8535534
v 0.2681878 -0.38268352 -0.88409764
v 0.18023987 -0.38268352 -0.90612745
v 0.09055568 -0.38268352 -0.9194308
v -1.6153622E-07 -0.38268352 -0.9238795
v 0 -0.47139683 -0.88192123
v -0.086443394 -0.47139683 -0.8776745
v -0.1720543 -0.47139683 -0.86497533
v -0.2560082 -0.47139683 -0.84394604
v -0.33749667 -0.47139683 -0.81478894
v -0.4157348 -0.47139683 -0.77778506
v -0.4899692 -0.47139683 -0.7332907
v -0.55948496 -0.47139683 -0.6817343
v -0.62361246 -0.47139683 -0.62361246
v -0.6817343 -0.47139683 -0.5594849
v -0.73329073 -0.47139683 -0.48996913
v -0.7777851 -0.47139683 -0.4157347
v -0.81478894 -0.47139683 -0.33749664
v -0.84394604 -0.47139683 -0.25600818
v -0.8649754 -0.47139683 -0.17205422
v -0.8776745 -0.47139683 -0.086443394
v -0.88192123 -0.47139683 3.8550002E-08
v -0.8776745 -0.47139683 0.08644347
v -0.86497533 -0.47139683 0.1720543
v -0.843946 -0.47139683 0.25600827
v -0.81478894 -0.47139683 0.33749673
v -0.77778506 -0.47139683 0.4157349
v -0.7332906 -0.47139683 0.4899693
v -0.6817344 -0.47139683 0.5594849
v -0.62361246 -0.47139683 0.62361246
v -0.5594849 -0.47139683 0.6817344
v -0.48996913 -0.47139683 0.73329073
v -0.41573468 -0.47139683 0.7777852
v -0.33749652 -0.47139683 0.81478906
v -0.25600827 -0.47139683 0.84394604
v -0.17205429 -0.47139683 0.8649754
v -0.08644336 -0.47139683 0.8776745
v 7.7100005E-08 -0.47139683 0.88192123
v 0.086443506 -0.47139683 0.8776745
v 0.17205444 -0.47139683 0.86497533
v 0.2560084 -0.47139683 0.843946
v 0.33749664 -0.47139683 0.81478894
v 0.41573483 -0.47139683 0.77778506
v 0.48996925 -0.47139683 0.7332906
v 0.559485 -0.47139683 0.68173426
v 0.6236126 -0.47139683 0.62361234
v 0.6817343 -0.47139683 0.55948496
v 0.73329085 -0.47139683 0.489969
v 0.7777851 -0.47139683 0.41573474
v 0.8147891 -0.47139683 0.33749637
v 0.84394604 -0.47139683 0.2560081
v 0.86497533 -0.47139683 0.17205435
v 0.8776745 -0.47139683 0.086443216
v 0.88192123 -0.47139683 -1.0516805E-08
v 0.8776745 -0.47139683 -0.086443655
v 0.86497533 -0.47139683 -0.17205438
v 0.8439459 -0.47139683 -0.25600854
v 0.8147889 -0.47139683 -0.3374968
v 0.7777851 -0.47139683 -0.41573477
v 0.7332906 -0.47139683 -0.48996934
v 0.6817343 -0.47139683 -0.55948496
v 0.6236123 -0.47139683 -0.6236127
v 0.5594848 -0.47139683 -0.68173444
v 0.48996925 -0.47139683 -0.7332907
v 0.41573462 -0.47139683 -0.7777852
v 0.33749664 -0.47139683 -0.814789
v 0.25600797 -0.47139683 -0.84394604
v 0.17205422 -0.47139683 -0.8649754
v 0.08644307 -0.47139683 -0.8776746
v -1.5420001E-07 -0.47139683 -0.88192123
v 0 -0.55557036 -0.83146954
v -0.081498265 -0.55557036 -0.8274658
v -0.16221166 -0.55557036 -0.81549305
v -0.24136285 -0.55557036 -0.79566675
v -0.31818962 -0.55557036 -0.7681777
v -0.39195204 -0.55557036 -0.7332906
v -0.46193972 -0.55557036 -0.69134164
v -0.52747875 -0.55557036 -0.64273465
v -0.5879377 -0.55557036 -0.5879377
v -0.64273465 -0.55557036 -0.5274787
v -0.6913417 -0.55557036 -0.4619397
v -0.7332907 -0.55557036 -0.39195195
v -0.7681777 -0.55557036 -0.31818962
v -0.79566675 -0.55557036 -0.24136283
v -0.8154931 -0.55557036 -0.16221158
v -0.8274658 -0.55557036 -0.08149826
v -0.83146954 -0.55557036 3.6344687E-08
v -0.8274658 -0.55557036 0.08149833
v -0.81549305 -0.55557036 0.16221166
v -0.7956667 -0.55557036 0.2413629
v -0.7681777 -0.55557036 0.31818968
v -0.7332906 -0.55557036 0.3919521
v -0.6913416 -0.55557036 0.46193984
v -0.64273465 -0.55557036 0.5274787
v -0.5879377 -0.55557036 0.5879377
v -0.5274787 -0.55557036 0.64273465
v -0.4619397 -0.55557036 0.6913417
v -0.39195192 -0.55557036 0.73329073
v -0.31818947 -0.55557036 0.76817775
v -0.2413629 -0.55557036 0.79566675
v -0.16221164 -0.55557036 0.8154931
v -0.08149823 -0.55557036 0.8274658
v 7.2689375E-08 -0.55557036 0.83146954
v 0.08149837 -0.55557036 0.8274658
v 0.16221179 -0.55557036 0.81549305
v 0.24136303 -0.55557036 0.7956667
v 0.31818962 -0.55557036 0.7681777
v 0.39195207 -0.55557036 0.7332906
v 0.46193978 -0.55557036 0.6913416
v 0.52747875 -0.55557036 0.6427346
v 0.58793783 -0.55557036 0.58793765
v 0.64273465 -0.55557036 0.52747875
v 0.69134176 -0.55557036 0.46193954
v 0.7332907 -0.55557036 0.39195198
v 0.7681778 -0.55557036 0.31818935
v 0.79566675 -0.55557036 0.24136275
v 0.81549305 -0.55557036 0.16221172
v 0.8274658 -0.55557036 0.081498094
v 0.83146954 -0.55557036 -9.915175E-09
v 0.8274658 -0.55557036 -0.08149851
v 0.81549305 -0.55557036 -0.16221173
v 0.79566664 -0.55557036 -0.24136315
v 0.7681776 -0.55557036 -0.31818977
v 0.7332907 -0.55557036 -0.391952
v 0.6913415 -0.55557036 -0.46193987
v 0.64273465 -0.55557036 -0.52747875
v 0.58793753 -0.55557036 -0.58793795
v 0.5274786 -0.55557036 -0.6427347
v 0.46193978 -0.55557036 -0.69134164
v 0.39195186 -0.55557036 -0.73329073
v 0.31818962 -0.55557036 -0.7681777
v 0.24136263 -0.55557036 -0.7956668
v 0.16221158 -0.55557036 -0.8154931
v 0.08149796 -0.55557036 -0.82746583
v -1.4537875E-07 -0.55557036 -0.83146954
v 0 -0.6343933 -0.7730105
v -0.07576828 -0.6343933 -0.76928824
v -0.15080687 -0.6343933 -0.7581573
v -0.22439308 -0.6343933 -0.73972493
v -0.29581833 -0.6343933 -0.71416855
v -0.36439463 -0.6343933 -0.6817344
v -0.42946163 -0.6343933 -0.6427347
v -0.4903927 -0.6343933 -0.59754515
v -0.54660094 -0.6343933 -0.54660094
v -0.59754515 -0.6343933 -0.49039266
v -0.64273477 -0.6343933 -0.42946157
v -0.6817344 -0.6343933 -0.36439455
v -0.71416855 -0.6343933 -0.2958183
v -0.73972493 -0.6343933 -0.22439307
v -0.7581573 -0.6343933 -0.1508068
v -0.76928824 -0.6343933 -0.07576827
v -0.7730105 -0.6343933 3.3789362E-08
v -0.76928824 -0.6343933 0.075768344
v -0.7581573 -0.6343933 0.15080687
v -0.7397249 -0.6343933 0.22439313
v -0.71416855 -0.6343933 0.29581836
v -0.6817344 -0.6343933 0.3643947
v -0.64273465 -0.6343933 0.42946172
v -0.5975452 -0.6343933 0.49039266
v -0.54660094 -0.6343933 0.54660094
v -0.49039266 -0.6343933 0.5975452
v -0.42946157 -0.6343933 0.64273477
v -0.36439455 -0.6343933 0.68173444
v -0.29581818 -0.6343933 0.71416867
v -0.22439313 -0.6343933 0.73972493
v -0.15080686 -0.6343933 0.7581573
v -0.07576825 -0.6343933 0.76928824
v 6.7578725E-08 -0.6343933 0.7730105
v 0.075768374 -0.6343933 0.76928824
v 0.150807 -0.6343933 0.7581573
v 0.22439325 -0.6343933 0.7397249
v 0.2958183 -0.6343933 0.71416855
v 0.36439466 -0.6343933 0.6817344
v 0.4294617 -0.6343933 0.64273465
v 0.49039274 -0.6343933 0.59754515
v 0.54660106 -0.6343933 0.5466009
v 0.59754515 -0.6343933 0.4903927
v 0.6427349 -0.6343933 0.42946145
v 0.6817344 -0.6343933 0.36439458
v 0.71416867 -0.6343933 0.29581806
v 0.73972493 -0.6343933 0.224393
v 0.7581573 -0.6343933 0.15080692
v 0.76928824 -0.6343933 0.07576812
v 0.7730105 -0.6343933 -9.218057E-09
v 0.76928824 -0.6343933 -0.0757685
v 0.7581573 -0.6343933 -0.15080693
v 0.7397248 -0.6343933 -0.22439337
v 0.7141685 -0.6343933 -0.29581845
v 0.6817344 -0.6343933 -0.3643946
v 0.64273465 -0.6343933 -0.42946178
v 0.59754515 -0.6343933 -0.4903927
v 0.54660076 -0.6343933 -0.5466011
v 0.49039257 -0.6343933 -0.59754527
v 0.4294617 -0.6343933 -0.6427347
v 0.36439446 -0.6343933 -0.68173444
v 0.2958183 -0.6343933 -0.7141686
v 0.22439288 -0.6343933 -0.739725
v 0.1508068 -0.6343933 -0.7581573
v 0.075767994 -0.6343933 -0.7692883
v -1.3515745E-07 -0.6343933 -0.7730105
v 0 -0.70710677 -0.70710677
v -0.06930859 -0.70710677 -0.70370185
v -0.13794969 -0.70710677 -0.6935199
v -0.20526224 -0.70710677 -0.676659
v -0.27059805 -0.70710677 -0.65328145
v -0.33332783 -0.70710677 -0.62361246
v -0.39284748 -0.70710677 -0.5879378
v -0.4485838 -0.70710677 -0.54660094
v -0.49999997 -0.70710677 -0.49999997
v -0.54660094 -0.70710677 -0.44858378
v -0.58793783 -0.70710677 -0.39284745
v -0.6236125 -0.70710677 -0.33332777
v -0.65328145 -0.70710677 -0.27059805
v -0.676659 -0.70710677 -0.20526223
v -0.69351995 -0.70710677 -0.13794963
v -0.70370185 -0.70710677 -0.06930858
v -0.70710677 -0.70710677 3.090862E-08
v -0.70370185 -0.70710677 0.06930864
v -0.6935199 -0.70710677 0.13794969
v -0.676659 -0.70710677 0.20526229
v -0.65328145 -0.70710677 0.2705981
v -0.62361246 -0.70710677 0.3333279
v -0.5879377 -0.70710677 0.39284757
v -0.54660094 -0.70710677 0.44858378
v -0.49999997 -0.70710677 0.49999997
v -0.44858378 -0.70710677 0.54660094
v -0.39284745 -0.70710677 0.58793783
v -0.33332774 -0.70710677 0.6236126
v -0.27059793 -0.70710677 0.6532815
v -0.20526229 -0.70710677 0.676659
v -0.13794968 -0.70710677 0.69351995
v -0.06930855 -0.70710677 0.70370185
v 6.181724E-08 -0.70710677 0.70710677
v 0.069308676 -0.70710677 0.70370185
v 0.13794981 -0.70710677 0.6935199
v 0.2052624 -0.70710677 0.676659
v 0.27059805 -0.70710677 0.65328145
v 0.33332786 -0.70710677 0.62361246
v 0.3928475 -0.70710677 0.5879377
v 0.44858387 -0.70710677 0.5466009
v 0.50000006 -0.70710677 0.4999999
v 0.54660094 -0.70710677 0.4485838
v 0.5879379 -0.70710677 0.3928473
v 0.6236125 -0.70710677 0.3333278
v 0.65328157 -0.70710677 0.27059782
v 0.676659 -0.70710677 0.20526217
v 0.6935199 -0.70710677 0.13794973
v 0.70370185 -0.70710677 0.06930844
v 0.70710677 -0.70710677 -8.432163E-09
v 0.70370185 -0.70710677 -0.06930879
v 0.6935199 -0.70710677 -0.13794975
v 0.6766589 -0.70710677 -0.2052625
v 0.6532814 -0.70710677 -0.27059817
v 0.6236125 -0.70710677 -0.3333278
v 0.5879377 -0.70710677 -0.3928476
v 0.54660094 -0.70710677 -0.4485838
v 0.49999982 -0.70710677 -0.5000002
v 0.4485837 -0.70710677 -0.546601
v 0.3928475 -0.70710677 -0.5879378
v 0.33332768 -0.70710677 -0.6236126
v 0.27059805 -0.70710677 -0.6532815
v 0.20526206 -0.70710677 -0.67665905
v 0.13794963 -0.70710677 -0.69351995
v 0.06930832 -0.70710677 -0.7037019
v -1.2363448E-07 -0.70710677 -0.70710677
v 0 -0.7730105 -0.6343933
v -0.062181417 -0.7730105 -0.6313385
v -0.123763986 -0.7730105 -0.6222036
v -0.18415464 -0.7730105 -0.6070765
v -0.2427718 -0.7730105 -0.58610296
v -0.29905093 -0.7730105 -0.5594849
v -0.35245 -0.7730105 -0.5274787
v -0.40245485 -0.7730105 -0.49039263
v -0.44858378 -0.7730105 -0.44858378
v -0.49039263 -0.7730105 -0.40245482
v -0.52747875 -0.7730105 -0.35244998
v -0.55948496 -0.7730105 -0.29905087
v -0.58610296 -0.7730105 -0.24277179
v -0.6070765 -0.7730105 -0.18415461
v -0.6222036 -0.7730105 -0.123763934
v -0.6313385 -0.7730105 -0.06218141
v -0.6343933 -0.7730105 2.7730211E-08
v -0.6313385 -0.7730105 0.06218147
v -0.6222036 -0.7730105 0.123763986
v -0.60707647 -0.7730105 0.18415467
v -0.58610296 -0.7730105 0.24277185
v -0.5594849 -0.7730105 0.299051
v -0.5274787 -0.7730105 0.3524501
v -0.49039266 -0.7730105 0.40245482
v -0.44858378 -0.7730105 0.44858378
v -0.40245482 -0.7730105 0.49039266
v -0.35244998 -0.7730105 0.52747875
v -0.29905084 -0.7730105 0.55948496
v -0.2427717 -0.7730105 0.586103
v -0.18415467 -0.7730105 0.6070765
v -0.12376398 -0.7730105 0.6222036
v -0.062181387 -0.7730105 0.6313385
v 5.5460422E-08 -0.7730105 0.6343933
v 0.062181495 -0.7730105 0.6313385
v 0.12376409 -0.7730105 0.6222036
v 0.18415476 -0.7730105 0.60707647
v 0.24277179 -0.7730105 0.58610296
v 0.29905096 -0.7730105 0.5594849
v 0.35245007 -0.7730105 0.5274787
v 0.4024549 -0.7730105 0.4903926
v 0.44858384 -0.7730105 0.4485837
v 0.49039263 -0.7730105 0.40245485
v 0.5274788 -0.7730105 0.35244986
v 0.55948496 -0.7730105 0.2990509
v 0.5861031 -0.7730105 0.2427716
v 0.6070765 -0.7730105 0.18415456
v 0.6222036 -0.7730105 0.12376403
v 0.6313385 -0.7730105 0.062181283
v 0.6343933 -0.7730105 -7.565064E-09
v 0.6313385 -0.7730105 -0.0621816
v 0.6222036 -0.7730105 -0.123764046
v 0.60707647 -0.7730105 -0.18415487
v 0.5861029 -0.7730105 -0.24277191
v 0.55948496 -0.7730105 -0.2990509
v 0.52747864 -0.7730105 -0.35245013
v 0.49039263 -0.7730105 -0.40245485
v 0.44858363 -0.7730105 -0.44858393
v 0.40245476 -0.7730105 -0.49039268
v 0.35245007 -0.7730105 -0.5274787
v 0.29905078 -0.7730105 -0.55948496
v 0.24277179 -0.7730105 -0.58610296
v 0.18415447 -0.7730105 -0.6070766
v 0.123763934 -0.7730105 -0.6222036
v 0.06218118 -0.7730105 -0.63133854
v -1.10920844E-07 -0.7730105 -0.6343933
v 0 -0.83146966 -0.5555702
v -0.0544554 -0.83146966 -0.55289495
v -0.10838637 -0.83146966 -0.54489505
v -0.16127351 -0.83146966 -0.5316475
v -0.21260752 -0.83146966 -0.5132799
v -0.261894 -0.83146966 -0.48996913
v -0.30865827 -0.83146966 -0.46193972
v -0.35245 -0.83146966 -0.42946154
v -0.39284745 -0.83146966 -0.39284745
v -0.42946154 -0.83146966 -0.35244998
v -0.46193975 -0.83146966 -0.30865824
v -0.48996916 -0.83146966 -0.26189393
v -0.5132799 -0.83146966 -0.2126075
v -0.5316475 -0.83146966 -0.1612735
v -0.54489505 -0.83146966 -0.108386315
v -0.55289495 -0.83146966 -0.054455396
v -0.5555702 -0.83146966 2.4284745E-08
v -0.55289495 -0.83146966 0.054455448
v -0.54489505 -0.83146966 0.10838637
v -0.5316475 -0.83146966 0.16127354
v -0.5132799 -0.83146966 0.21260755
v -0.48996913 -0.83146966 0.26189402
v -0.4619397 -0.83146966 0.30865833
v -0.42946157 -0.83146966 0.35244998
v -0.39284745 -0.83146966 0.39284745
v -0.35244998 -0.83146966 0.42946157
v -0.30865824 -0.83146966 0.46193975
v -0.2618939 -0.83146966 0.4899692
v -0.21260741 -0.83146966 0.51328
v -0.16127354 -0.83146966 0.5316475
v -0.10838636 -0.83146966 0.54489505
v -0.054455377 -0.83146966 0.55289495
v 4.856949E-08 -0.83146966 0.5555702
v 0.05445547 -0.83146966 0.55289495
v 0.10838646 -0.83146966 0.54489505
v 0.16127361 -0.83146966 0.5316475
v 0.2126075 -0.83146966 0.5132799
v 0.261894 -0.83146966 0.48996913
v 0.3086583 -0.83146966 0.4619397
v 0.35245004 -0.83146966 0.4294615
v 0.3928475 -0.83146966 0.39284736
v 0.42946154 -0.83146966 0.35245
v 0.4619398 -0.83146966 0.30865812
v 0.48996916 -0.83146966 0.26189396
v 0.51328003 -0.83146966 0.21260734
v 0.5316475 -0.83146966 0.16127343
v 0.54489505 -0.83146966 0.1083864
v 0.55289495 -0.83146966 0.054455284
v 0.5555702 -0.83146966 -6.625108E-09
v 0.55289495 -0.83146966 -0.054455563
v 0.54489505 -0.83146966 -0.10838642
v 0.53164744 -0.83146966 -0.1612737
v 0.51327986 -0.83146966 -0.2126076
v 0.48996916 -0.83146966 -0.26189396
v 0.46193966 -0.83146966 -0.30865836
v 0.42946154 -0.83146966 -0.35245
v 0.3928473 -0.83146966 -0.39284757
v 0.35244992 -0.83146966 -0.42946163
v 0.3086583 -0.83146966 -0.46193972
v 0.26189387 -0.83146966 -0.4899692
v 0.2126075 -0.83146966 -0.5132799
v 0.16127336 -0.83146966 -0.53164756
v 0.108386315 -0.83146966 -0.54489505
v 0.054455195 -0.83146966 -0.552895
v -9.713898E-08 -0.83146966 -0.5555702
v 0 -0.88192135 -0.47139663
v -0.04620495 -0.88192135 -0.46912673
v -0.09196492 -0.88192135 -0.46233886
v -0.13683921 -0.88192135 -0.45109844
v -0.1803957 -0.88192135 -0.43551368
v -0.22221483 -0.88192135 -0.41573468
v -0.26189393 -0.88192135 -0.39195195
v -0.29905087 -0.88192135 -0.36439452
v -0.33332774 -0.88192135 -0.33332774
v -0.36439452 -0.88192135 -0.29905084
v -0.39195198 -0.88192135 -0.2618939
v -0.4157347 -0.88192135 -0.22221479
v -0.43551368 -0.88192135 -0.18039568
v -0.45109844 -0.88192135 -0.1368392
v -0.4623389 -0.88192135 -0.09196488
v -0.46912673 -0.88192135 -0.046204947
v -0.47139663 -0.88192135 2.06054E-08
v -0.46912673 -0.88192135 0.046204988
v -0.46233886 -0.88192135 0.09196492
v -0.4510984 -0.88192135 0.13683924
v -0.43551368 -0.88192135 0.18039572
v -0.41573468 -0.88192135 0.22221488
v -0.39195192 -0.88192135 0.261894
v -0.36439455 -0.88192135 0.29905084
v -0.33332774 -0.88192135 0.33332774
v -0.29905084 -0.88192135 0.36439455
v -0.2618939 -0.88192135 0.39195198
v -0.22221477 -0.88192135 0.41573474
v -0.1803956 -0.88192135 0.43551373
v -0.13683924 -0.88192135 0.45109844
v -0.091964915 -0.88192135 0.4623389
v -0.04620493 -0.88192135 0.46912673
v 4.12108E-08 -0.88192135 0.47139663
v 0.04620501 -0.88192135 0.46912673
v 0.091965 -0.88192135 0.46233886
v 0.13683932 -0.88192135 0.4510984
v 0.18039568 -0.88192135 0.43551368
v 0.22221485 -0.88192135 0.41573468
v 0.26189396 -0.88192135 0.39195192
v 0.2990509 -0.88192135 0.3643945
v 0.3333278 -0.88192135 0.33332768
v 0.36439452 -0.88192135 0.29905087
v 0.39195204 -0.88192135 0.26189384
v 0.4157347 -0.88192135 0.2222148
v 0.43551376 -0.88192135 0.18039553
v 0.45109844 -0.88192135 0.13683915
v 0.46233886 -0.88192135 0.091964945
v 0.46912673 -0.88192135 0.04620485
v 0.47139663 -0.88192135 -5.6213483E-09
v 0.46912673 -0.88192135 -0.046205085
v 0.46233886 -0.88192135 -0.09196496
v 0.45109838 -0.88192135 -0.13683937
v 0.43551365 -0.88192135 -0.18039577
v 0.4157347 -0.88192135 -0.22221482
v 0.39195192 -0.88192135 -0.26189402
v 0.36439452 -0.88192135 -0.29905087
v 0.33332762 -0.88192135 -0.33332786
v 0.29905078 -0.88192135 -0.36439458
v 0.26189396 -0.88192135 -0.39195195
v 0.22221473 -0.88192135 -0.41573474
v 0.18039568 -0.88192135 -0.4355137
v 0.13683908 -0.88192135 -0.45109847
v 0.09196488 -0.88192135 -0.4623389
v 0.046204776 -0.88192135 -0.46912676
v -8.24216E-08 -0.88192135 -0.47139663
v 0 -0.9238796 -0.38268328
v -0.03750952 -0.9238796 -0.38084054
v -0.074657805 -0.9238796 -0.37533012
v -0.111087084 -0.9238796 -0.36620507
v -0.14644656 -0.9238796 -0.35355324
v -0.18039565 -0.9238796 -0.33749652
v -0.21260744 -0.9238796 -0.3181895
v -0.24277171 -0.9238796 -0.29581818
v -0.27059793 -0.9238796 -0.27059793
v -0.29581818 -0.9238796 -0.2427717
v -0.31818953 -0.9238796 -0.21260741
v -0.33749652 -0.9238796 -0.18039562
v -0.35355324 -0.9238796 -0.14644654
v -0.36620507 -0.9238796 -0.11108708
v -0.37533015 -0.9238796 -0.07465777
v -0.38084054 -0.9238796 -0.03750952
v -0.38268328 -0.9238796 1.6727617E-08
v -0.38084054 -0.9238796 0.037509553
v -0.37533012 -0.9238796 0.074657805
v -0.36620504 -0.9238796 0.111087106
v -0.35355324 -0.9238796 0.14644659
v -0.33749652 -0.9238796 0.18039568
v -0.31818947 -0.9238796 0.21260749
v -0.29581818 -0.9238796 0.2427717
v -0.27059793 -0.9238796 0.27059793
v -0.2427717 -0.9238796 0.29581818
v -0.21260741 -0.9238796 0.31818953
v -0.1803956 -0.9238796 0.33749655
v -0.1464465 -0.9238796 0.3535533
v -0.111087106 -0.9238796 0.36620507
v -0.0746578 -0.9238796 0.37533015
v -0.037509505 -0.9238796 0.38084054
v 3.3455233E-08 -0.9238796 0.38268328
v 0.037509568 -0.9238796 0.38084054
v 0.074657865 -0.9238796 0.37533012
v 0.111087166 -0.9238796 0.36620504
v 0.14644654 -0.9238796 0.35355324
v 0.18039566 -0.9238796 0.33749652
v 0.21260746 -0.9238796 0.31818947
v 0.24277174 -0.9238796 0.29581815
v 0.270598 -0.9238796 0.2705979
v 0.29581818 -0.9238796 0.24277171
v 0.3181896 -0.9238796 0.21260735
v 0.33749652 -0.9238796 0.18039563
v 0.3535533 -0.9238796 0.14644644
v 0.36620507 -0.9238796 0.11108704
v 0.37533012 -0.9238796 0.07465783
v 0.38084054 -0.9238796 0.03750944
v 0.38268328 -0.9238796 -4.5634523E-09
v 0.38084054 -0.9238796 -0.03750963
v 0.37533012 -0.9238796 -0.074657835
v 0.36620504 -0.9238796 -0.111087225
v 0.3535532 -0.9238796 -0.14644662
v 0.33749652 -0.9238796 -0.18039563
v 0.31818947 -0.9238796 -0.2126075
v 0.29581818 -0.9238796 -0.24277171
v 0.27059785 -0.9238796 -0.27059802
v 0.24277166 -0.9238796 -0.2958182
v 0.21260746 -0.9238796 -0.3181895
v 0.18039557 -0.9238796 -0.33749655
v 0.14644654 -0.9238796 -0.35355327
v 0.11108699 -0.9238796 -0.3662051
v 0.07465777 -0.9238796 -0.37533015
v 0.037509378 -0.9238796 -0.38084057
v -6.691047E-08 -0.9238796 -0.38268328
v 0 -0.95694035 -0.29028472
v -0.028452879 -0.95694035 -0.28888693
v -0.05663174 -0.95694035 -0.28470698
v -0.0842652 -0.95694035 -0.27778515
v -0.11108716 -0.95694035 -0.26818812
v -0.13683927 -0.95694035 -0.25600827
v -0.16127355 -0.95694035 -0.24136291
v -0.18415469 -0.95694035 -0.22439311
v -0.20526229 -0.95694035 -0.20526229
v -0.22439311 -0.95694035 -0.18415467
v -0.24136294 -0.95694035 -0.16127354
v -0.25600827 -0.95694035 -0.13683924
v -0.26818812 -0.95694035 -0.11108715
v -0.27778515 -0.95694035 -0.084265195
v -0.28470698 -0.95694035 -0.056631714
v -0.28888693 -0.95694035 -0.028452877
v -0.29028472 -0.95694035 1.2688748E-08
v -0.28888693 -0.95694035 0.028452903
v -0.28470698 -0.95694035 0.05663174
v -0.27778515 -0.95694035 0.08426522
v -0.26818812 -0.95694035 0.11108718
v -0.25600827 -0.95694035 0.1368393
v -0.2413629 -0.95694035 0.16127358
v -0.22439313 -0.95694035 0.18415467
v -0.20526229 -0.95694035 0.20526229
v -0.18415467 -0.95694035 0.22439313
v -0.16127354 -0.95694035 0.24136294
v -0.13683924 -0.95694035 0.2560083
v -0.111087106 -0.95694035 0.26818815
v -0.08426522 -0.95694035 0.27778515
v -0.056631736 -0.95694035 0.28470698
v -0.028452866 -0.95694035 0.28888693
v 2.5377496E-08 -0.95694035 0.29028472
v 0.028452916 -0.95694035 0.28888693
v 0.05663179 -0.95694035 0.28470698
v 0.08426526 -0.95694035 0.27778515
v 0.11108715 -0.95694035 0.26818812
v 0.13683929 -0.95694035 0.25600827
v 0.16127357 -0.95694035 0.2413629
v 0.1841547 -0.95694035 0.2243931
v 0.20526233 -0.95694035 0.20526226
v 0.22439311 -0.95694035 0.18415469
v 0.24136297 -0.95694035 0.16127348
v 0.25600827 -0.95694035 0.13683926
v 0.26818815 -0.95694035 0.11108707
v 0.27778515 -0.95694035 0.084265165
v 0.28470698 -0.95694035 0.05663176
v 0.28888693 -0.95694035 0.028452817
v 0.29028472 -0.95694035 -3.4616108E-09
v 0.28888693 -0.95694035 -0.028452963
v 0.28470698 -0.95694035 -0.056631766
v 0.27778512 -0.95694035 -0.08426531
v 0.2681881 -0.95694035 -0.1110872
v 0.25600827 -0.95694035 -0.13683927
v 0.24136288 -0.95694035 -0.16127361
v 0.22439311 -0.95694035 -0.18415469
v 0.20526223 -0.95694035 -0.20526236
v 0.18415464 -0.95694035 -0.22439316
v 0.16127357 -0.95694035 -0.24136291
v 0.13683921 -0.95694035 -0.2560083
v 0.11108715 -0.95694035 -0.26818812
v 0.08426513 -0.95694035 -0.27778518
v 0.056631714 -0.95694035 -0.28470698
v 0.02845277 -0.95694035 -0.28888693
v -5.075499E-08 -0.95694035 -0.29028472
v 0 -0.9807853 -0.19509031
v -0.019122194 -0.9807853 -0.1941509
v -0.038060233 -0.9807853 -0.1913417
v -0.056631725 -0.9807853 -0.1866898
v -0.074657835 -0.9807853 -0.18023993
v -0.09196494 -0.9807853 -0.17205429
v -0.10838637 -0.9807853 -0.16221166
v -0.12376399 -0.9807853 -0.15080684
v -0.13794968 -0.9807853 -0.13794968
v -0.15080684 -0.9807853 -0.12376398
v -0.16221167 -0.9807853 -0.10838636
v -0.17205429 -0.9807853 -0.091964915
v -0.18023993 -0.9807853 -0.07465783
v -0.1866898 -0.9807853 -0.056631718
v -0.19134171 -0.9807853 -0.038060214
v -0.1941509 -0.9807853 -0.019122193
v -0.19509031 -0.9807853 8.527668E-09
v -0.1941509 -0.9807853 0.019122211
v -0.1913417 -0.9807853 0.038060233
v -0.18668978 -0.9807853 0.056631736
v -0.18023993 -0.9807853 0.07465784
v -0.17205429 -0.9807853 0.09196495
v -0.16221164 -0.9807853 0.1083864
v -0.15080686 -0.9807853 0.12376398
v -0.13794968 -0.9807853 0.13794968
v -0.12376398 -0.9807853 0.15080686
v -0.10838636 -0.9807853 0.16221167
v -0.091964915 -0.9807853 0.1720543
v -0.0746578 -0.9807853 0.18023996
v -0.056631736 -0.9807853 0.1866898
v -0.03806023 -0.9807853 0.19134171
v -0.019122185 -0.9807853 0.1941509
v 1.7055337E-08 -0.9807853 0.19509031
v 0.019122219 -0.9807853 0.1941509
v 0.038060263 -0.9807853 0.1913417
v 0.056631766 -0.9807853 0.18668978
v 0.07465783 -0.9807853 0.18023993
v 0.091964945 -0.9807853 0.17205429
v 0.10838638 -0.9807853 0.16221164
v 0.123764 -0.9807853 0.15080683
v 0.1379497 -0.9807853 0.13794966
v 0.15080684 -0.9807853 0.12376399
v 0.1622117 -0.9807853 0.10838632
v 0.17205429 -0.9807853 0.09196492
v 0.18023998 -0.9807853 0.07465777
v 0.1866898 -0.9807853 0.056631703
v 0.1913417 -0.9807853 0.038060244
v 0.1941509 -0.9807853 0.019122154
v 0.19509031 -0.9807853 -2.3264286E-09
v 0.1941509 -0.9807853 -0.01912225
v 0.1913417 -0.9807853 -0.038060248
v 0.18668976 -0.9807853 -0.056631796
v 0.18023993 -0.9807853 -0.074657865
v 0.17205429 -0.9807853 -0.09196493
v 0.16221164 -0.9807853 -0.108386405
v 0.15080684 -0.9807853 -0.12376399
v 0.13794963 -0.9807853 -0.13794972
v 0.123763956 -0.9807853 -0.15080687
v 0.10838638 -0.9807853 -0.16221166
v 0.09196489 -0.9807853 -0.1720543
v 0.07465783 -0.9807853 -0.18023995
v 0.056631673 -0.9807853 -0.1866898
v 0.038060214 -0.9807853 -0.19134171
v 0.019122122 -0.9807853 -0.19415091
v -3.4110673E-08 -0.9807853 -0.19509031
v 0 -0.9951847 -0.0980171
v -0.009607356 -0.9951847 -0.09754512
v -0.019122187 -0.9951847 -0.096133724
v -0.02845286 -0.9951847 -0.093796514
v -0.03750952 -0.9951847 -0.09055599
v -0.04620494 -0.9951847 -0.08644336
v -0.05445538 -0.9951847 -0.081498235
v -0.062181395 -0.9951847 -0.07576824
v -0.06930855 -0.9951847 -0.06930855
v -0.07576824 -0.9951847 -0.062181387
v -0.08149824 -0.9951847 -0.054455377
v -0.086443365 -0.9951847 -0.046204932
v -0.09055599 -0.9951847 -0.03750952
v -0.093796514 -0.9951847 -0.028452856
v -0.09613373 -0.9951847 -0.019122178
v -0.09754512 -0.9951847 -0.009607355
v -0.0980171 -0.9951847 4.2844635E-09
v -0.09754512 -0.9951847 0.0096073635
v -0.096133724 -0.9951847 0.019122187
v -0.09379651 -0.9951847 0.028452866
v -0.09055599 -0.9951847 0.037509527
v -0.08644336 -0.9951847 0.04620495
v -0.08149823 -0.9951847 0.054455396
v -0.07576825 -0.9951847 0.062181387
v -0.06930855 -0.9951847 0.06930855
v -0.062181387 -0.9951847 0.07576825
v -0.054455377 -0.9951847 0.08149824
v -0.04620493 -0.9951847 0.08644337
v -0.037509505 -0.9951847 0.090555996
v -0.028452866 -0.9951847 0.093796514
v -0.019122185 -0.9951847 0.09613373
v -0.009607351 -0.9951847 0.09754512
v 8.568927E-09 -0.9951847 0.0980171
v 0.009607368 -0.9951847 0.09754512
v 0.019122204 -0.9951847 0.096133724
v 0.02845288 -0.9951847 0.09379651
v 0.03750952 -0.9951847 0.09055599
v 0.046204943 -0.9951847 0.08644336
v 0.05445539 -0.9951847 0.08149823
v 0.0621814 -0.9951847 0.07576823
v 0.069308564 -0.9951847 0.06930854
v 0.07576824 -0.9951847 0.062181395
v 0.08149825 -0.9951847 0.05445536
v 0.086443365 -0.9951847 0.046204936
v 0.090556 -0.9951847 0.03750949
v 0.093796514 -0.9951847 0.028452849
v 0.096133724 -0.9951847 0.019122193
v 0.09754512 -0.9951847 0.009607336
v 0.0980171 -0.9951847 -1.1688421E-09
v 0.09754512 -0.9951847 -0.009607384
v 0.096133724 -0.9951847 -0.019122196
v 0.09379651 -0.9951847 -0.028452896
v 0.09055598 -0.9951847 -0.037509535
v 0.086443365 -0.9951847 -0.046204936
v 0.08149822 -0.9951847 -0.0544554
v 0.07576824 -0.9951847 -0.062181395
v 0.06930853 -0.9951847 -0.06930858
v 0.062181376 -0.9951847 -0.07576825
v 0.05445539 -0.9951847 -0.081498235
v 0.04620492 -0.9951847 -0.08644337
v 0.03750952 -0.9951847 -0.090555996
v 0.028452834 -0.9951847 -0.09379652
v 0.019122178 -0.9951847 -0.09613373
v 0.009607319 -0.9951847 -0.097545125
v -1.7137854E-08 -0.9951847 -0.0980171
v 0 -1 8.742278E-08
v 8.5689305E-09 -1 8.700181E-08
v 1.7055338E-08 -1 8.574297E-08
v 2.5377492E-08 -1 8.3658385E-08
v 3.345525E-08 -1 8.076811E-08
v 4.121081E-08 -1 7.7100005E-08
v 4.8569493E-08 -1 7.268938E-08
v 5.5460426E-08 -1 6.757872E-08
v 6.181724E-08 -1 6.181724E-08
v 6.757872E-08 -1 5.5460422E-08
v 7.268939E-08 -1 4.856949E-08
v 7.7100005E-08 -1 4.1210804E-08
v 8.076811E-08 -1 3.3455247E-08
v 8.3658385E-08 -1 2.5377489E-08
v 8.5742975E-08 -1 1.705533E-08
v 8.700181E-08 -1 8.56893E-09
v 8.742278E-08 -1 -3.821371E-15
v 8.700181E-08 -1 -8.568938E-09
v 8.574297E-08 -1 -1.7055338E-08
v 8.365838E-08 -1 -2.5377496E-08
v 8.076811E-08 -1 -3.3455255E-08
v 7.7100005E-08 -1 -4.121082E-08
v 7.2689375E-08 -1 -4.8569504E-08
v 6.7578725E-08 -1 -5.5460422E-08
v 6.181724E-08 -1 -6.181724E-08
v 5.5460422E-08 -1 -6.7578725E-08
v 4.856949E-08 -1 -7.268939E-08
v 4.12108E-08 -1 -7.710001E-08
v 3.3455233E-08 -1 -8.0768125E-08
v 2.5377496E-08 -1 -8.3658385E-08
v 1.7055337E-08 -1 -8.5742975E-08
v 8.568927E-09 -1 -8.700181E-08
v -7.642742E-15 -1 -8.742278E-08
v -8.568942E-09 -1 -8.700181E-08
v -1.7055353E-08 -1 -8.574297E-08
v -2.537751E-08 -1 -8.365838E-08
v -3.3455247E-08 -1 -8.076811E-08
v -4.1210814E-08 -1 -7.7100005E-08
v -4.8569497E-08 -1 -7.2689375E-08
v -5.5460433E-08 -1 -6.757871E-08
v -6.1817246E-08 -1 -6.1817225E-08
v -6.757872E-08 -1 -5.5460426E-08
v -7.2689396E-08 -1 -4.8569472E-08
v -7.7100005E-08 -1 -4.1210807E-08
v -8.0768125E-08 -1 -3.3455223E-08
v -8.3658385E-08 -1 -2.5377481E-08
v -8.574297E-08 -1 -1.7055344E-08
v -8.700181E-08 -1 -8.568913E-09
v -8.742278E-08 -1 1.0425061E-15
v -8.700181E-08 -1 8.568956E-09
v -8.574297E-08 -1 1.7055346E-08
v -8.365837E-08 -1 2.5377522E-08
v -8.07681E-08 -1 3.345526E-08
v -7.7100005E-08 -1 4.121081E-08
v -7.268937E-08 -1 4.8569508E-08
v -6.757872E-08 -1 5.5460426E-08
v -6.181722E-08 -1 6.181726E-08
v -5.546041E-08 -1 6.757873E-08
v -4.8569497E-08 -1 7.268938E-08
v -4.1210793E-08 -1 7.710001E-08
v -3.3455247E-08 -1 8.076812E-08
v -2.5377467E-08 -1 8.3658385E-08
v -1.705533E-08 -1 8.5742975E-08
v -8.5688985E-09 -1 8.7001816E-08
v 1.5285484E-14 -1 8.742278E-08
vt 0 0
vt 0.015625 0
vt 0.03125 0
vt 0.046875 0
vt 0.0625 0
vt 0.078125 0
vt 0.09375 0
vt 0.109375 0
vt 0.125 0
vt 0.140625 0
vt 0.15625 0
vt 0.171875 0
vt 0.1875 0
vt 0.203125 0
vt 0.21875 0
vt 0.234375 0
vt 0.25 0
vt 0.265625 0
vt 0.28125 0
vt 0.296875 0
vt 0.3125 0
vt 0.328125 0
vt 0.34375 0
vt 0.359375 0
vt 0.375 0
vt 0.390625 0
vt 0.40625 0
vt 0.421875 0
vt 0.4375 0
vt 0.453125 0
vt 0.46875 0
vt 0.484375 0
vt 0.5 0
vt 0.515625 0
vt 0.53125 0
vt 0.546875 0
vt 0.5625 0
vt 0.578125 0
vt 0.59375 0
vt 0.609375 0
vt 0.625 0
vt 0.640625 0
vt 0.65625 0
vt 0.671875 0
vt 0.6875 0
vt 0.703125 0
vt 0.71875 0
vt 0.734375 0
vt 0.75 0
vt 0.765625 0
vt 0.78125 0
vt 0.796875 0
vt 0.8125 0
vt 0.828125 0
vt 0.84375 0
vt 0.859375 0
vt 0.875 0
vt 0.890625 0
vt 0.90625 0
vt 0.921875 0
vt 0.9375 0
vt 0.953125 0
vt 0.96875 0
vt 0.984375 0
vt 1 0
vt 0 0.03125
vt 0.015625 0.03125
vt 0.03125 0.03125
vt 0.046875 0.03125
vt 0.0625 0.03125
vt 0.078125 0.03125
vt 0.09375 0.03125
vt 0.109375 0.03125
vt 0.125 0.03125
vt 0.140625 0.03125
vt 0.15625 0.03125
vt 0.171875 0.03125
vt 0.1875 0.03125
vt 0.203125 0.03125
vt 0.21875 0.03125
vt 0.234375 0.03125
vt 0.25 0.03125
vt 0.265625 0.03125
vt 0.28125 0.03125
vt 0.296875 0.03125
vt 0.3125 0.03125
vt 0.328125 0.03125
vt 0.34375 0.03125
vt 0.359375 0.03125
vt 0.375 0.03125
vt 0.390625 0.03125
vt 0.40625 0.03125
vt 0.421875 0.03125
vt 0.4375 0.03125
vt 0.453125 0.03125
vt 0.46875 0.03125
vt 0.484375 0.03125
vt 0.5 0.03125
vt 0.515625 0.03125
vt 0.53125 0.03125
vt 0.546875 0.03125
vt 0.5625 0.03125
vt 0.578125 0.03125
vt 0.59375 0.03125
vt 0.609375 0.03125
vt 0.625 0.03125
vt 0.640625 0.03125
vt 0.65625 0.03125
vt 0.671875 0.03125
vt 0.6875 0.03125
vt 0.703125 0.03125
vt 0.71875 0.03125
vt 0.734375 0.03125
vt 0.75 0.03125
vt 0.765625 0.03125
vt 0.78125 0.03125
vt 0.796875 0.03125
vt 0.8125 0.03125
vt 0.828125 0.03125
vt 0.84375 0.03125
vt 0.859375 0.03125
vt 0.875 0.03125
vt 0.890625 0.03125
vt 0.90625 0.03125
vt 0.921875 0.03125
vt 0.9375 0.03125
vt 0.953125 0.03125
vt 0.96875 0.03125
vt 0.984375 0.03125
vt 1 0.03125
vt 0 0.0625
vt 0.015625 0.0625
vt 0.03125 0.0625
vt 0.046875 0.0625
vt 0.0625 0.0625
vt 0.078125 0.0625
vt 0.09375 0.0625
vt 0.109375 0.0625
vt 0.125 0.0625
vt 0.140625 0.0625
vt 0.15625 0.0625
vt 0.171875 0.0625
vt 0.1875 0.0625
vt 0.203125 0.0625
vt 0.21875 0.0625
vt 0.234375 0.0625
vt 0.25 0.0625
vt 0.265625 0.0625
vt 0.28125 0.0625
vt 0.296875 0.0625
vt 0.3125 0.0625
vt 0.328125 0.0625
vt 0.34375 0.0625
vt 0.359375 0.0625
vt 0.375 0.0625
vt 0.390625 0.0625
vt 0.40625 0.0625
vt 0.421875 0.0625
vt 0.4375 0.0625
vt 0.453125 0.0625
vt 0.46875 0.0625
vt 0.484375 0.0625
vt 0.5 0.0625
vt 0.515625 0.0625
vt 0.53125 0.0625
vt 0.546875 0.0625
vt 0.5625 0.0625
vt 0.578125 0.0625
vt 0.59375 0.0625
vt 0.609375 0.0625
vt 0.625 0.0625
vt 0.640625 0.0625
vt 0.65625 0.0625
vt 0.671875 0.0625
vt 0.6875 0.0625
vt 0.703125 0.0625
vt 0.71875 0.0625
vt 0.734375 0.0625
vt 0.75 0.0625
vt 0.765625 0.0625
vt 0.78125 0.0625
vt 0.796875 0.0625
vt 0.8125 0.0625
vt 0.828125 0.0625
vt 0.84375 0.0625
vt 0.859375 0.0625
vt 0.875 0.0625
vt 0.890625 0.0625
vt 0.90625 0.0625
vt 0.921875 0.0625
vt 0.9375 0.0625
vt 0.953125 0.0625
vt 0.96875 0.0625
vt 0.984375 0.0625
vt 1 0.0625
vt 0 0.09375
vt 0.015625 0.09375
vt 0.03125 0.09375
vt 0.046875 0.09375
vt 0.0625 0.09375
vt 0.078125 0.09375
vt 0.09375 0.09375
vt 0.109375 0.09375
vt 0.125 0.09375
vt 0.140625 0.09375
vt 0.15625 0.09375
vt 0.171875 0.09375
vt 0.1875 0.09375
vt 0.203125 0.09375
vt 0.21875 0.09375
vt 0.234375 0.09375
vt 0.25 0.09375
vt 0.265625 0.09375
vt 0.28125 0.09375
vt 0.296875 0.09375
vt 0.3125 0.09375
vt 0.328125 0.09375
vt 0.34375 0.09375
vt 0.359375 0.09375
vt 0.375 0.09375
vt 0.390625 0.09375
vt 0.40625 0.09375
vt 0.421875 0.09375
vt 0.4375 0.09375
vt 0.453125 0.09375
vt 0.46875 0.09375
vt 0.484375 0.09375
vt 0.5 0.09375
vt 0.515625 0.09375
vt 0.53125 0.09375
vt 0.546875 0.09375
vt 0.5625 0.09375
vt 0.578125 0.09375
vt 0.59375 0.09375
vt 0.609375 0.09375
vt 0.625 0.09375
vt 0.640625 0.09375
vt 0.65625 0.09375
vt 0.671875 0.09375
vt 0.6875 0.09375
vt 0.703125 0.09375
vt 0.71875 0.09375
vt 0.734375 0.09375
vt 0.75 0.09375
vt 0.765625 0.09375
vt 0.78125 0.09375
vt 0.796875 0.09375
vt 0.8125 0.09375
vt 0.828125 0.09375
vt 0.84375 0.09375
vt 0.859375 0.09375
vt 0.875 0.09375
vt 0.890625 0.09375
vt 0.90625 0.09375
vt 0.921875 0.09375
vt 0.9375 0.09375
vt 0.953125 0.09375
vt 0.96875 0.09375
vt 0.984375 0.09375
vt 1 0.09375
vt 0 0.125
vt 0.015625 0.125
vt 0.03125 0.125
vt 0.046875 0.125
vt 0.0625 0.125
vt 0.078125 0.125
vt 0.09375 0.125
vt 0.109375 0.125
vt 0.125 0.125
vt 0.140625 0.125
vt 0.15625 0.125
vt 0.171875 0.125
vt 0.1875 0.125
vt 0.203125 0.125
vt 0.21875 0.125
vt 0.234375 0.125
vt 0.25 0.125
vt 0.265625 0.125
vt 0.28125 0.125
vt 0.296875 0.125
vt 0.3125 0.125
vt 0.328125 0.125
vt 0.34375 0.125
vt 0.359375 0.125
vt 0.375 0.125
vt 0.390625 0.125
vt 0.40625 0.125
vt 0.421875 0.125
vt 0.4375 0.125
vt 0.453125 0.125
vt 0.46875 0.125
vt 0.484375 0.125
vt 0.5 0.125
vt 0.515625 0.125
vt 0.53125 0.125
vt 0.546875 0.125
vt 0.5625 0.125
vt 0.578125 0.125
vt 0.59375 0.125
vt 0.609375 0.125
vt 0.625 0.125
vt 0.640625 0.125
vt 0.65625 0.125
vt 0.671875 0.125
vt 0.6875 0.125
vt 0.703125 0.125
vt 0.71875 0.125
vt 0.734375 0.125
vt 0.75 0.125
vt 0.765625 0.125
vt 0.78125 0.125
vt 0.796875 0.125
vt 0.8125 0.125
vt 0.828125 0.125
vt 0.84375 0.125
vt 0.859375 0.125
vt 0.875 0.125
vt 0.890625 0.125
vt 0.90625 0.125
vt 0.921875 0.125
vt 0.9375 0.125
vt 0.953125 0.125
vt 0.96875 0.125
vt 0.984375 0.125
vt 1 0.125
vt 0 0.15625
vt 0.015625 0.15625
vt 0.03125 0.15625
vt 0.046875 0.15625
vt 0.0625 0.15625
vt 0.078125 0.15625
vt 0.09375 0.15625
vt 0.109375 0.15625
vt 0.125 0.15625
vt 0.140625 0.15625
vt 0.15625 0.15625
vt 0.171875 0.15625
vt 0.1875 0.15625
vt 0.203125 0.15625
vt 0.21875 0.15625
vt 0.234375 0.15625
vt 0.25 0.15625
vt 0.265625 0.15625
vt 0.28125 0.15625
vt 0.296875 0.15625
vt 0.3125 0.15625
vt 0.328125 0.15625
vt 0.34375 0.15625
vt 0.359375 0.15625
vt 0.375 0.15625
vt 0.390625 0.15625
vt 0.40625 0.15625
vt 0.421875 0.15625
vt 0.4375 0.15625
vt 0.453125 0.15625
vt 0.46875 0.15625
vt 0.484375 0.15625
vt 0.5 0.15625
vt 0.515625 0.15625
vt 0.53125 0.15625
vt 0.546875 0.15625
vt 0.5625 0.15625
vt 0.578125 0.15625
vt 0.59375 0.15625
vt 0.609375 0.15625
vt 0.625 0.15625
vt 0.640625 0.15625
vt 0.65625 0.15625
vt 0.671875 0.15625
vt 0.6875 0.15625
vt 0.703125 0.15625
vt 0.71875 0.15625
vt 0.734375 0.15625
vt 0.75 0.15625
vt 0.765625 0.15625
vt 0.78125 0.15625
vt 0.796875 0.15625
vt 0.8125 0.15625
vt 0.828125 0.15625
vt 0.84375 0.15625
vt 0.859375 0.15625
vt 0.875 0.15625
vt 0.890625 0.15625
vt 0.90625 0.15625
vt 0.921875 0.15625
vt 0.9375 0.15625
vt 0.953125 0.15625
vt 0.96875 0.15625
vt 0.984375 0.15625
vt 1 0.15625
vt 0 0.1875
vt 0.015625 0.1875
vt 0.03125 0.1875
vt 0.046875 0.1875
vt 0.0625 0.1875
vt 0.078125 0.1875
vt 0.09375 0.1875
vt 0.109375 0.1875
vt 0.125 0.1875
vt 0.140625 0.1875
vt 0.15625 0.1875
vt 0.171875 0.1875
vt 0.1875 0.1875
vt 0.203125 0.1875
vt 0.21875 0.1875
vt 0.234375 0.1875
vt 0.25 0.1875
vt 0.265625 0.1875
vt 0.28125 0.1875
vt 0.296875 0.1875
vt 0.3125 0.1875
vt 0.328125 0.1875
vt 0.34375 0.1875
vt 0.359375 0.1875
vt 0.375 0.1875
vt 0.390625 0.1875
vt 0.40625 0.1875
vt 0.421875 0.1875
vt 0.4375 0.1875
vt 0.453125 0.1875
vt 0.46875 0.1875
vt 0.484375 0.1875
vt 0.5 0.1875
vt 0.515625 0.1875
vt 0.53125 0.1875
vt 0.546875 0.1875
vt 0.5625 0.1875
vt 0.578125 0.1875
vt 0.59375 0.1875
vt 0.609375 0.1875
vt 0.625 0.1875
vt 0.640625 0.1875
vt 0.65625 0.1875
vt 0.671875 0.1875
vt 0.6875 0.1875
vt 0.703125 0.1875
vt 0.71875 0.1875
vt 0.734375 0.1875
vt 0.75 0.1875
vt 0.765625 0.1875
vt 0.78125 0.1875
vt 0.796875 0.1875
vt 0.8125 0.1875
vt 0.828125 0.1875
vt 0.84375 0.1875
vt 0.859375 0.1875
vt 0.875 0.1875
vt 0.890625 0.1875
vt 0.90625 0.1875
vt 0.921875 0.1875
vt 0.9375 0.1875
vt 0.953125 0.1875
vt 0.96875 0.1875
vt 0.984375 0.1875
vt 1 0.1875
vt 0 0.21875
vt 0.015625 0.21875
vt 0.03125 0.21875
vt 0.046875 0.21875
vt 0.0625 0.21875
vt 0.078125 0.21875
vt 0.09375 0.21875
vt 0.109375 0.21875
vt 0.125 0.21875
vt 0.140625 0.21875
vt 0.15625 0.21875
vt 0.171875 0.21875
vt 0.1875 0.21875
vt 0.203125 0.21875
vt 0.21875 0.21875
vt 0.234375 0.21875
vt 0.25 0.21875
vt 0.265625 0.21875
vt 0.28125 0.21875
vt 0.296875 0.21875
vt 0.3125 0.21875
vt 0.328125 0.21875
vt 0.34375 0.21875
vt 0.359375 0.21875
vt 0.375 0.21875
vt 0.390625 0.21875
vt 0.40625 0.21875
vt 0.421875 0.21875
vt 0.4375 0.21875
vt 0.453125 0.21875
vt 0.46875 0.21875
vt 0.484375 0.21875
vt 0.5 0.21875
vt 0.515625 0.21875
vt 0.53125 0.21875
vt 0.546875 0.21875
vt 0.5625 0.21875
vt 0.578125 0.21875
vt 0.59375 0.21875
vt 0.609375 0.21875
vt 0.625 0.21875
vt 0.640625 0.21875
vt 0.65625 0.21875
vt 0.671875 0.21875
vt 0.6875 0.21875
vt 0.703125 0.21875
vt 0.71875 0.21875
vt 0.734375 0.21875
vt 0.75 0.21875
vt 0.765625 0.21875
vt 0.78125 0.21875
vt 0.796875 0.21875
vt 0.8125 0.21875
vt 0.828125 0.21875
vt 0.84375 0.21875
vt 0.859375 0.21875
vt 0.875 0.21875
vt 0.890625 0.21875
vt 0.90625 0.21875
vt 0.921875 0.21875
vt 0.9375 0.21875
vt 0.953125 0.21875
vt 0.96875 0.21875
vt 0.984375 0.21875
vt 1 0.21875
vt 0 0.25
vt 0.015625 0.25
vt 0.03125 0.25
vt 0.046875 0.25
vt 0.0625 0.25
vt 0.078125 0.25
vt 0.09375 0.25
vt 0.109375 0.25
vt 0.125 0.25
vt 0.140625 0.25
vt 0.15625 0.25
vt 0.171875 0.25
vt 0.1875 0.25
vt 0.203125 0.25
vt 0.21875 0.25
vt 0.234375 0.25
vt 0.25 0.25
vt 0.265625 0.25
vt 0.28125 0.25
vt 0.296875 0.25
vt 0.3125 0.25
vt 0.328125 0.25
vt 0.34375 0.25
vt 0.359375 0.25
vt 0.375 0.25
vt 0.390625 0.25
vt 0.40625 0.25
vt 0.421875 0.25
vt 0.4375 0.25
vt 0.453125 0.25
vt 0.46875 0.25
vt 0.484375 0.25
vt 0.5 0.25
vt 0.515625 0.25
vt 0.53125 0.25
vt 0.546875 0.25
vt 0.5625 0.25
vt 0.578125 0.25
vt 0.59375 0.25
vt 0.609375 0.25
vt 0.625 0.25
vt 0.640625 0.25
vt 0.65625 0.25
vt 0.671875 0.25
vt 0.6875 0.25
vt 0.703125 0.25
vt 0.71875 0.25
vt 0.734375 0.25
vt 0.75 0.25
vt 0.765625 0.25
vt 0.78125 0.25
vt 0.796875 0.25
vt 0.8125 0.25
vt 0.828125 0.25
vt 0.84375 0.25
vt 0.859375 0.25
vt 0.875 0.25
vt 0.890625 0.25
vt 0.90625 0.25
vt 0.921875 0.25
vt 0.9375 0.25
vt 0.953125 0.25
vt 0.96875 0.25
vt 0.984375 0.25
vt 1 0.25
vt 0 0.28125
vt 0.015625 0.28125
vt 0.03125 0.28125
vt 0.046875 0.28125
vt 0.0625 0.28125
vt 0.078125 0.28125
vt 0.09375 0.28125
vt 0.109375 0.28125
vt 0.125 0.28125
vt 0.140625 0.28125
vt 0.15625 0.28125
vt 0.171875 0.28125
vt 0.1875 0.28125
vt 0.203125 0.28125
vt 0.21875 0.28125
vt 0.234375 0.28125
vt 0.25 0.28125
vt 0.265625 0.28125
vt 0.28125 0.28125
vt 0.296875 0.28125
vt 0.3125 0.28125
vt 0.328125 0.28125
vt 0.34375 0.28125
vt 0.359375 0.28125
vt 0.375 0.28125
vt 0.390625 0.28125
vt 0.40625 0.28125
vt 0.421875 0.28125
vt 0.4375 0.28125
vt 0.453125 0.28125
vt 0.46875 0.28125
vt 0.484375 0.28125
vt 0.5 0.28125
vt 0.515625 0.28125
vt 0.53125 0.28125
vt 0.546875 0.28125
vt 0.5625 0.28125
vt 0.578125 0.28125
vt 0.59375 0.28125
vt 0.609375 0.28125
vt 0.625 0.28125
vt 0.640625 0.28125
vt 0.65625 0.28125
vt 0.671875 0.28125
vt 0.6875 0.28125
vt 0.703125 0.28125
vt 0.71875 0.28125
vt 0.734375 0.28125
vt 0.75 0.28125
vt 0.765625 0.28125
vt 0.78125 0.28125
vt 0.796875 0.28125
vt 0.8125 0.28125
vt 0.828125 0.28125
vt 0.84375 0.28125
vt 0.859375 0.28125
vt 0.875 0.28125
vt 0.890625 0.28125
vt 0.90625 0.28125
vt 0.921875 0.28125
vt 0.9375 0.28125
vt 0.953125 0.28125
vt 0.96875 0.28125
vt 0.984375 0.28125
vt 1 0.28125
vt 0 0.3125
vt 0.015625 0.3125
vt 0.03125 0.3125
vt 0.046875 0.3125
vt 0.0625 0.3125
vt 0.078125 0.3125
vt 0.09375 0.3125
vt 0.109375 0.3125
vt 0.125 0.3125
vt 0.140625 0.3125
vt 0.15625 0.3125
vt 0.171875 0.3125
vt 0.1875 0.3125
vt 0.203125 0.3125
vt 0.21875 0.3125
vt 0.234375 0.3125
vt 0.25 0.3125
vt 0.265625 0.3125
vt 0.28125 0.3125
vt 0.296875 0.3125
vt 0.3125 0.3125
vt 0.328125 0.3125
vt 0.34375 0.3125
vt 0.359375 0.3125
vt 0.375 0.3125
vt 0.390625 0.3125
vt 0.40625 0.3125
vt 0.421875 0.3125
vt 0.4375 0.3125
vt 0.453125 0.3125
vt 0.46875 0.3125
vt 0.484375 0.3125
vt 0.5 0.3125
vt 0.515625 0.3125
vt 0.53125 0.3125
vt 0.546875 0.3125
vt 0.5625 0.3125
vt 0.578125 0.3125
vt 0.59375 0.3125
vt 0.609375 0.3125
vt 0.625 0.3125
vt 0.640625 0.3125
vt 0.65625 0.3125
vt 0.671875 0.3125
vt 0.6875 0.3125
vt 0.703125 0.3125
vt 0.71875 0.3125
vt 0.734375 0.3125
vt 0.75 0.3125
vt 0.765625 0.3125
vt 0.78125 0.3125
vt 0.796875 0.3125
vt 0.8125 0.3125
vt 0.828125 0.3125
vt 0.84375 0.3125
vt 0.859375 0.3125
vt 0.875 0.3125
vt 0.890625 0.3125
vt 0.90625 0.3125
vt 0.921875 0.3125
vt 0.9375 0.3125
vt 0.953125 0.3125
vt 0.96875 0.3125
vt 0.984375 0.3125
vt 1 0.3125
vt 0 0.34375
vt 0.015625 0.34375
vt 0.03125 0.34375
vt 0.046875 0.34375
vt 0.0625 0.34375
vt 0.078125 0.34375
vt 0.09375 0.34375
vt 0.109375 0.34375
vt 0.125 0.34375
vt 0.140625 0.34375
vt 0.15625 0.34375
vt 0.171875 0.34375
vt 0.1875 0.34375
vt 0.203125 0.34375
vt 0.21875 0.34375
vt 0.234375 0.34375
vt 0.25 0.34375
vt 0.265625 0.34375
vt 0.28125 0.34375
vt 0.296875 0.34375
vt 0.3125 0.34375
vt 0.328125 0.34375
vt 0.34375 0.34375
vt 0.359375 0.34375
vt 0.375 0.34375
vt 0.390625 0.34375
vt 0.40625 0.34375
vt 0.421875 0.34375
vt 0.4375 0.34375
vt 0.453125 0.34375
vt 0.46875 0.34375
vt 0.484375 0.34375
vt 0.5 0.34375
vt 0.515625 0.34375
vt 0.53125 0.34375
vt 0.546875 0.34375
vt 0.5625 0.34375
vt 0.578125 0.34375
vt 0.59375 0.34375
vt 0.609375 0.34375
vt 0.625 0.34375
vt 0.640625 0.34375
vt 0.65625 0.34375
vt 0.671875 0.34375
vt 0.6875 0.34375
vt 0.703125 0.34375
vt 0.71875 0.34375
vt 0.734375 0.34375
vt 0.75 0.34375
vt 0.765625 0.34375
vt 0.78125 0.34375
vt 0.796875 0.34375
vt 0.8125 0.34375
vt 0.828125 0.34375
vt 0.84375 0.34375
vt 0.859375 0.34375
vt 0.875 0.34375
vt 0.890625 0.34375
vt 0.90625 0.34375
vt 0.921875 0.34375
vt 0.9375 0.34375
vt 0.953125 0.34375
vt 0.96875 0.34375
vt 0.984375 0.34375
vt 1 0.34375
vt 0 0.375
vt 0.015625 0.375
vt 0.03125 0.375
vt 0.046875 0.375
vt 0.0625 0.375
vt 0.078125 0.375
vt 0.09375 0.375
vt 0.109375 0.375
vt 0.125 0.375
vt 0.140625 0.375
vt 0.15625 0.375
vt 0.171875 0.375
vt 0.1875 0.375
vt 0.203125 0.375
vt 0.21875 0.375
vt 0.234375 0.375
vt 0.25 0.375
vt 0.265625 0.375
vt 0.28125 0.375
vt 0.296875 0.375
vt 0.3125 0.375
vt 0.328125 0.375
vt 0.34375 0.375
vt 0.359375 0.375
vt 0.375 0.375
vt 0.390625 0.375
vt 0.40625 0.375
vt 0.421875 0.375
vt 0.4375 0.375
vt 0.453125 0.375
vt 0.46875 0.375
vt 0.484375 0.375
vt 0.5 0.375
vt 0.515625 0.375
vt 0.53125 0.375
vt 0.546875 0.375
vt 0.5625 0.375
vt 0.578125 0.375
vt 0.59375 0.375
vt 0.609375 0.375
vt 0.625 0.375
vt 0.640625 0.375
vt 0.65625 0.375
vt 0.671875 0.375
vt 0.6875 0.375
vt 0.703125 0.375
vt 0.71875 0.375
vt 0.734375 0.375
vt 0.75 0.375
vt 0.765625 0.375
vt 0.78125 0.375
vt 0.796875 0.375
vt 0.8125 0.375
vt 0.828125 0.375
vt 0.84375 0.375
vt 0.859375 0.375
vt 0.875 0.375
vt 0.890625 0.375
vt 0.90625 0.375
vt 0.921875 0.375
vt 0.9375 0.375
vt 0.953125 0.375
vt 0.96875 0.375
vt 0.984375 0.375
vt 1 0.375
vt 0 0.40625
vt 0.015625 0.40625
vt 0.03125 0.40625
vt 0.046875 0.40625
vt 0.0625 0.40625
vt 0.078125 0.40625
vt 0.09375 0.40625
vt 0.109375 0.40625
vt 0.125 0.40625
vt 0.140625 0.40625
vt 0.15625 0.40625
vt 0.171875 0.40625
vt 0.1875 0.40625
vt 0.203125 0.40625
vt 0.21875 0.40625
vt 0.234375 0.40625
vt 0.25 0.40625
vt 0.265625 0.40625
vt 0.28125 0.40625
vt 0.296875 0.40625
vt 0.3125 0.40625
vt 0.328125 0.40625
vt 0.34375 0.40625
vt 0.359375 0.40625
vt 0.375 0.40625
vt 0.390625 0.40625
vt 0.40625 0.40625
vt 0.421875 0.40625
vt 0.4375 0.40625
vt 0.453125 0.40625
vt 0.46875 0.40625
vt 0.484375 0.40625
vt 0.5 0.40625
vt 0.515625 0.40625
vt 0.53125 0.40625
vt 0.546875 0.40625
vt 0.5625 0.40625
vt 0.578125 0.40625
vt 0.59375 0.40625
vt 0.609375 0.40625
vt 0.625 0.40625
vt 0.640625 0.40625
vt 0.65625 0.40625
vt 0.671875 0.40625
vt 0.6875 0.40625
vt 0.703125 0.40625
vt 0.71875 0.40625
vt 0.734375 0.40625
vt 0.75 0.40625
vt 0.765625 0.40625
vt 0.78125 0.40625
vt 0.796875 0.40625
vt 0.8125 0.40625
vt 0.828125 0.40625
vt 0.84375 0.40625
vt 0.859375 0.40625
vt 0.875 0.40625
vt 0.890625 0.40625
vt 0.90625 0.40625
vt 0.921875 0.40625
vt 0.9375 0.40625
vt 0.953125 0.40625
vt 0.96875 0.40625
vt 0.984375 0.40625
vt 1 0.40625
vt 0 0.4375
vt 0.015625 0.4375
vt 0.03125 0.4375
vt 0.046875 0.4375
vt 0.0625 0.4375
vt 0.078125 0.4375
vt 0.09375 0.4375
vt 0.109375 0.4375
vt 0.125 0.4375
vt 0.140625 0.4375
vt 0.15625 0.4375
vt 0.171875 0.4375
vt 0.1875 0.4375
vt 0.203125 0.4375
vt 0.21875 0.4375
vt 0.234375 0.4375
vt 0.25 0.4375
vt 0.265625 0.4375
vt 0.28125 0.4375
vt 0.296875 0.4375
vt 0.3125 0.4375
vt 0.328125 0.4375
vt 0.34375 0.4375
vt 0.359375 0.4375
vt 0.375 0.4375
vt 0.390625 0.4375
vt 0.40625 0.4375
vt 0.421875 0.4375
vt 0.4375 0.4375
vt 0.453125 0.4375
vt 0.46875 0.4375
vt 0.484375 0.4375
vt 0.5 0.4375
vt 0.515625 0.4375
vt 0.53125 0.4375
vt 0.546875 0.4375
vt 0.5625 0.4375
vt 0.578125 0.4375
vt 0.59375 0.4375
vt 0.609375 0.4375
vt 0.625 0.4375
vt 0.640625 0.4375
vt 0.65625 0.4375
vt 0.671875 0.4375
vt 0.6875 0.4375
vt 0.703125 0.4375
vt 0.71875 0.4375
vt 0.734375 0.4375
vt 0.75 0.4375
vt 0.765625 0.4375
vt 0.78125 0.4375
vt 0.796875 0.4375
vt 0.8125 0.4375
vt 0.828125 0.4375
vt 0.84375 0.4375
vt 0.859375 0.4375
vt 0.875 0.4375
vt 0.890625 0.4375
vt 0.90625 0.4375
vt 0.921875 0.4375
vt 0.9375 0.4375
vt 0.953125 0.4375
vt 0.96875 0.4375
vt 0.984375 0.4375
vt 1 0.4375
vt 0 0.46875
vt 0.015625 0.46875
vt 0.03125 0.46875
vt 0.046875 0.46875
vt 0.0625 0.46875
vt 0.078125 0.46875
vt 0.09375 0.46875
vt 0.109375 0.46875
vt 0.125 0.46875
vt 0.140625 0.46875
vt 0.15625 0.46875
vt 0.171875 0.46875
vt 0.1875 0.46875
vt 0.203125 0.46875
vt 0.21875 0.46875
vt 0.234375 0.46875
vt 0.25 0.46875
vt 0.265625 0.46875
vt 0.28125 0.46875
vt 0.296875 0.46875
vt 0.3125 0.46875
vt 0.328125 0.46875
vt 0.34375 0.46875
vt 0.359375 0.46875
vt 0.375 0.46875
vt 0.390625 0.46875
vt 0.40625 0.46875
vt 0.421875 0.46875
vt 0.4375 0.46875
vt 0.453125 0.46875
vt 0.46875 0.46875
vt 0.484375 0.46875
vt 0.5 0.46875
vt 0.515625 0.46875
vt 0.53125 0.46875
vt 0.546875 0.46875
vt 0.5625 0.46875
vt 0.578125 0.46875
vt 0.59375 0.46875
vt 0.609375 0.46875
vt 0.625 0.46875
vt 0.640625 0.46875
vt 0.65625 0.46875
vt 0.671875 0.46875
vt 0.6875 0.46875
vt 0.703125 0.46875
vt 0.71875 0.46875
vt 0.734375 0.46875
vt 0.75 0.46875
vt 0.765625 0.46875
vt 0.78125 0.46875
vt 0.796875 0.46875
vt 0.8125 0.46875
vt 0.828125 0.46875
vt 0.84375 0.46875
vt 0.859375 0.46875
vt 0.875 0.46875
vt 0.890625 0.46875
vt 0.90625 0.46875
vt 0.921875 0.46875
vt 0.9375 0.46875
vt 0.953125 0.46875
vt 0.96875 0.46875
vt 0.984375 0.46875
vt 1 0.46875
vt 0 0.5
vt 0.015625 0.5
vt 0.03125 0.5
vt 0.046875 0.5
vt 0.0625 0.5
vt 0.078125 0.5
vt 0.09375 0.5
vt 0.109375 0.5
vt 0.125 0.5
vt 0.140625 0.5
vt 0.15625 0.5
vt 0.171875 0.5
vt 0.1875 0.5
vt 0.203125 0.5
vt 0.21875 0.5
vt 0.234375 0.5
vt 0.25 0.5
vt 0.265625 0.5
vt 0.28125 0.5
vt 0.296875 0.5
vt 0.3125 0.5
vt 0.328125 0.5
vt 0.34375 0.5
vt 0.359375 0.5
vt 0.375 0.5
vt 0.390625 0.5
vt 0.40625 0.5
vt 0.421875 0.5
vt 0.4375 0.5
vt 0.453125 0.5
vt 0.46875 0.5
vt 0.484375 0.5
vt 0.5 0.5
vt 0.515625 0.5
vt 0.53125 0.5
vt 0.546875 0.5
vt 0.5625 0.5
vt 0.578125 0.5
vt 0.59375 0.5
vt 0.609375 0.5
vt 0.625 0.5
vt 0.640625 0.5
vt 0.65625 0.5
vt 0.671875 0.5
vt 0.6875 0.5
vt 0.703125 0.5
vt 0.71875 0.5
vt 0.734375 0.5
vt 0.75 0.5
vt 0.765625 0.5
vt 0.78125 0.5
vt 0.796875 0.5
vt 0.8125 0.5
vt 0.828125 0.5
vt 0.84375 0.5
vt 0.859375 0.5
vt 0.875 0.5
vt 0.890625 0.5
vt 0.90625 0.5
vt 0.921875 0.5
vt 0.9375 0.5
vt 0.953125 0.5
vt 0.96875 0.5
vt 0.984375 0.5
vt 1 0.5
vt 0 0.53125
vt 0.015625 0.53125
vt 0.03125 0.53125
vt 0.046875 0.53125
vt 0.0625 0.53125
vt 0.078125 0.53125
vt 0.09375 0.53125
vt 0.109375 0.53125
vt 0.125 0.53125
vt 0.140625 0.53125
vt 0.15625 0.53125
vt 0.171875 0.53125
vt 0.1875 0.53125
vt 0.203125 0.53125
vt 0.21875 0.53125
vt 0.234375 0.53125
vt 0.25 0.53125
vt 0.265625 0.53125
vt 0.28125 0.53125
vt 0.296875 0.53125
vt 0.3125 0.53125
vt 0.328125 0.53125
vt 0.34375 0.53125
vt 0.359375 0.53125
vt 0.375 0.53125
vt 0.390625 0.53125
vt 0.40625 0.53125
vt 0.421875 0.53125
vt 0.4375 0.53125
vt 0.453125 0.53125
vt 0.46875 0.53125
vt 0.484375 0.53125
vt 0.5 0.53125
vt 0.515625 0.53125
vt 0.53125 0.53125
vt 0.546875 0.53125
vt 0.5625 0.53125
vt 0.578125 0.53125
vt 0.59375 0.53125
vt 0.609375 0.53125
vt 0.625 0.53125
vt 0.640625 0.53125
vt 0.65625 0.53125
vt 0.671875 0.53125
vt 0.6875 0.53125
vt 0.703125 0.53125
vt 0.71875 0.53125
vt 0.734375 0.53125
vt 0.75 0.53125
vt 0.765625 0.53125
vt 0.78125 0.53125
vt 0.796875 0.53125
vt 0.8125 0.53125
vt 0.828125 0.53125
vt 0.84375 0.53125
vt 0.859375 0.53125
vt 0.875 0.53125
vt 0.890625 0.53125
vt 0.90625 0.53125
vt 0.921875 0.53125
vt 0.9375 0.53125
vt 0.953125 0.53125
vt 0.96875 0.53125
vt 0.984375 0.53125
vt 1 0.53125
vt 0 0.5625
vt 0.015625 0.5625
vt 0.03125 0.5625
vt 0.046875 0.5625
vt 0.0625 0.5625
vt 0.078125 0.5625
vt 0.09375 0.5625
vt 0.109375 0.5625
vt 0.125 0.5625
vt 0.140625 0.5625
vt 0.15625 0.5625
vt 0.171875 0.5625
vt 0.1875 0.5625
vt 0.203125 0.5625
vt 0.21875 0.5625
vt 0.234375 0.5625
vt 0.25 0.5625
vt 0.265625 0.5625
vt 0.28125 0.5625
vt 0.296875 0.5625
vt 0.3125 0.5625
vt 0.328125 0.5625
vt 0.34375 0.5625
vt 0.359375 0.5625
vt 0.375 0.5625
vt 0.390625 0.5625
vt 0.40625 0.5625
vt 0.421875 0.5625
vt 0.4375 0.5625
vt 0.453125 0.5625
vt 0.46875 0.5625
vt 0.484375 0.5625
vt 0.5 0.5625
vt 0.515625 0.5625
vt 0.53125 0.5625
vt 0.546875 0.5625
vt 0.5625 0.5625
vt 0.578125 0.5625
vt 0.59375 0.5625
vt 0.609375 0.5625
vt 0.625 0.5625
vt 0.640625 0.5625
vt 0.65625 0.5625
vt 0.671875 0.5625
vt 0.6875 0.5625
vt 0.703125 0.5625
vt 0.71875 0.5625
vt 0.734375 0.5625
vt 0.75 0.5625
vt 0.765625 0.5625
vt 0.78125 0.5625
vt 0.796875 0.5625
vt 0.8125 0.5625
vt 0.828125 0.5625
vt 0.84375 0.5625
vt 0.859375 0.5625
vt 0.875 0.5625
vt 0.890625 0.5625
vt 0.90625 0.5625
vt 0.921875 0.5625
vt 0.9375 0.5625
vt 0.953125 0.5625
vt 0.96875 0.5625
vt 0.984375 0.5625
vt 1 0.5625
vt 0 0.59375
vt 0.015625 0.59375
vt 0.03125 0.59375
vt 0.046875 0.59375
vt 0.0625 0.59375
vt 0.078125 0.59375
vt 0.09375 0.59375
vt 0.109375 0.59375
vt 0.125 0.59375
vt 0.140625 0.59375
vt 0.15625 0.59375
vt 0.171875 0.59375
vt 0.1875 0.59375
vt 0.203125 0.59375
vt 0.21875 0.59375
vt 0.234375 0.59375
vt 0.25 0.59375
vt 0.265625 0.59375
vt 0.28125 0.59375
vt 0.296875 0.59375
vt 0.3125 0.59375
vt 0.328125 0.59375
vt 0.34375 0.59375
vt 0.359375 0.59375
vt 0.375 0.59375
vt 0.390625 0.59375
vt 0.40625 0.59375
vt 0.421875 0.59375
vt 0.4375 0.59375
vt 0.453125 0.59375
vt 0.46875 0.59375
vt 0.484375 0.59375
vt 0.5 0.59375
vt 0.515625 0.59375
vt 0.53125 0.59375
vt 0.546875 0.59375
vt 0.5625 0.59375
vt 0.578125 0.59375
vt 0.59375 0.59375
vt 0.609375 0.59375
vt 0.625 0.59375
vt 0.640625 0.59375
vt 0.65625 0.59375
vt 0.671875 0.59375
vt 0.6875 0.59375
vt 0.703125 0.59375
vt 0.71875 0.59375
vt 0.734375 0.59375
vt 0.75 0.59375
vt 0.765625 0.59375
vt 0.78125 0.59375
vt 0.796875 0.59375
vt 0.8125 0.59375
vt 0.828125 0.59375
vt 0.84375 0.59375
vt 0.859375 0.59375
vt 0.875 0.59375
vt 0.890625 0.59375
vt 0.90625 0.59375
vt 0.921875 0.59375
vt 0.9375 0.59375
vt 0.953125 0.59375
vt 0.96875 0.59375
vt 0.984375 0.59375
vt 1 0.59375
vt 0 0.625
vt 0.015625 0.625
vt 0.03125 0.625
vt 0.046875 0.625
vt 0.0625 0.625
vt 0.078125 0.625
vt 0.09375 0.625
vt 0.109375 0.625
vt 0.125 0.625
vt 0.140625 0.625
vt 0.15625 0.625
vt 0.171875 0.625
vt 0.1875 0.625
vt 0.203125 0.625
vt 0.21875 0.625
vt 0.234375 0.625
vt 0.25 0.625
vt 0.265625 0.625
vt 0.28125 0.625
vt 0.296875 0.625
vt 0.3125 0.625
vt 0.328125 0.625
vt 0.34375 0.625
vt 0.359375 0.625
vt 0.375 0.625
vt 0.390625 0.625
vt 0.40625 0.625
vt 0.421875 0.625
vt 0.4375 0.625
vt 0.453125 0.625
vt 0.46875 0.625
vt 0.484375 0.625
vt 0.5 0.625
vt 0.515625 0.625
vt 0.53125 0.625
vt 0.546875 0.625
vt 0.5625 0.625
vt 0.578125 0.625
vt 0.59375 0.625
vt 0.609375 0.625
vt 0.625 0.625
vt 0.640625 0.625
vt 0.65625 0.625
vt 0.671875 0.625
vt 0.6875 0.625
vt 0.703125 0.625
vt 0.71875 0.625
vt 0.734375 0.625
vt 0.75 0.625
vt 0.765625 0.625
vt 0.78125 0.625
vt 0.796875 0.625
vt 0.8125 0.625
vt 0.828125 0.625
vt 0.84375 0.625
vt 0.859375 0.625
vt 0.875 0.625
vt 0.890625 0.625
vt 0.90625 0.625
vt 0.921875 0.625
vt 0.9375 0.625
vt 0.953125 0.625
vt 0.96875 0.625
vt 0.984375 0.625
vt 1 0.625
vt 0 0.65625
vt 0.015625 0.65625
vt 0.03125 0.65625
vt 0.046875 0.65625
vt 0.0625 0.65625
vt 0.078125 0.65625
vt 0.09375 0.65625
vt 0.109375 0.65625
vt 0.125 0.65625
vt 0.140625 0.65625
vt 0.15625 0.65625
vt 0.171875 0.65625
vt 0.1875 0.65625
vt 0.203125 0.65625
vt 0.21875 0.65625
vt 0.234375 0.65625
vt 0.25 0.65625
vt 0.265625 0.65625
vt 0.28125 0.65625
vt 0.296875 0.65625
vt 0.3125 0.65625
vt 0.328125 0.65625
vt 0.34375 0.65625
vt 0.359375 0.65625
vt 0.375 0.65625
vt 0.390625 0.65625
vt 0.40625 0.65625
vt 0.421875 0.65625
vt 0.4375 0.65625
vt 0.453125 0.65625
vt 0.46875 0.65625
vt 0.484375 0.65625
vt 0.5 0.65625
vt 0.515625 0.65625
vt 0.53125 0.65625
vt 0.546875 0.65625
vt 0.5625 0.65625
vt 0.578125 0.65625
vt 0.59375 0.65625
vt 0.609375 0.65625
vt 0.625 0.65625
vt 0.640625 0.65625
vt 0.65625 0.65625
vt 0.671875 0.65625
vt 0.6875 0.65625
vt 0.703125 0.65625
vt 0.71875 0.65625
vt 0.734375 0.65625
vt 0.75 0.65625
vt 0.765625 0.65625
vt 0.78125 0.65625
vt 0.796875 0.65625
vt 0.8125 0.65625
vt 0.828125 0.65625
vt 0.84375 0.65625
vt 0.859375 0.65625
vt 0.875 0.65625
vt 0.890625 0.65625
vt 0.90625 0.65625
vt 0.921875 0.65625
vt 0.9375 0.65625
vt 0.953125 0.65625
vt 0.96875 0.65625
vt 0.984375 0.65625
vt 1 0.65625
vt 0 0.6875
vt 0.015625 0.6875
vt 0.03125 0.6875
vt 0.046875 0.6875
vt 0.0625 0.6875
vt 0.078125 0.6875
vt 0.09375 0.6875
vt 0.109375 0.6875
vt 0.125 0.6875
vt 0.140625 0.6875
vt 0.15625 0.6875
vt 0.171875 0.6875
vt 0.1875 0.6875
vt 0.203125 0.6875
vt 0.21875 0.6875
vt 0.234375 0.6875
vt 0.25 0.6875
vt 0.265625 0.6875
vt 0.28125 0.6875
vt 0.296875 0.6875
vt 0.3125 0.6875
vt 0.328125 0.6875
vt 0.34375 0.6875
vt 0.359375 0.6875
vt 0.375 0.6875
vt 0.390625 0.6875
vt 0.40625 0.6875
vt 0.421875 0.6875
vt 0.4375 0.6875
vt 0.453125 0.6875
vt 0.46875 0.6875
vt 0.484375 0.6875
vt 0.5 0.6875
vt 0.515625 0.6875
vt 0.53125 0.6875
vt 0.546875 0.6875
vt 0.5625 0.6875
vt 0.578125 0.6875
vt 0.59375 0.6875
vt 0.609375 0.6875
vt 0.625 0.6875
vt 0.640625 0.6875
vt 0.65625 0.6875
vt 0.671875 0.6875
vt 0.6875 0.6875
vt 0.703125 0.6875
vt 0.71875 0.6875
vt 0.734375 0.6875
vt 0.75 0.6875
vt 0.765625 0.6875
vt 0.78125 0.6875
vt 0.796875 0.6875
vt 0.8125 0.6875
vt 0.828125 0.6875
vt 0.84375 0.6875
vt 0.859375 0.6875
vt 0.875 0.6875
vt 0.890625 0.6875
vt 0.90625 0.6875
vt 0.921875 0.6875
vt 0.9375 0.6875
vt 0.953125 0.6875
vt 0.96875 0.6875
vt 0.984375 0.6875
vt 1 0.6875
vt 0 0.71875
vt 0.015625 0.71875
vt 0.03125 0.71875
vt 0.046875 0.71875
vt 0.0625 0.71875
vt 0.078125 0.71875
vt 0.09375 0.71875
vt 0.109375 0.71875
vt 0.125 0.71875
vt 0.140625 0.71875
vt 0.15625 0.71875
vt 0.171875 0.71875
vt 0.1875 0.71875
vt 0.203125 0.71875
vt 0.21875 0.71875
vt 0.234375 0.71875
vt 0.25 0.71875
vt 0.265625 0.71875
vt 0.28125 0.71875
vt 0.296875 0.71875
vt 0.3125 0.71875
vt 0.328125 0.71875
vt 0.34375 0.71875
vt 0.359375 0.71875
vt 0.375 0.71875
vt 0.390625 0.71875
vt 0.40625 0.71875
vt 0.421875 0.71875
vt 0.4375 0.71875
vt 0.453125 0.71875
vt 0.46875 0.71875
vt 0.484375 0.71875
vt 0.5 0.71875
vt 0.515625 0.71875
vt 0.53125 0.71875
vt 0.546875 0.71875
vt 0.5625 0.71875
vt 0.578125 0.71875
vt 0.59375 0.71875
vt 0.609375 0.71875
vt 0.625 0.71875
vt 0.640625 0.71875
vt 0.65625 0.71875
vt 0.671875 0.71875
vt 0.6875 0.71875
vt 0.703125 0.71875
vt 0.71875 0.71875
vt 0.734375 0.71875
vt 0.75 0.71875
vt 0.765625 0.71875
vt 0.78125 0.71875
vt 0.796875 0.71875
vt 0.8125 0.71875
vt 0.828125 0.71875
vt 0.84375 0.71875
vt 0.859375 0.71875
vt 0.875 0.71875
vt 0.890625 0.71875
vt 0.90625 0.71875
vt 0.921875 0.71875
vt 0.9375 0.71875
vt 0.953125 0.71875
vt 0.96875 0.71875
vt 0.984375 0.71875
vt 1 0.71875
vt 0 0.75
vt 0.015625 0.75
vt 0.03125 0.75
vt 0.046875 0.75
vt 0.0625 0.75
vt 0.078125 0.75
vt 0.09375 0.75
vt 0.109375 0.75
vt 0.125 0.75
vt 0.140625 0.75
vt 0.15625 0.75
vt 0.171875 0.75
vt 0.1875 0.75
vt 0.203125 0.75
vt 0.21875 0.75
vt 0.234375 0.75
vt 0.25 0.75
vt 0.265625 0.75
vt 0.28125 0.75
vt 0.296875 0.75
vt 0.3125 0.75
vt 0.328125 0.75
vt 0.34375 0.75
vt 0.359375 0.75
vt 0.375 0.75
vt 0.390625 0.75
vt 0.40625 0.75
vt 0.421875 0.75
vt 0.4375 0.75
vt 0.453125 0.75
vt 0.46875 0.75
vt 0.484375 0.75
vt 0.5 0.75
vt 0.515625 0.75
vt 0.53125 0.75
vt 0.546875 0.75
vt 0.5625 0.75
vt 0.578125 0.75
vt 0.59375 0.75
vt 0.609375 0.75
vt 0.625 0.75
vt 0.640625 0.75
vt 0.65625 0.75
vt 0.671875 0.75
vt 0.6875 0.75
vt 0.703125 0.75
vt 0.71875 0.75
vt 0.734375 0.75
vt 0.75 0.75
vt 0.765625 0.75
vt 0.78125 0.75
vt 0.796875 0.75
vt 0.8125 0.75
vt 0.828125 0.75
vt 0.84375 0.75
vt 0.859375 0.75
vt 0.875 0.75
vt 0.890625 0.75
vt 0.90625 0.75
vt 0.921875 0.75
vt 0.9375 0.75
vt 0.953125 0.75
vt 0.96875 0.75
vt 0.984375 0.75
vt 1 0.75
vt 0 0.78125
vt 0.015625 0.78125
vt 0.03125 0.78125
vt 0.046875 0.78125
vt 0.0625 0.78125
vt 0.078125 0.78125
vt 0.09375 0.78125
vt 0.109375 0.78125
vt 0.125 0.78125
vt 0.140625 0.78125
vt 0.15625 0.78125
vt 0.171875 0.78125
vt 0.1875 0.78125
vt 0.203125 0.78125
vt 0.21875 0.78125
vt 0.234375 0.78125
vt 0.25 0.78125
vt 0.265625 0.78125
vt 0.28125 0.78125
vt 0.296875 0.78125
vt 0.3125 0.78125
vt 0.328125 0.78125
vt 0.34375 0.78125
vt 0.359375 0.78125
vt 0.375 0.78125
vt 0.390625 0.78125
vt 0.40625 0.78125
vt 0.421875 0.78125
vt 0.4375 0.78125
vt 0.453125 0.78125
vt 0.46875 0.78125
vt 0.484375 0.78125
vt 0.5 0.78125
vt 0.515625 0.78125
vt 0.53125 0.78125
vt 0.546875 0.78125
vt 0.5625 0.78125
vt 0.578125 0.78125
vt 0.59375 0.78125
vt 0.609375 0.78125
vt 0.625 0.78125
vt 0.640625 0.78125
vt 0.65625 0.78125
vt 0.671875 0.78125
vt 0.6875 0.78125
vt 0.703125 0.78125
vt 0.71875 0.78125
vt 0.734375 0.78125
vt 0.75 0.78125
vt 0.765625 0.78125
vt 0.78125 0.78125
vt 0.796875 0.78125
vt 0.8125 0.78125
vt 0.828125 0.78125
vt 0.84375 0.78125
vt 0.859375 0.78125
vt 0.875 0.78125
vt 0.890625 0.78125
vt 0.90625 0.78125
vt 0.921875 0.78125
vt 0.9375 0.78125
vt 0.953125 0.78125
vt 0.96875 0.78125
vt 0.984375 0.78125
vt 1 0.78125
vt 0 0.8125
vt 0.015625 0.8125
vt 0.03125 0.8125
vt 0.046875 0.8125
vt 0.0625 0.8125
vt 0.078125 0.8125
vt 0.09375 0.8125
vt 0.109375 0.8125
vt 0.125 0.8125
vt 0.140625 0.8125
vt 0.15625 0.8125
vt 0.171875 0.8125
vt 0.1875 0.8125
vt 0.203125 0.8125
vt 0.21875 0.8125
vt 0.234375 0.8125
vt 0.25 0.8125
vt 0.265625 0.8125
vt 0.28125 0.8125
vt 0.296875 0.8125
vt 0.3125 0.8125
vt 0.328125 0.8125
vt 0.34375 0.8125
vt 0.359375 0.8125
vt 0.375 0.8125
vt 0.390625 0.8125
vt 0.40625 0.8125
vt 0.421875 0.8125
vt 0.4375 0.8125
vt 0.453125 0.8125
vt 0.46875 0.8125
vt 0.484375 0.8125
vt 0.5 0.8125
vt 0.515625 0.8125
vt 0.53125 0.8125
vt 0.546875 0.8125
vt 0.5625 0.8125
vt 0.578125 0.8125
vt 0.59375 0.8125
vt 0.609375 0.8125
vt 0.625 0.8125
vt 0.640625 0.8125
vt 0.65625 0.8125
vt 0.671875 0.8125
vt 0.6875 0.8125
vt 0.703125 0.8125
vt 0.71875 0.8125
vt 0.734375 0.8125
vt 0.75 0.8125
vt 0.765625 0.8125
vt 0.78125 0.8125
vt 0.796875 0.8125
vt 0.8125 0.8125
vt 0.828125 0.8125
vt 0.84375 0.8125
vt 0.859375 0.8125
vt 0.875 0.8125
vt 0.890625 0.8125
vt 0.90625 0.8125
vt 0.921875 0.8125
vt 0.9375 0.8125
vt 0.953125 0.8125
vt 0.96875 0.8125
vt 0.984375 0.8125
vt 1 0.8125
vt 0 0.84375
vt 0.015625 0.84375
vt 0.03125 0.84375
vt 0.046875 0.84375
vt 0.0625 0.84375
vt 0.078125 0.84375
vt 0.09375 0.84375
vt 0.109375 0.84375
vt 0.125 0.84375
vt 0.140625 0.84375
vt 0.15625 0.84375
vt 0.171875 0.84375
vt 0.1875 0.84375
vt 0.203125 0.84375
vt 0.21875 0.84375
vt 0.234375 0.84375
vt 0.25 0.84375
vt 0.265625 0.84375
vt 0.28125 0.84375
vt 0.296875 0.84375
vt 0.3125 0.84375
vt 0.328125 0.84375
vt 0.34375 0.84375
vt 0.359375 0.84375
vt 0.375 0.84375
vt 0.390625 0.84375
vt 0.40625 0.84375
vt 0.421875 0.84375
vt 0.4375 0.84375
vt 0.453125 0.84375
vt 0.46875 0.84375
vt 0.484375 0.84375
vt 0.5 0.84375
vt 0.515625 0.84375
vt 0.53125 0.84375
vt 0.546875 0.84375
vt 0.5625 0.84375
vt 0.578125 0.84375
vt 0.59375 0.84375
vt 0.609375 0.84375
vt 0.625 0.84375
vt 0.640625 0.84375
vt 0.65625 0.84375
vt 0.671875 0.84375
vt 0.6875 0.84375
vt 0.703125 0.84375
vt 0.71875 0.84375
vt 0.734375 0.84375
vt 0.75 0.84375
vt 0.765625 0.84375
vt 0.78125 0.84375
vt 0.796875 0.84375
vt 0.8125 0.84375
vt 0.828125 0.84375
vt 0.84375 0.84375
vt 0.859375 0.84375
vt 0.875 0.84375
vt 0.890625 0.84375
vt 0.90625 0.84375
vt 0.921875 0.84375
vt 0.9375 0.84375
vt 0.953125 0.84375
vt 0.96875 0.84375
vt 0.984375 0.84375
vt 1 0.84375
vt 0 0.875
vt 0.015625 0.875
vt 0.03125 0.875
vt 0.046875 0.875
vt 0.0625 0.875
vt 0.078125 0.875
vt 0.09375 0.875
vt 0.109375 0.875
vt 0.125 0.875
vt 0.140625 0.875
vt 0.15625 0.875
vt 0.171875 0.875
vt 0.1875 0.875
vt 0.203125 0.875
vt 0.21875 0.875
vt 0.234375 0.875
vt 0.25 0.875
vt 0.265625 0.875
vt 0.28125 0.875
vt 0.296875 0.875
vt 0.3125 0.875
vt 0.328125 0.875
vt 0.34375 0.875
vt 0.359375 0.875
vt 0.375 0.875
vt 0.390625 0.875
vt 0.40625 0.875
vt 0.421875 0.875
vt 0.4375 0.875
vt 0.453125 0.875
vt 0.46875 0.875
vt 0.484375 0.875
vt 0.5 0.875
vt 0.515625 0.875
vt 0.53125 0.875
vt 0.546875 0.875
vt 0.5625 0.875
vt 0.578125 0.875
vt 0.59375 0.875
vt 0.609375 0.875
vt 0.625 0.875
vt 0.640625 0.875
vt 0.65625 0.875
vt 0.671875 0.875
vt 0.6875 0.875
vt 0.703125 0.875
vt 0.71875 0.875
vt 0.734375 0.875
vt 0.75 0.875
vt 0.765625 0.875
vt 0.78125 0.875
vt 0.796875 0.875
vt 0.8125 0.875
vt 0.828125 0.875
vt 0.84375 0.875
vt 0.859375 0.875
vt 0.875 0.875
vt 0.890625 0.875
vt 0.90625 0.875
vt 0.921875 0.875
vt 0.9375 0.875
vt 0.953125 0.875
vt 0.96875 0.875
vt 0.984375 0.875
vt 1 0.875
vt 0 0.90625
vt 0.015625 0.90625
vt 0.03125 0.90625
vt 0.046875 0.90625
vt 0.0625 0.90625
vt 0.078125 0.90625
vt 0.09375 0.90625
vt 0.109375 0.90625
vt 0.125 0.90625
vt 0.140625 0.90625
vt 0.15625 0.90625
vt 0.171875 0.90625
vt 0.1875 0.90625
vt 0.203125 0.90625
vt 0.21875 0.90625
vt 0.234375 0.90625
vt 0.25 0.90625
vt 0.265625 0.90625
vt 0.28125 0.90625
vt 0.296875 0.90625
vt 0.3125 0.90625
vt 0.328125 0.90625
vt 0.34375 0.90625
vt 0.359375 0.90625
vt 0.375 0.90625
vt 0.390625 0.90625
vt 0.40625 0.90625
vt 0.421875 0.90625
vt 0.4375 0.90625
vt 0.453125 0.90625
vt 0.46875 0.90625
vt 0.484375 0.90625
vt 0.5 0.90625
vt 0.515625 0.90625
vt 0.53125 0.90625
vt 0.546875 0.90625
vt 0.5625 0.90625
vt 0.578125 0.90625
vt 0.59375 0.90625
vt 0.609375 0.90625
vt 0.625 0.90625
vt 0.640625 0.90625
vt 0.65625 0.90625
vt 0.671875 0.90625
vt 0.6875 0.90625
vt 0.703125 0.90625
vt 0.71875 0.90625
vt 0.734375 0.90625
vt 0.75 0.90625
vt 0.765625 0.90625
vt 0.78125 0.90625
vt 0.796875 0.90625
vt 0.8125 0.90625
vt 0.828125 0.90625
vt 0.84375 0.90625
vt 0.859375 0.90625
vt 0.875 0.90625
vt 0.890625 0.90625
vt 0.90625 0.90625
vt 0.921875 0.90625
vt 0.9375 0.90625
vt 0.953125 0.90625
vt 0.96875 0.90625
vt 0.984375 0.90625
vt 1 0.90625
vt 0 0.9375
vt 0.015625 0.9375
vt 0.03125 0.9375
vt 0.046875 0.9375
vt 0.0625 0.9375
vt 0.078125 0.9375
vt 0.09375 0.9375
vt 0.109375 0.9375
vt 0.125 0.9375
vt 0.140625 0.9375
vt 0.15625 0.9375
vt 0.171875 0.9375
vt 0.1875 0.9375
vt 0.203125 0.9375
vt 0.21875 0.9375
vt 0.234375 0.9375
vt 0.25 0.9375
vt 0.265625 0.9375
vt 0.28125 0.9375
vt 0.296875 0.9375
vt 0.3125 0.9375
vt 0.328125 0.9375
vt 0.34375 0.9375
vt 0.359375 0.9375
vt 0.375 0.9375
vt 0.390625 0.9375
vt 0.40625 0.9375
vt 0.421875 0.9375
vt 0.4375 0.9375
vt 0.453125 0.9375
vt 0.46875 0.9375
vt 0.484375 0.9375
vt 0.5 0.9375
vt 0.515625 0.9375
vt 0.53125 0.9375
vt 0.546875 0.9375
vt 0.5625 0.9375
vt 0.578125 0.9375
vt 0.59375 0.9375
vt 0.609375 0.9375
vt 0.625 0.9375
vt 0.640625 0.9375
vt 0.65625 0.9375
vt 0.671875 0.9375
vt 0.6875 0.9375
vt 0.703125 0.9375
vt 0.71875 0.9375
vt 0.734375 0.9375
vt 0.75 0.9375
vt 0.765625 0.9375
vt 0.78125 0.9375
vt 0.796875 0.9375
vt 0.8125 0.9375
vt 0.828125 0.9375
vt 0.84375 0.9375
vt 0.859375 0.9375
vt 0.875 0.9375
vt 0.890625 0.9375
vt 0.90625 0.9375
vt 0.921875 0.9375
vt 0.9375 0.9375
vt 0.953125 0.9375
vt 0.96875 0.9375
vt 0.984375 0.9375
vt 1 0.9375
vt 0 0.96875
vt 0.015625 0.96875
vt 0.03125 0.96875
vt 0.046875 0.96875
vt 0.0625 0.96875
vt 0.078125 0.96875
vt 0.09375 0.96875
vt 0.109375 0.96875
vt 0.125 0.96875
vt 0.140625 0.96875
vt 0.15625 0.96875
vt 0.171875 0.96875
vt 0.1875 0.96875
vt 0.203125 0.96875
vt 0.21875 0.96875
vt 0.234375 0.96875
vt 0.25 0.96875
vt 0.265625 0.96875
vt 0.28125 0.96875
vt 0.296875 0.96875
vt 0.3125 0.96875
vt 0.328125 0.96875
vt 0.34375 0.96875
vt 0.359375 0.96875
vt 0.375 0.96875
vt 0.390625 0.96875
vt 0.40625 0.96875
vt 0.421875 0.96875
vt 0.4375 0.96875
vt 0.453125 0.96875
vt 0.46875 0.96875
vt 0.484375 0.96875
vt 0.5 0.96875
vt 0.515625 0.96875
vt 0.53125 0.96875
vt 0.546875 0.96875
vt 0.5625 0.96875
vt 0.578125 0.96875
vt 0.59375 0.96875
vt 0.609375 0.96875
vt 0.625 0.96875
vt 0.640625 0.96875
vt 0.65625 0.96875
vt 0.671875 0.96875
vt 0.6875 0.96875
vt 0.703125 0.96875
vt 0.71875 0.96875
vt 0.734375 0.96875
vt 0.75 0.96875
vt 0.765625 0.96875
vt 0.78125 0.96875
vt 0.796875 0.96875
vt 0.8125 0.96875
vt 0.828125 0.96875
vt 0.84375 0.96875
vt 0.859375 0.96875
vt 0.875 0.96875
vt 0.890625 0.96875
vt 0.90625 0.96875
vt 0.921875 0.96875
vt 0.9375 0.96875
vt 0.953125 0.96875
vt 0.96875 0.96875
vt 0.984375 0.96875
vt 1 0.96875
vt 0 1
vt 0.015625 1
vt 0.03125 1
vt 0.046875 1
vt 0.0625 1
vt 0.078125 1
vt 0.09375 1
vt 0.109375 1
vt 0.125 1
vt 0.140625 1
vt 0.15625 1
vt 0.171875 1
vt 0.1875 1
vt 0.203125 1
vt 0.21875 1
vt 0.234375 1
vt 0.25 1
vt 0.265625 1
vt 0.28125 1
vt 0.296875 1
vt 0.3125 1
vt 0.328125 1
vt 0.34375 1
vt 0.359375 1
vt 0.375 1
vt 0.390625 1
vt 0.40625 1
vt 0.421875 1
vt 0.4375 1
vt 0.453125 1
vt 0.46875 1
vt 0.484375 1
vt 0.5 1
vt 0.515625 1
vt 0.53125 1
vt 0.546875 1
vt 0.5625 1
vt 0.578125 1
vt 0.59375 1
vt 0.609375 1
vt 0.625 1
vt 0.640625 1
vt 0.65625 1
vt 0.671875 1
vt 0.6875 1
vt 0.703125 1
vt 0.71875 1
vt 0.734375 1
vt 0.75 1
vt 0.765625 1
vt 0.78125 1
vt 0.796875 1
vt 0.8125 1
vt 0.828125 1
vt 0.84375 1
vt 0.859375 1
vt 0.875 1
vt 0.890625 1
vt 0.90625 1
vt 0.921875 1
vt 0.9375 1
vt 0.953125 1
vt 0.96875 1
vt 0.984375 1
vt 1 1
vn 0 -1 0
vn 0 -1 0
vn 0 -1 0
vn 0 -1 0
vn 0 -1 0
vn 0 -1 0
vn 0 -1 0
vn 0 -1 0
vn 0 -1 0
vn 0 -1 0
vn 0 -1 0
vn 0 -1 0
vn 0 -1 0
vn 0 -1 0
vn 0 -1 0
vn 0 -1 0
vn 0 -1 0
vn 0 -1 0
vn 0 -1 0
vn 0 -1 0
vn 0 -1 0
vn 0 -1 0
vn 0 -1 0
vn 0 -1 0
vn 0 -1 0
vn 0 -1 0
vn 0 -1 0
vn 0 -1 0
vn 0 -1 0
vn 0 -1 0
vn 0 -1 0
vn 0 -1 0
vn 0 -1 0
vn 0 -1 0
vn 0 -1 0
vn 0 -1 0
vn 0 -1 0
vn 0 -1 0
vn 0 -1 0
vn 0 -1 0
vn 0 -1 0
vn 0 -1 0
vn 0 -1 0
vn 0 -1 0
vn 0 -1 0
vn 0 -1 0
vn 0 -1 0
vn 0 -1 0
vn 0 -1 0
vn 0 -1 0
vn 0 -1 0
vn 0 -1 0
vn 0 -1 0
vn 0 -1 0
vn 0 -1 0
vn 0 -1 0
vn 0 -1 0
vn 0 -1 0
vn 0 -1 0
vn 0 -1 0
vn 0 -1 0
vn 0 -1 0
vn 0 -1 0
vn 0 -1 0
vn 0 -1 0
vn 0 -0.9951847 0.09801714
vn 0.00960736 -0.9951847 0.09754516
vn 0.019122196 -0.9951847 0.09613377
vn 0.028452873 -0.9951847 0.09379656
vn 0.03750954 -0.9951847 0.090556026
vn 0.04620496 -0.9951847 0.086443394
vn 0.054455407 -0.9951847 0.08149827
vn 0.06218142 -0.9951847 0.07576827
vn 0.06930859 -0.9951847 0.06930859
vn 0.07576827 -0.9951847 0.062181417
vn 0.08149828 -0.9951847 0.0544554
vn 0.0864434 -0.9951847 0.04620495
vn 0.090556026 -0.9951847 0.037509535
vn 0.09379656 -0.9951847 0.02845287
vn 0.09613377 -0.9951847 0.019122187
vn 0.09754516 -0.9951847 0.009607359
vn 0.09801714 -0.9951847 -4.2844652E-09
vn 0.09754516 -0.9951847 -0.009607368
vn 0.09613377 -0.9951847 -0.019122196
vn 0.09379655 -0.9951847 -0.028452879
vn 0.090556026 -0.9951847 -0.037509546
vn 0.086443394 -0.9951847 -0.04620497
vn 0.081498265 -0.9951847 -0.05445542
vn 0.07576828 -0.9951847 -0.062181417
vn 0.06930859 -0.9951847 -0.06930859
vn 0.062181417 -0.9951847 -0.07576828
vn 0.0544554 -0.9951847 -0.08149828
vn 0.04620495 -0.9951847 -0.08644341
vn 0.03750952 -0.9951847 -0.09055604
vn 0.028452879 -0.9951847 -0.09379656
vn 0.019122194 -0.9951847 -0.09613377
vn 0.009607356 -0.9951847 -0.09754516
vn -8.5689305E-09 -0.9951847 -0.09801714
vn -0.009607373 -0.9951847 -0.09754516
vn -0.019122211 -0.9951847 -0.09613377
vn -0.028452894 -0.9951847 -0.09379655
vn -0.037509535 -0.9951847 -0.090556026
vn -0.046204966 -0.9951847 -0.086443394
vn -0.054455414 -0.9951847 -0.081498265
vn -0.062181428 -0.9951847 -0.07576827
vn -0.069308594 -0.9951847 -0.06930857
vn -0.07576827 -0.9951847 -0.06218142
vn -0.08149829 -0.9951847 -0.054455385
vn -0.0864434 -0.9951847 -0.046204954
vn -0.09055605 -0.9951847 -0.037509505
vn -0.09379656 -0.9951847 -0.028452862
vn -0.09613377 -0.9951847 -0.019122202
vn -0.09754516 -0.9951847 -0.009607339
vn -0.09801714 -0.9951847 1.1688427E-09
vn -0.09754516 -0.9951847 0.009607389
vn -0.09613377 -0.9951847 0.019122204
vn -0.093796544 -0.9951847 0.028452909
vn -0.090556026 -0.9951847 0.037509553
vn -0.0864434 -0.9951847 0.046204958
vn -0.08149826 -0.9951847 0.054455426
vn -0.07576827 -0.9951847 0.06218142
vn -0.069308564 -0.9951847 0.06930861
vn -0.062181402 -0.9951847 0.075768284
vn -0.054455414 -0.9951847 0.08149827
vn -0.04620494 -0.9951847 0.08644341
vn -0.037509535 -0.9951847 0.09055603
vn -0.028452847 -0.9951847 0.093796566
vn -0.019122187 -0.9951847 0.09613377
vn -0.009607323 -0.9951847 0.09754517
vn 1.7137861E-08 -0.9951847 0.09801714
vn 0 -0.98078525 0.19509032
vn 0.019122196 -0.98078525 0.19415091
vn 0.038060233 -0.98078525 0.19134171
vn 0.05663173 -0.98078525 0.18668981
vn 0.07465784 -0.98078525 0.18023995
vn 0.091964945 -0.98078525 0.1720543
vn 0.10838638 -0.98078525 0.16221167
vn 0.123764 -0.98078525 0.15080686
vn 0.13794969 -0.98078525 0.13794969
vn 0.15080686 -0.98078525 0.123763986
vn 0.16221169 -0.98078525 0.10838637
vn 0.1720543 -0.98078525 0.09196492
vn 0.18023995 -0.98078525 0.074657835
vn 0.18668981 -0.98078525 0.05663172
vn 0.19134173 -0.98078525 0.038060218
vn 0.19415091 -0.98078525 0.019122194
vn 0.19509032 -0.98078525 -8.527669E-09
vn 0.19415091 -0.98078525 -0.019122211
vn 0.19134171 -0.98078525 -0.038060233
vn 0.1866898 -0.98078525 -0.05663174
vn 0.18023995 -0.98078525 -0.07465785
vn 0.1720543 -0.98078525 -0.09196496
vn 0.16221166 -0.98078525 -0.108386405
vn 0.15080687 -0.98078525 -0.123763986
vn 0.13794969 -0.98078525 -0.13794969
vn 0.123763986 -0.98078525 -0.15080687
vn 0.10838637 -0.98078525 -0.16221169
vn 0.09196492 -0.98078525 -0.17205432
vn 0.074657805 -0.98078525 -0.18023998
vn 0.05663174 -0.98078525 -0.18668981
vn 0.038060233 -0.98078525 -0.19134173
vn 0.019122187 -0.98078525 -0.19415091
vn -1.7055338E-08 -0.98078525 -0.19509032
vn -0.01912222 -0.98078525 -0.19415091
vn -0.038060267 -0.98078525 -0.19134171
vn -0.05663177 -0.98078525 -0.1866898
vn -0.074657835 -0.98078525 -0.18023995
vn -0.09196495 -0.98078525 -0.1720543
vn -0.10838639 -0.98078525 -0.16221166
vn -0.123764016 -0.98078525 -0.15080684
vn -0.1379497 -0.98078525 -0.13794966
vn -0.15080686 -0.98078525 -0.123764
vn -0.1622117 -0.98078525 -0.10838633
vn -0.1720543 -0.98078525 -0.09196493
vn -0.18023999 -0.98078525 -0.074657775
vn -0.18668981 -0.98078525 -0.056631707
vn -0.19134171 -0.98078525 -0.038060244
vn -0.19415091 -0.98078525 -0.019122155
vn -0.19509032 -0.98078525 2.3264288E-09
vn -0.19415091 -0.98078525 0.019122252
vn -0.19134171 -0.98078525 0.03806025
vn -0.18668978 -0.98078525 0.0566318
vn -0.18023995 -0.98078525 0.074657865
vn -0.1720543 -0.98078525 0.09196494
vn -0.16221166 -0.98078525 0.10838641
vn -0.15080686 -0.98078525 0.123764
vn -0.13794965 -0.98078525 0.13794973
vn -0.12376396 -0.98078525 0.15080687
vn -0.10838639 -0.98078525 0.16221167
vn -0.0919649 -0.98078525 0.17205432
vn -0.074657835 -0.98078525 0.18023996
vn -0.056631677 -0.98078525 0.18668981
vn -0.038060218 -0.98078525 0.19134173
vn -0.019122124 -0.98078525 0.19415092
vn 3.4110677E-08 -0.98078525 0.19509032
vn 0 -0.95694035 0.29028466
vn 0.028452873 -0.95694035 0.28888687
vn 0.05663173 -0.95694035 0.28470692
vn 0.08426519 -0.95694035 0.27778512
vn 0.111087136 -0.95694035 0.26818806
vn 0.13683924 -0.95694035 0.2560082
vn 0.16127352 -0.95694035 0.24136287
vn 0.18415466 -0.95694035 0.22439307
vn 0.20526224 -0.95694035 0.20526224
vn 0.22439307 -0.95694035 0.18415464
vn 0.24136288 -0.95694035 0.16127351
vn 0.25600824 -0.95694035 0.13683923
vn 0.26818806 -0.95694035 0.11108713
vn 0.27778512 -0.95694035 0.08426518
vn 0.28470692 -0.95694035 0.056631703
vn 0.28888687 -0.95694035 0.028452871
vn 0.29028466 -0.95694035 -1.2688746E-08
vn 0.28888687 -0.95694035 -0.028452897
vn 0.28470692 -0.95694035 -0.05663173
vn 0.2777851 -0.95694035 -0.0842652
vn 0.26818806 -0.95694035 -0.11108716
vn 0.2560082 -0.95694035 -0.13683927
vn 0.24136285 -0.95694035 -0.16127355
vn 0.22439308 -0.95694035 -0.18415464
vn 0.20526224 -0.95694035 -0.20526224
vn 0.18415464 -0.95694035 -0.22439308
vn 0.16127351 -0.95694035 -0.24136288
vn 0.13683921 -0.95694035 -0.25600824
vn 0.111087084 -0.95694035 -0.2681881
vn 0.0842652 -0.95694035 -0.27778512
vn 0.056631725 -0.95694035 -0.28470692
vn 0.02845286 -0.95694035 -0.28888687
vn -2.5377492E-08 -0.95694035 -0.29028466
vn -0.02845291 -0.95694035 -0.28888687
vn -0.056631777 -0.95694035 -0.28470692
vn -0.08426525 -0.95694035 -0.2777851
vn -0.11108713 -0.95694035 -0.26818806
vn -0.13683926 -0.95694035 -0.2560082
vn -0.16127354 -0.95694035 -0.24136285
vn -0.18415467 -0.95694035 -0.22439305
vn -0.20526229 -0.95694035 -0.20526221
vn -0.22439307 -0.95694035 -0.18415466
vn -0.24136293 -0.95694035 -0.16127345
vn -0.25600824 -0.95694035 -0.13683923
vn -0.2681881 -0.95694035 -0.11108705
vn -0.27778512 -0.95694035 -0.08426515
vn -0.28470692 -0.95694035 -0.056631748
vn -0.28888687 -0.95694035 -0.028452812
vn -0.29028466 -0.95694035 3.4616099E-09
vn -0.28888687 -0.95694035 0.028452957
vn -0.28470692 -0.95694035 0.056631755
vn -0.27778506 -0.95694035 0.08426529
vn -0.26818803 -0.95694035 0.11108718
vn -0.25600824 -0.95694035 0.13683924
vn -0.24136284 -0.95694035 0.16127357
vn -0.22439307 -0.95694035 0.18415466
vn -0.20526218 -0.95694035 0.20526232
vn -0.1841546 -0.95694035 0.22439311
vn -0.16127354 -0.95694035 0.24136287
vn -0.13683918 -0.95694035 0.25600824
vn -0.11108713 -0.95694035 0.26818806
vn -0.084265105 -0.95694035 0.27778512
vn -0.056631703 -0.95694035 0.28470692
vn -0.028452765 -0.95694035 0.28888687
vn 5.0754984E-08 -0.95694035 0.29028466
vn 0 -0.9238795 0.38268346
vn 0.03750954 -0.9238795 0.38084072
vn 0.07465784 -0.9238795 0.3753303
vn 0.111087136 -0.9238795 0.36620525
vn 0.14644663 -0.9238795 0.3535534
vn 0.18039574 -0.9238795 0.33749667
vn 0.21260755 -0.9238795 0.31818965
vn 0.24277183 -0.9238795 0.2958183
vn 0.27059805 -0.9238795 0.27059805
vn 0.2958183 -0.9238795 0.2427718
vn 0.31818968 -0.9238795 0.21260752
vn 0.3374967 -0.9238795 0.18039571
vn 0.3535534 -0.9238795 0.14644662
vn 0.36620525 -0.9238795 0.11108713
vn 0.3753303 -0.9238795 0.074657805
vn 0.38084072 -0.9238795 0.037509535
vn 0.38268346 -0.9238795 -1.6727626E-08
vn 0.38084072 -0.9238795 -0.037509568
vn 0.3753303 -0.9238795 -0.07465784
vn 0.36620522 -0.9238795 -0.11108716
vn 0.3535534 -0.9238795 -0.14644665
vn 0.33749667 -0.9238795 -0.18039577
vn 0.31818962 -0.9238795 -0.21260759
vn 0.29581833 -0.9238795 -0.2427718
vn 0.27059805 -0.9238795 -0.27059805
vn 0.2427718 -0.9238795 -0.29581833
vn 0.21260752 -0.9238795 -0.31818968
vn 0.1803957 -0.9238795 -0.3374967
vn 0.14644656 -0.9238795 -0.35355344
vn 0.11108716 -0.9238795 -0.36620525
vn 0.074657835 -0.9238795 -0.3753303
vn 0.03750952 -0.9238795 -0.38084072
vn -3.345525E-08 -0.9238795 -0.38268346
vn -0.037509587 -0.9238795 -0.38084072
vn -0.0746579 -0.9238795 -0.3753303
vn -0.11108722 -0.9238795 -0.36620522
vn -0.14644662 -0.9238795 -0.3535534
vn -0.18039575 -0.9238795 -0.33749667
vn -0.21260756 -0.9238795 -0.31818962
vn -0.24277185 -0.9238795 -0.29581827
vn -0.2705981 -0.9238795 -0.27059802
vn -0.2958183 -0.9238795 -0.24277183
vn -0.31818974 -0.9238795 -0.21260744
vn -0.3374967 -0.9238795 -0.18039571
vn -0.35355347 -0.9238795 -0.1464465
vn -0.36620525 -0.9238795 -0.11108709
vn -0.3753303 -0.9238795 -0.074657865
vn -0.38084072 -0.9238795 -0.03750946
vn -0.38268346 -0.9238795 4.5634545E-09
vn -0.38084072 -0.9238795 0.03750965
vn -0.3753303 -0.9238795 0.07465787
vn -0.3662052 -0.9238795 0.11108728
vn -0.35355338 -0.9238795 0.14644669
vn -0.3374967 -0.9238795 0.18039572
vn -0.31818962 -0.9238795 0.2126076
vn -0.2958183 -0.9238795 0.24277183
vn -0.27059796 -0.9238795 0.27059814
vn -0.24277176 -0.9238795 0.29581836
vn -0.21260756 -0.9238795 0.31818965
vn -0.18039566 -0.9238795 0.3374967
vn -0.14644662 -0.9238795 0.3535534
vn -0.11108704 -0.9238795 0.36620528
vn -0.074657805 -0.9238795 0.3753303
vn -0.037509397 -0.9238795 0.38084075
vn 6.69105E-08 -0.9238795 0.38268346
vn 0 -0.88192123 0.47139674
vn 0.04620496 -0.88192123 0.46912685
vn 0.091964945 -0.88192123 0.46233898
vn 0.13683924 -0.88192123 0.45109856
vn 0.18039574 -0.88192123 0.4355138
vn 0.22221489 -0.88192123 0.4157348
vn 0.26189402 -0.88192123 0.39195207
vn 0.29905096 -0.88192123 0.3643946
vn 0.33332783 -0.88192123 0.33332783
vn 0.3643946 -0.88192123 0.29905093
vn 0.3919521 -0.88192123 0.261894
vn 0.41573483 -0.88192123 0.22221485
vn 0.4355138 -0.88192123 0.18039572
vn 0.45109856 -0.88192123 0.13683923
vn 0.462339 -0.88192123 0.0919649
vn 0.46912685 -0.88192123 0.046204958
vn 0.47139674 -0.88192123 -2.0605405E-08
vn 0.46912685 -0.88192123 -0.046205
vn 0.46233898 -0.88192123 -0.091964945
vn 0.45109853 -0.88192123 -0.13683927
vn 0.4355138 -0.88192123 -0.18039577
vn 0.4157348 -0.88192123 -0.22221494
vn 0.39195204 -0.88192123 -0.26189405
vn 0.36439463 -0.88192123 -0.29905093
vn 0.33332783 -0.88192123 -0.33332783
vn 0.29905093 -0.88192123 -0.36439463
vn 0.261894 -0.88192123 -0.3919521
vn 0.22221483 -0.88192123 -0.41573486
vn 0.18039565 -0.88192123 -0.43551385
vn 0.13683927 -0.88192123 -0.45109856
vn 0.09196494 -0.88192123 -0.462339
vn 0.04620494 -0.88192123 -0.46912685
vn -4.121081E-08 -0.88192123 -0.47139674
vn -0.04620502 -0.88192123 -0.46912685
vn -0.09196502 -0.88192123 -0.46233898
vn -0.13683935 -0.88192123 -0.45109853
vn -0.18039572 -0.88192123 -0.4355138
vn -0.2222149 -0.88192123 -0.4157348
vn -0.26189405 -0.88192123 -0.39195204
vn -0.299051 -0.88192123 -0.36439458
vn -0.3333279 -0.88192123 -0.33332777
vn -0.3643946 -0.88192123 -0.29905096
vn -0.39195216 -0.88192123 -0.2618939
vn -0.41573483 -0.88192123 -0.22221486
vn -0.43551388 -0.88192123 -0.18039557
vn -0.45109856 -0.88192123 -0.1368392
vn -0.46233898 -0.88192123 -0.091964975
vn -0.46912685 -0.88192123 -0.04620486
vn -0.47139674 -0.88192123 5.62135E-09
vn -0.46912685 -0.88192123 0.0462051
vn -0.46233898 -0.88192123 0.09196498
vn -0.4510985 -0.88192123 0.13683942
vn -0.43551376 -0.88192123 0.18039581
vn -0.41573483 -0.88192123 0.22221488
vn -0.391952 -0.88192123 0.26189408
vn -0.3643946 -0.88192123 0.29905096
vn -0.3333277 -0.88192123 0.33332795
vn -0.29905087 -0.88192123 0.36439466
vn -0.26189405 -0.88192123 0.39195207
vn -0.22221479 -0.88192123 0.41573486
vn -0.18039572 -0.88192123 0.43551382
vn -0.13683912 -0.88192123 0.4510986
vn -0.0919649 -0.88192123 0.462339
vn -0.046204787 -0.88192123 0.46912685
vn 8.242162E-08 -0.88192123 0.47139674
vn 0 -0.8314696 0.55557024
vn 0.054455407 -0.8314696 0.552895
vn 0.10838638 -0.8314696 0.5448951
vn 0.16127352 -0.8314696 0.53164756
vn 0.21260755 -0.8314696 0.51328
vn 0.26189402 -0.8314696 0.4899692
vn 0.3086583 -0.8314696 0.46193975
vn 0.35245007 -0.8314696 0.4294616
vn 0.39284748 -0.8314696 0.39284748
vn 0.4294616 -0.8314696 0.35245
vn 0.4619398 -0.8314696 0.30865827
vn 0.48996922 -0.8314696 0.26189396
vn 0.51328 -0.8314696 0.21260752
vn 0.53164756 -0.8314696 0.16127351
vn 0.5448951 -0.8314696 0.10838633
vn 0.552895 -0.8314696 0.054455403
vn 0.55557024 -0.8314696 -2.4284747E-08
vn 0.552895 -0.8314696 -0.05445545
vn 0.5448951 -0.8314696 -0.10838638
vn 0.53164756 -0.8314696 -0.16127355
vn 0.51328 -0.8314696 -0.21260758
vn 0.4899692 -0.8314696 -0.26189405
vn 0.46193972 -0.8314696 -0.30865836
vn 0.42946163 -0.8314696 -0.35245
vn 0.39284748 -0.8314696 -0.39284748
vn 0.35245 -0.8314696 -0.42946163
vn 0.30865827 -0.8314696 -0.4619398
vn 0.26189393 -0.8314696 -0.48996925
vn 0.21260744 -0.8314696 -0.51328003
vn 0.16127355 -0.8314696 -0.53164756
vn 0.10838637 -0.8314696 -0.5448951
vn 0.05445538 -0.8314696 -0.552895
vn -4.8569493E-08 -0.8314696 -0.55557024
vn -0.054455478 -0.8314696 -0.552895
vn -0.10838647 -0.8314696 -0.5448951
vn -0.16127364 -0.8314696 -0.53164756
vn -0.21260752 -0.8314696 -0.51328
vn -0.26189402 -0.8314696 -0.4899692
vn -0.30865833 -0.8314696 -0.46193972
vn -0.3524501 -0.8314696 -0.42946157
vn -0.39284754 -0.8314696 -0.39284742
vn -0.4294616 -0.8314696 -0.35245007
vn -0.46193987 -0.8314696 -0.30865815
vn -0.48996922 -0.8314696 -0.26189396
vn -0.51328003 -0.8314696 -0.21260735
vn -0.53164756 -0.8314696 -0.16127345
vn -0.5448951 -0.8314696 -0.10838641
vn -0.552895 -0.8314696 -0.05445529
vn -0.55557024 -0.8314696 6.625109E-09
vn -0.552895 -0.8314696 0.054455567
vn -0.5448951 -0.8314696 0.10838643
vn -0.5316475 -0.8314696 0.16127372
vn -0.5132799 -0.8314696 0.21260762
vn -0.48996922 -0.8314696 0.261894
vn -0.4619397 -0.8314696 0.3086584
vn -0.4294616 -0.8314696 0.35245007
vn -0.39284736 -0.8314696 0.39284763
vn -0.35244995 -0.8314696 0.42946166
vn -0.30865833 -0.8314696 0.46193975
vn -0.2618939 -0.8314696 0.48996925
vn -0.21260752 -0.8314696 0.51328
vn -0.16127338 -0.8314696 0.5316476
vn -0.10838633 -0.8314696 0.5448951
vn -0.0544552 -0.8314696 0.55289507
vn 9.713899E-08 -0.8314696 0.55557024
vn 0 -0.77301043 0.63439333
vn 0.06218142 -0.77301043 0.63133854
vn 0.123764 -0.77301043 0.62220365
vn 0.18415466 -0.77301043 0.6070766
vn 0.24277183 -0.77301043 0.586103
vn 0.29905096 -0.77301043 0.55948496
vn 0.35245007 -0.77301043 0.52747875
vn 0.4024549 -0.77301043 0.49039266
vn 0.4485838 -0.77301043 0.4485838
vn 0.49039266 -0.77301043 0.40245485
vn 0.5274788 -0.77301043 0.35245
vn 0.559485 -0.77301043 0.2990509
vn 0.586103 -0.77301043 0.24277182
vn 0.6070766 -0.77301043 0.18415463
vn 0.62220365 -0.77301043 0.12376394
vn 0.63133854 -0.77301043 0.062181417
vn 0.63439333 -0.77301043 -2.7730213E-08
vn 0.63133854 -0.77301043 -0.062181473
vn 0.62220365 -0.77301043 -0.123764
vn 0.6070765 -0.77301043 -0.18415469
vn 0.586103 -0.77301043 -0.24277188
vn 0.55948496 -0.77301043 -0.29905102
vn 0.52747875 -0.77301043 -0.35245013
vn 0.4903927 -0.77301043 -0.40245485
vn 0.4485838 -0.77301043 -0.4485838
vn 0.40245485 -0.77301043 -0.4903927
vn 0.35245 -0.77301043 -0.5274788
vn 0.29905087 -0.77301043 -0.559485
vn 0.24277171 -0.77301043 -0.5861031
vn 0.18415469 -0.77301043 -0.6070766
vn 0.12376399 -0.77301043 -0.62220365
vn 0.062181395 -0.77301043 -0.63133854
vn -5.5460426E-08 -0.77301043 -0.63439333
vn -0.062181503 -0.77301043 -0.63133854
vn -0.123764105 -0.77301043 -0.62220365
vn -0.1841548 -0.77301043 -0.6070765
vn -0.24277182 -0.77301043 -0.586103
vn -0.29905096 -0.77301043 -0.55948496
vn -0.3524501 -0.77301043 -0.52747875
vn -0.40245494 -0.77301043 -0.49039263
vn -0.4485839 -0.77301043 -0.44858375
vn -0.49039266 -0.77301043 -0.4024549
vn -0.5274789 -0.77301043 -0.3524499
vn -0.559485 -0.77301043 -0.29905093
vn -0.58610314 -0.77301043 -0.24277163
vn -0.6070766 -0.77301043 -0.18415459
vn -0.62220365 -0.77301043 -0.12376404
vn -0.63133854 -0.77301043 -0.06218129
vn -0.63439333 -0.77301043 7.565065E-09
vn -0.63133854 -0.77301043 0.062181607
vn -0.62220365 -0.77301043 0.12376406
vn -0.6070765 -0.77301043 0.18415488
vn -0.58610296 -0.77301043 0.24277192
vn -0.559485 -0.77301043 0.29905093
vn -0.5274787 -0.77301043 0.35245016
vn -0.49039266 -0.77301043 0.4024549
vn -0.44858366 -0.77301043 0.44858396
vn -0.4024548 -0.77301043 0.49039274
vn -0.3524501 -0.77301043 0.52747875
vn -0.2990508 -0.77301043 0.559485
vn -0.24277182 -0.77301043 0.586103
vn -0.18415448 -0.77301043 0.60707664
vn -0.12376394 -0.77301043 0.62220365
vn -0.062181186 -0.77301043 0.6313386
vn 1.1092085E-07 -0.77301043 0.63439333
vn 0 -0.70710677 0.70710677
vn 0.06930859 -0.70710677 0.70370185
vn 0.13794969 -0.70710677 0.6935199
vn 0.20526224 -0.70710677 0.676659
vn 0.27059805 -0.70710677 0.65328145
vn 0.33332783 -0.70710677 0.62361246
vn 0.39284748 -0.70710677 0.5879378
vn 0.4485838 -0.70710677 0.54660094
vn 0.49999997 -0.70710677 0.49999997
vn 0.54660094 -0.70710677 0.44858378
vn 0.58793783 -0.70710677 0.39284745
vn 0.6236125 -0.70710677 0.33332777
vn 0.65328145 -0.70710677 0.27059805
vn 0.676659 -0.70710677 0.20526223
vn 0.69351995 -0.70710677 0.13794963
vn 0.70370185 -0.70710677 0.06930858
vn 0.70710677 -0.70710677 -3.090862E-08
vn 0.70370185 -0.70710677 -0.06930864
vn 0.6935199 -0.70710677 -0.13794969
vn 0.676659 -0.70710677 -0.20526229
vn 0.65328145 -0.70710677 -0.2705981
vn 0.62361246 -0.70710677 -0.3333279
vn 0.5879377 -0.70710677 -0.39284757
vn 0.54660094 -0.70710677 -0.44858378
vn 0.49999997 -0.70710677 -0.49999997
vn 0.44858378 -0.70710677 -0.54660094
vn 0.39284745 -0.70710677 -0.58793783
vn 0.33332774 -0.70710677 -0.6236126
vn 0.27059793 -0.70710677 -0.6532815
vn 0.20526229 -0.70710677 -0.676659
vn 0.13794968 -0.70710677 -0.69351995
vn 0.06930855 -0.70710677 -0.70370185
vn -6.181724E-08 -0.70710677 -0.70710677
vn -0.069308676 -0.70710677 -0.70370185
vn -0.13794981 -0.70710677 -0.6935199
vn -0.2052624 -0.70710677 -0.676659
vn -0.27059805 -0.70710677 -0.65328145
vn -0.33332786 -0.70710677 -0.62361246
vn -0.3928475 -0.70710677 -0.5879377
vn -0.44858387 -0.70710677 -0.5466009
vn -0.50000006 -0.70710677 -0.4999999
vn -0.54660094 -0.70710677 -0.4485838
vn -0.5879379 -0.70710677 -0.3928473
vn -0.6236125 -0.70710677 -0.3333278
vn -0.65328157 -0.70710677 -0.27059782
vn -0.676659 -0.70710677 -0.20526217
vn -0.6935199 -0.70710677 -0.13794973
vn -0.70370185 -0.70710677 -0.06930844
vn -0.70710677 -0.70710677 8.432163E-09
vn -0.70370185 -0.70710677 0.06930879
vn -0.6935199 -0.70710677 0.13794975
vn -0.6766589 -0.70710677 0.2052625
vn -0.6532814 -0.70710677 0.27059817
vn -0.6236125 -0.70710677 0.3333278
vn -0.5879377 -0.70710677 0.3928476
vn -0.54660094 -0.70710677 0.4485838
vn -0.49999982 -0.70710677 0.5000002
vn -0.4485837 -0.70710677 0.546601
vn -0.3928475 -0.70710677 0.5879378
vn -0.33332768 -0.70710677 0.6236126
vn -0.27059805 -0.70710677 0.6532815
vn -0.20526206 -0.70710677 0.67665905
vn -0.13794963 -0.70710677 0.69351995
vn -0.06930832 -0.70710677 0.7037019
vn 1.2363448E-07 -0.70710677 0.70710677
vn 0 -0.6343933 0.77301043
vn 0.07576827 -0.6343933 0.7692882
vn 0.15080686 -0.6343933 0.75815725
vn 0.22439307 -0.6343933 0.7397249
vn 0.2958183 -0.6343933 0.7141685
vn 0.3643946 -0.6343933 0.6817343
vn 0.4294616 -0.6343933 0.64273465
vn 0.49039266 -0.6343933 0.59754515
vn 0.54660094 -0.6343933 0.54660094
vn 0.59754515 -0.6343933 0.49039263
vn 0.6427347 -0.6343933 0.42946154
vn 0.6817344 -0.6343933 0.36439455
vn 0.7141685 -0.6343933 0.29581827
vn 0.7397249 -0.6343933 0.22439305
vn 0.75815725 -0.6343933 0.15080678
vn 0.7692882 -0.6343933 0.07576827
vn 0.77301043 -0.6343933 -3.378936E-08
vn 0.7692882 -0.6343933 -0.07576834
vn 0.75815725 -0.6343933 -0.15080686
vn 0.7397248 -0.6343933 -0.22439311
vn 0.7141685 -0.6343933 -0.29581836
vn 0.6817343 -0.6343933 -0.36439466
vn 0.64273465 -0.6343933 -0.4294617
vn 0.59754515 -0.6343933 -0.49039263
vn 0.54660094 -0.6343933 -0.54660094
vn 0.49039263 -0.6343933 -0.59754515
vn 0.42946154 -0.6343933 -0.6427347
vn 0.36439452 -0.6343933 -0.6817344
vn 0.29581818 -0.6343933 -0.7141686
vn 0.22439311 -0.6343933 -0.7397249
vn 0.15080684 -0.6343933 -0.75815725
vn 0.07576824 -0.6343933 -0.7692882
vn -6.757872E-08 -0.6343933 -0.77301043
vn -0.075768374 -0.6343933 -0.7692882
vn -0.15080698 -0.6343933 -0.75815725
vn -0.22439323 -0.6343933 -0.7397248
vn -0.29581827 -0.6343933 -0.7141685
vn -0.36439463 -0.6343933 -0.6817343
vn -0.42946163 -0.6343933 -0.64273465
vn -0.4903927 -0.6343933 -0.5975451
vn -0.546601 -0.6343933 -0.5466008
vn -0.59754515 -0.6343933 -0.49039266
vn -0.6427348 -0.6343933 -0.42946142
vn -0.6817344 -0.6343933 -0.36439455
vn -0.7141686 -0.6343933 -0.29581806
vn -0.7397249 -0.6343933 -0.22439298
vn -0.75815725 -0.6343933 -0.1508069
vn -0.7692882 -0.6343933 -0.07576811
vn -0.77301043 -0.6343933 9.218057E-09
vn -0.7692882 -0.6343933 0.0757685
vn -0.75815725 -0.6343933 0.15080692
vn -0.73972476 -0.6343933 0.22439335
vn -0.7141684 -0.6343933 0.29581842
vn -0.6817344 -0.6343933 0.36439458
vn -0.6427346 -0.6343933 0.42946175
vn -0.59754515 -0.6343933 0.49039266
vn -0.5466007 -0.6343933 0.5466011
vn -0.49039254 -0.6343933 0.5975452
vn -0.42946163 -0.6343933 0.64273465
vn -0.36439443 -0.6343933 0.6817344
vn -0.29581827 -0.6343933 0.71416855
vn -0.22439286 -0.6343933 0.73972493
vn -0.15080678 -0.6343933 0.75815725
vn -0.07576799 -0.6343933 0.76928824
vn 1.3515744E-07 -0.6343933 0.77301043
vn 0 -0.5555702 0.83146966
vn 0.08149828 -0.5555702 0.8274659
vn 0.16221169 -0.5555702 0.81549317
vn 0.24136288 -0.5555702 0.7956669
vn 0.31818968 -0.5555702 0.76817775
vn 0.3919521 -0.5555702 0.73329073
vn 0.4619398 -0.5555702 0.69134176
vn 0.5274788 -0.5555702 0.6427347
vn 0.58793783 -0.5555702 0.58793783
vn 0.6427347 -0.5555702 0.52747875
vn 0.69134176 -0.5555702 0.46193975
vn 0.7332908 -0.5555702 0.391952
vn 0.76817775 -0.5555702 0.31818965
vn 0.7956669 -0.5555702 0.24136287
vn 0.8154932 -0.5555702 0.16221161
vn 0.8274659 -0.5555702 0.08149827
vn 0.83146966 -0.5555702 -3.6344694E-08
vn 0.8274659 -0.5555702 -0.08149835
vn 0.81549317 -0.5555702 -0.16221169
vn 0.7956668 -0.5555702 -0.24136294
vn 0.76817775 -0.5555702 -0.31818974
vn 0.73329073 -0.5555702 -0.39195216
vn 0.6913417 -0.5555702 -0.4619399
vn 0.64273477 -0.5555702 -0.52747875
vn 0.58793783 -0.5555702 -0.58793783
vn 0.52747875 -0.5555702 -0.64273477
vn 0.46193975 -0.5555702 -0.69134176
vn 0.39195198 -0.5555702 -0.73329085
vn 0.31818953 -0.5555702 -0.76817787
vn 0.24136294 -0.5555702 -0.7956669
vn 0.16221167 -0.5555702 -0.8154932
vn 0.08149824 -0.5555702 -0.8274659
vn -7.268939E-08 -0.5555702 -0.83146966
vn -0.081498384 -0.5555702 -0.8274659
vn -0.16221182 -0.5555702 -0.81549317
vn -0.24136306 -0.5555702 -0.7956668
vn -0.31818965 -0.5555702 -0.76817775
vn -0.39195213 -0.5555702 -0.73329073
vn -0.46193984 -0.5555702 -0.6913417
vn -0.5274789 -0.5555702 -0.64273465
vn -0.5879379 -0.5555702 -0.5879377
vn -0.6427347 -0.5555702 -0.5274788
vn -0.6913419 -0.5555702 -0.4619396
vn -0.7332908 -0.5555702 -0.39195204
vn -0.7681779 -0.5555702 -0.3181894
vn -0.7956669 -0.5555702 -0.2413628
vn -0.81549317 -0.5555702 -0.16221173
vn -0.8274659 -0.5555702 -0.08149811
vn -0.83146966 -0.5555702 9.915176E-09
vn -0.8274659 -0.5555702 0.08149852
vn -0.81549317 -0.5555702 0.16221176
vn -0.79566675 -0.5555702 0.24136318
vn -0.76817775 -0.5555702 0.3181898
vn -0.7332908 -0.5555702 0.39195207
vn -0.69134164 -0.5555702 0.46193996
vn -0.6427347 -0.5555702 0.5274788
vn -0.5879376 -0.5555702 0.587938
vn -0.52747864 -0.5555702 0.6427348
vn -0.46193984 -0.5555702 0.69134176
vn -0.39195192 -0.5555702 0.73329085
vn -0.31818965 -0.5555702 0.7681778
vn -0.24136266 -0.5555702 0.79566693
vn -0.16221161 -0.5555702 0.8154932
vn -0.08149797 -0.5555702 0.82746595
vn 1.4537878E-07 -0.5555702 0.83146966
vn 0 -0.47139665 0.8819213
vn 0.0864434 -0.47139665 0.8776746
vn 0.1720543 -0.47139665 0.8649754
vn 0.25600824 -0.47139665 0.8439461
vn 0.3374967 -0.47139665 0.814789
vn 0.41573483 -0.47139665 0.7777851
vn 0.48996922 -0.47139665 0.73329073
vn 0.559485 -0.47139665 0.6817344
vn 0.6236125 -0.47139665 0.6236125
vn 0.6817344 -0.47139665 0.55948496
vn 0.7332908 -0.47139665 0.48996916
vn 0.7777852 -0.47139665 0.41573474
vn 0.814789 -0.47139665 0.33749667
vn 0.8439461 -0.47139665 0.2560082
vn 0.86497545 -0.47139665 0.17205423
vn 0.8776746 -0.47139665 0.086443394
vn 0.8819213 -0.47139665 -3.8550002E-08
vn 0.8776746 -0.47139665 -0.08644348
vn 0.8649754 -0.47139665 -0.1720543
vn 0.84394604 -0.47139665 -0.25600827
vn 0.814789 -0.47139665 -0.33749673
vn 0.7777851 -0.47139665 -0.41573492
vn 0.7332907 -0.47139665 -0.48996934
vn 0.6817344 -0.47139665 -0.55948496
vn 0.6236125 -0.47139665 -0.6236125
vn 0.55948496 -0.47139665 -0.6817344
vn 0.48996916 -0.47139665 -0.7332908
vn 0.4157347 -0.47139665 -0.77778524
vn 0.33749652 -0.47139665 -0.8147891
vn 0.25600827 -0.47139665 -0.8439461
vn 0.17205429 -0.47139665 -0.86497545
vn 0.086443365 -0.47139665 -0.8776746
vn -7.7100005E-08 -0.47139665 -0.8819213
vn -0.08644351 -0.47139665 -0.8776746
vn -0.17205445 -0.47139665 -0.8649754
vn -0.25600842 -0.47139665 -0.84394604
vn -0.33749667 -0.47139665 -0.814789
vn -0.41573486 -0.47139665 -0.7777851
vn -0.48996928 -0.47139665 -0.7332907
vn -0.559485 -0.47139665 -0.6817343
vn -0.62361264 -0.47139665 -0.6236124
vn -0.6817344 -0.47139665 -0.559485
vn -0.7332909 -0.47139665 -0.48996902
vn -0.7777852 -0.47139665 -0.41573477
vn -0.8147892 -0.47139665 -0.3374964
vn -0.8439461 -0.47139665 -0.25600812
vn -0.8649754 -0.47139665 -0.17205437
vn -0.8776746 -0.47139665 -0.08644322
vn -0.8819213 -0.47139665 1.0516806E-08
vn -0.8776746 -0.47139665 0.08644366
vn -0.8649754 -0.47139665 0.1720544
vn -0.843946 -0.47139665 0.25600854
vn -0.81478894 -0.47139665 0.33749682
vn -0.7777852 -0.47139665 0.4157348
vn -0.7332906 -0.47139665 0.48996937
vn -0.6817344 -0.47139665 0.559485
vn -0.6236123 -0.47139665 0.6236127
vn -0.55948484 -0.47139665 0.68173444
vn -0.48996928 -0.47139665 0.73329073
vn -0.41573465 -0.47139665 0.77778524
vn -0.33749667 -0.47139665 0.81478906
vn -0.256008 -0.47139665 0.8439461
vn -0.17205423 -0.47139665 0.86497545
vn -0.086443074 -0.47139665 0.87767464
vn 1.5420001E-07 -0.47139665 0.8819213
vn 0 -0.38268343 0.9238795
vn 0.090556026 -0.38268343 0.9194308
vn 0.18023995 -0.38268343 0.9061274
vn 0.26818806 -0.38268343 0.8840976
vn 0.3535534 -0.38268343 0.85355335
vn 0.4355138 -0.38268343 0.81478894
vn 0.51328 -0.38268343 0.7681777
vn 0.586103 -0.38268343 0.7141685
vn 0.65328145 -0.38268343 0.65328145
vn 0.7141685 -0.38268343 0.58610296
vn 0.76817775 -0.38268343 0.5132799
vn 0.814789 -0.38268343 0.4355137
vn 0.85355335 -0.38268343 0.35355338
vn 0.8840976 -0.38268343 0.26818803
vn 0.90612745 -0.38268343 0.18023987
vn 0.9194308 -0.38268343 0.09055602
vn 0.9238795 -0.38268343 -4.0384055E-08
vn 0.9194308 -0.38268343 -0.0905561
vn 0.9061274 -0.38268343 -0.18023995
vn 0.8840975 -0.38268343 -0.26818812
vn 0.85355335 -0.38268343 -0.35355344
vn 0.81478894 -0.38268343 -0.43551388
vn 0.7681777 -0.38268343 -0.5132801
vn 0.71416855 -0.38268343 -0.58610296
vn 0.65328145 -0.38268343 -0.65328145
vn 0.58610296 -0.38268343 -0.71416855
vn 0.5132799 -0.38268343 -0.76817775
vn 0.43551368 -0.38268343 -0.81478906
vn 0.35355324 -0.38268343 -0.8535535
vn 0.26818812 -0.38268343 -0.8840976
vn 0.18023993 -0.38268343 -0.90612745
vn 0.09055599 -0.38268343 -0.9194308
vn -8.076811E-08 -0.38268343 -0.9238795
vn -0.090556145 -0.38268343 -0.9194308
vn -0.18024011 -0.38268343 -0.9061274
vn -0.26818824 -0.38268343 -0.8840975
vn -0.35355338 -0.38268343 -0.85355335
vn -0.43551382 -0.38268343 -0.81478894
vn -0.51328003 -0.38268343 -0.7681777
vn -0.5861031 -0.38268343 -0.7141684
vn -0.65328157 -0.38268343 -0.65328133
vn -0.7141685 -0.38268343 -0.586103
vn -0.76817787 -0.38268343 -0.51327974
vn -0.814789 -0.38268343 -0.43551373
vn -0.8535535 -0.38268343 -0.3535531
vn -0.8840976 -0.38268343 -0.26818794
vn -0.9061274 -0.38268343 -0.18024
vn -0.9194308 -0.38268343 -0.09055583
vn -0.9238795 -0.38268343 1.10171525E-08
vn -0.9194308 -0.38268343 0.090556294
vn -0.9061274 -0.38268343 0.18024004
vn -0.88409746 -0.38268343 0.2681884
vn -0.8535533 -0.38268343 0.35355353
vn -0.814789 -0.38268343 0.43551376
vn -0.7681776 -0.38268343 0.51328015
vn -0.7141685 -0.38268343 0.586103
vn -0.6532812 -0.38268343 0.6532817
vn -0.58610284 -0.38268343 0.7141686
vn -0.51328003 -0.38268343 0.7681777
vn -0.4355136 -0.38268343 0.81478906
vn -0.35355338 -0.38268343 0.8535534
vn -0.2681878 -0.38268343 0.88409764
vn -0.18023987 -0.38268343 0.90612745
vn -0.09055568 -0.38268343 0.9194308
vn 1.6153622E-07 -0.38268343 0.9238795
vn 0 -0.29028463 0.95694035
vn 0.09379656 -0.29028463 0.95233244
vn 0.18668981 -0.29028463 0.938553
vn 0.27778512 -0.29028463 0.9157348
vn 0.36620525 -0.29028463 0.8840976
vn 0.45109856 -0.29028463 0.84394604
vn 0.53164756 -0.29028463 0.7956668
vn 0.6070766 -0.29028463 0.7397249
vn 0.676659 -0.29028463 0.676659
vn 0.7397249 -0.29028463 0.6070765
vn 0.7956669 -0.29028463 0.5316475
vn 0.8439461 -0.29028463 0.45109847
vn 0.8840976 -0.29028463 0.36620522
vn 0.9157348 -0.29028463 0.2777851
vn 0.93855304 -0.29028463 0.18668972
vn 0.95233244 -0.29028463 0.09379655
vn 0.95694035 -0.29028463 -4.1829193E-08
vn 0.95233244 -0.29028463 -0.09379663
vn 0.938553 -0.29028463 -0.18668981
vn 0.91573477 -0.29028463 -0.27778515
vn 0.8840976 -0.29028463 -0.3662053
vn 0.84394604 -0.29028463 -0.45109865
vn 0.79566675 -0.29028463 -0.5316477
vn 0.73972493 -0.29028463 -0.6070765
vn 0.676659 -0.29028463 -0.676659
vn 0.6070765 -0.29028463 -0.73972493
vn 0.5316475 -0.29028463 -0.7956669
vn 0.45109844 -0.29028463 -0.8439461
vn 0.36620507 -0.29028463 -0.8840977
vn 0.27778515 -0.29028463 -0.9157348
vn 0.1866898 -0.29028463 -0.93855304
vn 0.093796514 -0.29028463 -0.95233244
vn -8.3658385E-08 -0.29028463 -0.95694035
vn -0.09379668 -0.29028463 -0.95233244
vn -0.18668996 -0.29028463 -0.938553
vn -0.2777853 -0.29028463 -0.91573477
vn -0.36620522 -0.29028463 -0.8840976
vn -0.4510986 -0.29028463 -0.84394604
vn -0.5316476 -0.29028463 -0.79566675
vn -0.60707664 -0.29028463 -0.7397248
vn -0.6766591 -0.29028463 -0.67665887
vn -0.7397249 -0.29028463 -0.6070766
vn -0.795667 -0.29028463 -0.5316474
vn -0.8439461 -0.29028463 -0.4510985
vn -0.88409775 -0.29028463 -0.36620492
vn -0.9157348 -0.29028463 -0.277785
vn -0.938553 -0.29028463 -0.18668985
vn -0.95233244 -0.29028463 -0.09379636
vn -0.95694035 -0.29028463 1.14114E-08
vn -0.95233244 -0.29028463 0.093796834
vn -0.938553 -0.29028463 0.18668988
vn -0.9157347 -0.29028463 0.27778545
vn -0.8840975 -0.29028463 0.3662054
vn -0.8439461 -0.29028463 0.45109853
vn -0.7956667 -0.29028463 0.53164774
vn -0.7397249 -0.29028463 0.6070766
vn -0.67665875 -0.29028463 0.6766592
vn -0.6070764 -0.29028463 0.739725
vn -0.5316476 -0.29028463 0.7956668
vn -0.45109835 -0.29028463 0.8439461
vn -0.36620522 -0.29028463 0.88409764
vn -0.27778485 -0.29028463 0.9157349
vn -0.18668972 -0.29028463 0.93855304
vn -0.0937962 -0.29028463 0.9523325
vn 1.6731677E-07 -0.29028463 0.95694035
vn 0 -0.19509023 0.9807853
vn 0.09613377 -0.19509023 0.97606254
vn 0.19134173 -0.19509023 0.96193975
vn 0.28470692 -0.19509023 0.93855304
vn 0.3753303 -0.19509023 0.90612745
vn 0.462339 -0.19509023 0.8649754
vn 0.5448951 -0.19509023 0.81549317
vn 0.62220365 -0.19509023 0.75815725
vn 0.69351995 -0.19509023 0.69351995
vn 0.75815725 -0.19509023 0.6222036
vn 0.8154932 -0.19509023 0.54489505
vn 0.86497545 -0.19509023 0.46233892
vn 0.90612745 -0.19509023 0.37533027
vn 0.93855304 -0.19509023 0.2847069
vn 0.9619398 -0.19509023 0.19134164
vn 0.97606254 -0.19509023 0.09613377
vn 0.9807853 -0.19509023 -4.2871488E-08
vn 0.97606254 -0.19509023 -0.09613385
vn 0.96193975 -0.19509023 -0.19134173
vn 0.938553 -0.19509023 -0.28470698
vn 0.90612745 -0.19509023 -0.37533036
vn 0.8649754 -0.19509023 -0.4623391
vn 0.8154931 -0.19509023 -0.54489523
vn 0.7581573 -0.19509023 -0.6222036
vn 0.69351995 -0.19509023 -0.69351995
vn 0.6222036 -0.19509023 -0.7581573
vn 0.54489505 -0.19509023 -0.8154932
vn 0.4623389 -0.19509023 -0.8649755
vn 0.37533015 -0.19509023 -0.9061276
vn 0.28470698 -0.19509023 -0.93855304
vn 0.19134171 -0.19509023 -0.9619398
vn 0.09613373 -0.19509023 -0.97606254
vn -8.5742975E-08 -0.19509023 -0.9807853
vn -0.096133895 -0.19509023 -0.97606254
vn -0.19134188 -0.19509023 -0.96193975
vn -0.28470713 -0.19509023 -0.938553
vn -0.37533027 -0.19509023 -0.90612745
vn -0.46233904 -0.19509023 -0.8649754
vn -0.5448952 -0.19509023 -0.8154931
vn -0.6222037 -0.19509023 -0.7581572
vn -0.69352007 -0.19509023 -0.69351983
vn -0.75815725 -0.19509023 -0.62220365
vn -0.81549335 -0.19509023 -0.5448949
vn -0.86497545 -0.19509023 -0.46233895
vn -0.90612763 -0.19509023 -0.37533
vn -0.93855304 -0.19509023 -0.28470683
vn -0.96193975 -0.19509023 -0.19134179
vn -0.97606254 -0.19509023 -0.09613357
vn -0.9807853 -0.19509023 1.16957475E-08
vn -0.97606254 -0.19509023 0.09613406
vn -0.96193975 -0.19509023 0.19134182
vn -0.9385529 -0.19509023 0.28470728
vn -0.9061274 -0.19509023 0.37533045
vn -0.86497545 -0.19509023 0.46233898
vn -0.81549305 -0.19509023 0.5448953
vn -0.75815725 -0.19509023 0.62220365
vn -0.6935197 -0.19509023 0.6935202
vn -0.62220347 -0.19509023 0.7581574
vn -0.5448952 -0.19509023 0.81549317
vn -0.4623388 -0.19509023 0.8649755
vn -0.37533027 -0.19509023 0.9061275
vn -0.28470668 -0.19509023 0.9385531
vn -0.19134164 -0.19509023 0.9619398
vn -0.0961334 -0.19509023 0.9760626
vn 1.7148595E-07 -0.19509023 0.9807853
vn 0 -0.098017134 0.9951847
vn 0.09754516 -0.098017134 0.9903926
vn 0.19415091 -0.098017134 0.9760625
vn 0.28888687 -0.098017134 0.95233244
vn 0.38084072 -0.098017134 0.9194308
vn 0.46912685 -0.098017134 0.8776745
vn 0.552895 -0.098017134 0.82746583
vn 0.63133854 -0.098017134 0.7692882
vn 0.70370185 -0.098017134 0.70370185
vn 0.7692882 -0.098017134 0.6313385
vn 0.8274659 -0.098017134 0.55289495
vn 0.8776746 -0.098017134 0.46912676
vn 0.9194308 -0.098017134 0.3808407
vn 0.95233244 -0.098017134 0.28888685
vn 0.97606254 -0.098017134 0.19415082
vn 0.9903926 -0.098017134 0.097545154
vn 0.9951847 -0.098017134 -4.3500904E-08
vn 0.9903926 -0.098017134 -0.097545244
vn 0.9760625 -0.098017134 -0.19415091
vn 0.9523324 -0.098017134 -0.28888693
vn 0.9194308 -0.098017134 -0.38084078
vn 0.8776745 -0.098017134 -0.46912694
vn 0.8274658 -0.098017134 -0.5528951
vn 0.76928824 -0.098017134 -0.6313385
vn 0.70370185 -0.098017134 -0.70370185
vn 0.6313385 -0.098017134 -0.76928824
vn 0.55289495 -0.098017134 -0.8274659
vn 0.46912673 -0.098017134 -0.87767464
vn 0.38084054 -0.098017134 -0.9194309
vn 0.28888693 -0.098017134 -0.95233244
vn 0.1941509 -0.098017134 -0.97606254
vn 0.09754512 -0.098017134 -0.9903926
vn -8.700181E-08 -0.098017134 -0.9951847
vn -0.09754529 -0.098017134 -0.9903926
vn -0.19415107 -0.098017134 -0.9760625
vn -0.28888708 -0.098017134 -0.9523324
vn -0.3808407 -0.098017134 -0.9194308
vn -0.46912688 -0.098017134 -0.8776745
vn -0.55289507 -0.098017134 -0.8274658
vn -0.6313386 -0.098017134 -0.7692881
vn -0.703702 -0.098017134 -0.70370173
vn -0.7692882 -0.098017134 -0.63133854
vn -0.827466 -0.098017134 -0.5528948
vn -0.8776746 -0.098017134 -0.4691268
vn -0.919431 -0.098017134 -0.3808404
vn -0.95233244 -0.098017134 -0.28888676
vn -0.9760625 -0.098017134 -0.19415097
vn -0.9903926 -0.098017134 -0.09754495
vn -0.9951847 -0.098017134 1.1867459E-08
vn -0.9903926 -0.098017134 0.09754545
vn -0.9760625 -0.098017134 0.194151
vn -0.9523323 -0.098017134 0.2888872
vn -0.91943073 -0.098017134 0.38084087
vn -0.8776746 -0.098017134 0.46912682
vn -0.8274657 -0.098017134 0.5528952
vn -0.7692882 -0.098017134 0.63133854
vn -0.7037016 -0.098017134 0.7037021
vn -0.63133836 -0.098017134 0.7692883
vn -0.55289507 -0.098017134 0.82746583
vn -0.46912664 -0.098017134 0.87767464
vn -0.3808407 -0.098017134 0.91943085
vn -0.2888866 -0.098017134 0.9523325
vn -0.19415082 -0.098017134 0.97606254
vn -0.09754479 -0.098017134 0.9903927
vn 1.7400362E-07 -0.098017134 0.9951847
vn 0 4.371139E-08 1
vn 0.09801714 4.371139E-08 0.9951847
vn 0.19509032 4.371139E-08 0.98078525
vn 0.29028466 4.371139E-08 0.95694035
vn 0.38268346 4.371139E-08 0.9238795
vn 0.47139674 4.371139E-08 0.88192123
vn 0.55557024 4.371139E-08 0.8314696
vn 0.63439333 4.371139E-08 0.77301043
vn 0.70710677 4.371139E-08 0.70710677
vn 0.77301043 4.371139E-08 0.6343933
vn 0.83146966 4.371139E-08 0.5555702
vn 0.8819213 4.371139E-08 0.47139665
vn 0.9238795 4.371139E-08 0.38268343
vn 0.95694035 4.371139E-08 0.29028463
vn 0.9807853 4.371139E-08 0.19509023
vn 0.9951847 4.371139E-08 0.098017134
vn 1 4.371139E-08 -4.371139E-08
vn 0.9951847 4.371139E-08 -0.09801722
vn 0.98078525 4.371139E-08 -0.19509032
vn 0.9569403 4.371139E-08 -0.29028472
vn 0.9238795 4.371139E-08 -0.38268352
vn 0.88192123 4.371139E-08 -0.47139683
vn 0.83146954 4.371139E-08 -0.55557036
vn 0.7730105 4.371139E-08 -0.6343933
vn 0.70710677 4.371139E-08 -0.70710677
vn 0.6343933 4.371139E-08 -0.7730105
vn 0.5555702 4.371139E-08 -0.83146966
vn 0.47139663 4.371139E-08 -0.88192135
vn 0.38268328 4.371139E-08 -0.9238796
vn 0.29028472 4.371139E-08 -0.95694035
vn 0.19509031 4.371139E-08 -0.9807853
vn 0.0980171 4.371139E-08 -0.9951847
vn -8.742278E-08 4.371139E-08 -1
vn -0.09801727 4.371139E-08 -0.9951847
vn -0.19509049 4.371139E-08 -0.98078525
vn -0.29028487 4.371139E-08 -0.9569403
vn -0.38268343 4.371139E-08 -0.9238795
vn -0.47139677 4.371139E-08 -0.88192123
vn -0.5555703 4.371139E-08 -0.83146954
vn -0.6343934 4.371139E-08 -0.7730104
vn -0.7071069 4.371139E-08 -0.70710665
vn -0.77301043 4.371139E-08 -0.63439333
vn -0.8314698 4.371139E-08 -0.55557
vn -0.8819213 4.371139E-08 -0.47139668
vn -0.9238797 4.371139E-08 -0.38268313
vn -0.95694035 4.371139E-08 -0.29028454
vn -0.98078525 4.371139E-08 -0.19509038
vn -0.9951847 4.371139E-08 -0.09801693
vn -1 4.371139E-08 1.1924881E-08
vn -0.9951847 4.371139E-08 0.09801743
vn -0.98078525 4.371139E-08 0.19509041
vn -0.95694023 4.371139E-08 0.29028502
vn -0.92387944 4.371139E-08 0.3826836
vn -0.8819213 4.371139E-08 0.4713967
vn -0.8314695 4.371139E-08 0.5555704
vn -0.77301043 4.371139E-08 0.63439333
vn -0.70710653 4.371139E-08 0.707107
vn -0.63439316 4.371139E-08 0.77301055
vn -0.5555703 4.371139E-08 0.8314696
vn -0.47139654 4.371139E-08 0.88192135
vn -0.38268343 4.371139E-08 0.92387956
vn -0.2902844 4.371139E-08 0.9569404
vn -0.19509023 4.371139E-08 0.9807853
vn -0.09801677 4.371139E-08 0.9951848
vn 1.7484555E-07 4.371139E-08 1
vn 0 0.09801722 0.9951847
vn 0.09754516 0.09801722 0.9903926
vn 0.19415091 0.09801722 0.9760625
vn 0.28888687 0.09801722 0.95233244
vn 0.38084072 0.09801722 0.9194308
vn 0.46912685 0.09801722 0.8776745
vn 0.552895 0.09801722 0.82746583
vn 0.63133854 0.09801722 0.7692882
vn 0.70370185 0.09801722 0.70370185
vn 0.7692882 0.09801722 0.6313385
vn 0.8274659 0.09801722 0.55289495
vn 0.8776746 0.09801722 0.46912676
vn 0.9194308 0.09801722 0.3808407
vn 0.95233244 0.09801722 0.28888685
vn 0.97606254 0.09801722 0.19415082
vn 0.9903926 0.09801722 0.097545154
vn 0.9951847 0.09801722 -4.3500904E-08
vn 0.9903926 0.09801722 -0.097545244
vn 0.9760625 0.09801722 -0.19415091
vn 0.9523324 0.09801722 -0.28888693
vn 0.9194308 0.09801722 -0.38084078
vn 0.8776745 0.09801722 -0.46912694
vn 0.8274658 0.09801722 -0.5528951
vn 0.76928824 0.09801722 -0.6313385
vn 0.70370185 0.09801722 -0.70370185
vn 0.6313385 0.09801722 -0.76928824
vn 0.55289495 0.09801722 -0.8274659
vn 0.46912673 0.09801722 -0.87767464
vn 0.38084054 0.09801722 -0.9194309
vn 0.28888693 0.09801722 -0.95233244
vn 0.1941509 0.09801722 -0.97606254
vn 0.09754512 0.09801722 -0.9903926
vn -8.700181E-08 0.09801722 -0.9951847
vn -0.09754529 0.09801722 -0.9903926
vn -0.19415107 0.09801722 -0.9760625
vn -0.28888708 0.09801722 -0.9523324
vn -0.3808407 0.09801722 -0.9194308
vn -0.46912688 0.09801722 -0.8776745
vn -0.55289507 0.09801722 -0.8274658
vn -0.6313386 0.09801722 -0.7692881
vn -0.703702 0.09801722 -0.70370173
vn -0.7692882 0.09801722 -0.63133854
vn -0.827466 0.09801722 -0.5528948
vn -0.8776746 0.09801722 -0.4691268
vn -0.919431 0.09801722 -0.3808404
vn -0.95233244 0.09801722 -0.28888676
vn -0.9760625 0.09801722 -0.19415097
vn -0.9903926 0.09801722 -0.09754495
vn -0.9951847 0.09801722 1.1867459E-08
vn -0.9903926 0.09801722 0.09754545
vn -0.9760625 0.09801722 0.194151
vn -0.9523323 0.09801722 0.2888872
vn -0.91943073 0.09801722 0.38084087
vn -0.8776746 0.09801722 0.46912682
vn -0.8274657 0.09801722 0.5528952
vn -0.7692882 0.09801722 0.63133854
vn -0.7037016 0.09801722 0.7037021
vn -0.63133836 0.09801722 0.7692883
vn -0.55289507 0.09801722 0.82746583
vn -0.46912664 0.09801722 0.87767464
vn -0.3808407 0.09801722 0.91943085
vn -0.2888866 0.09801722 0.9523325
vn -0.19415082 0.09801722 0.97606254
vn -0.09754479 0.09801722 0.9903927
vn 1.7400362E-07 0.09801722 0.9951847
vn 0 0.19509032 0.98078525
vn 0.09613377 0.19509032 0.9760625
vn 0.19134171 0.19509032 0.9619397
vn 0.28470692 0.19509032 0.938553
vn 0.3753303 0.19509032 0.9061274
vn 0.46233898 0.19509032 0.86497533
vn 0.5448951 0.19509032 0.8154931
vn 0.62220365 0.19509032 0.75815725
vn 0.6935199 0.19509032 0.6935199
vn 0.75815725 0.19509032 0.6222036
vn 0.81549317 0.19509032 0.54489505
vn 0.8649754 0.19509032 0.4623389
vn 0.9061274 0.19509032 0.37533027
vn 0.938553 0.19509032 0.2847069
vn 0.96193975 0.19509032 0.19134162
vn 0.9760625 0.19509032 0.09613376
vn 0.98078525 0.19509032 -4.2871484E-08
vn 0.9760625 0.19509032 -0.09613385
vn 0.9619397 0.19509032 -0.19134171
vn 0.9385529 0.19509032 -0.28470698
vn 0.9061274 0.19509032 -0.37533036
vn 0.86497533 0.19509032 -0.46233907
vn 0.81549305 0.19509032 -0.54489523
vn 0.7581573 0.19509032 -0.6222036
vn 0.6935199 0.19509032 -0.6935199
vn 0.6222036 0.19509032 -0.7581573
vn 0.54489505 0.19509032 -0.81549317
vn 0.46233886 0.19509032 -0.86497545
vn 0.37533012 0.19509032 -0.9061275
vn 0.28470698 0.19509032 -0.938553
vn 0.1913417 0.19509032 -0.96193975
vn 0.096133724 0.19509032 -0.9760625
vn -8.574297E-08 0.19509032 -0.98078525
vn -0.09613389 0.19509032 -0.9760625
vn -0.19134188 0.19509032 -0.9619397
vn -0.28470713 0.19509032 -0.9385529
vn -0.37533027 0.19509032 -0.9061274
vn -0.462339 0.19509032 -0.86497533
vn -0.5448952 0.19509032 -0.81549305
vn -0.6222037 0.19509032 -0.7581572
vn -0.69352 0.19509032 -0.6935198
vn -0.75815725 0.19509032 -0.62220365
vn -0.8154933 0.19509032 -0.5448949
vn -0.8649754 0.19509032 -0.46233892
vn -0.9061276 0.19509032 -0.37532997
vn -0.938553 0.19509032 -0.2847068
vn -0.9619397 0.19509032 -0.19134177
vn -0.9760625 0.19509032 -0.09613356
vn -0.98078525 0.19509032 1.16957475E-08
vn -0.9760625 0.19509032 0.09613405
vn -0.9619397 0.19509032 0.1913418
vn -0.93855286 0.19509032 0.28470728
vn -0.90612733 0.19509032 0.37533045
vn -0.8649754 0.19509032 0.46233895
vn -0.815493 0.19509032 0.5448953
vn -0.75815725 0.19509032 0.62220365
vn -0.69351965 0.19509032 0.6935201
vn -0.62220347 0.19509032 0.7581574
vn -0.5448952 0.19509032 0.8154931
vn -0.46233878 0.19509032 0.86497545
vn -0.37533027 0.19509032 0.90612745
vn -0.28470665 0.19509032 0.93855304
vn -0.19134162 0.19509032 0.96193975
vn -0.0961334 0.19509032 0.97606254
vn 1.7148594E-07 0.19509032 0.98078525
vn 0 0.29028472 0.9569403
vn 0.09379655 0.29028472 0.9523324
vn 0.1866898 0.29028472 0.9385529
vn 0.2777851 0.29028472 0.91573477
vn 0.36620522 0.29028472 0.8840975
vn 0.45109853 0.29028472 0.843946
vn 0.53164756 0.29028472 0.79566675
vn 0.6070765 0.29028472 0.7397248
vn 0.676659 0.29028472 0.676659
vn 0.7397248 0.29028472 0.60707647
vn 0.7956668 0.29028472 0.5316475
vn 0.84394604 0.29028472 0.45109844
vn 0.8840975 0.29028472 0.3662052
vn 0.91573477 0.29028472 0.27778506
vn 0.938553 0.29028472 0.1866897
vn 0.9523324 0.29028472 0.093796544
vn 0.9569403 0.29028472 -4.182919E-08
vn 0.9523324 0.29028472 -0.09379663
vn 0.9385529 0.29028472 -0.1866898
vn 0.9157347 0.29028472 -0.27778515
vn 0.8840975 0.29028472 -0.36620528
vn 0.843946 0.29028472 -0.45109862
vn 0.7956667 0.29028472 -0.5316477
vn 0.7397249 0.29028472 -0.60707647
vn 0.676659 0.29028472 -0.676659
vn 0.60707647 0.29028472 -0.7397249
vn 0.5316475 0.29028472 -0.7956668
vn 0.4510984 0.29028472 -0.8439461
vn 0.36620504 0.29028472 -0.88409764
vn 0.27778515 0.29028472 -0.91573477
vn 0.18668978 0.29028472 -0.938553
vn 0.09379651 0.29028472 -0.9523324
vn -8.365838E-08 0.29028472 -0.9569403
vn -0.09379667 0.29028472 -0.9523324
vn -0.18668994 0.29028472 -0.9385529
vn -0.2777853 0.29028472 -0.9157347
vn -0.3662052 0.29028472 -0.8840975
vn -0.45109856 0.29028472 -0.843946
vn -0.5316476 0.29028472 -0.7956667
vn -0.6070766 0.29028472 -0.73972476
vn -0.67665905 0.29028472 -0.67665887
vn -0.7397248 0.29028472 -0.6070765
vn -0.79566693 0.29028472 -0.5316473
vn -0.84394604 0.29028472 -0.45109847
vn -0.8840977 0.29028472 -0.36620492
vn -0.91573477 0.29028472 -0.27778497
vn -0.9385529 0.29028472 -0.18668985
vn -0.9523324 0.29028472 -0.09379635
vn -0.9569403 0.29028472 1.1411399E-08
vn -0.9523324 0.29028472 0.09379683
vn -0.9385529 0.29028472 0.18668988
vn -0.91573465 0.29028472 0.27778542
vn -0.88409746 0.29028472 0.36620536
vn -0.84394604 0.29028472 0.4510985
vn -0.79566664 0.29028472 0.53164774
vn -0.7397248 0.29028472 0.6070765
vn -0.67665875 0.29028472 0.67665917
vn -0.60707635 0.29028472 0.73972493
vn -0.5316476 0.29028472 0.79566675
vn -0.45109835 0.29028472 0.8439461
vn -0.3662052 0.29028472 0.8840976
vn -0.27778482 0.29028472 0.9157348
vn -0.1866897 0.29028472 0.938553
vn -0.09379619 0.29028472 0.95233244
vn 1.6731676E-07 0.29028472 0.9569403
vn 0 0.38268352 0.9238795
vn 0.090556026 0.38268352 0.9194308
vn 0.18023995 0.38268352 0.9061274
vn 0.26818806 0.38268352 0.8840976
vn 0.3535534 0.38268352 0.85355335
vn 0.4355138 0.38268352 0.81478894
vn 0.51328 0.38268352 0.7681777
vn 0.586103 0.38268352 0.7141685
vn 0.65328145 0.38268352 0.65328145
vn 0.7141685 0.38268352 0.58610296
vn 0.76817775 0.38268352 0.5132799
vn 0.814789 0.38268352 0.4355137
vn 0.85355335 0.38268352 0.35355338
vn 0.8840976 0.38268352 0.26818803
vn 0.90612745 0.38268352 0.18023987
vn 0.9194308 0.38268352 0.09055602
vn 0.9238795 0.38268352 -4.0384055E-08
vn 0.9194308 0.38268352 -0.0905561
vn 0.9061274 0.38268352 -0.18023995
vn 0.8840975 0.38268352 -0.26818812
vn 0.85355335 0.38268352 -0.35355344
vn 0.81478894 0.38268352 -0.43551388
vn 0.7681777 0.38268352 -0.5132801
vn 0.71416855 0.38268352 -0.58610296
vn 0.65328145 0.38268352 -0.65328145
vn 0.58610296 0.38268352 -0.71416855
vn 0.5132799 0.38268352 -0.76817775
vn 0.43551368 0.38268352 -0.81478906
vn 0.35355324 0.38268352 -0.8535535
vn 0.26818812 0.38268352 -0.8840976
vn 0.18023993 0.38268352 -0.90612745
vn 0.09055599 0.38268352 -0.9194308
vn -8.076811E-08 0.38268352 -0.9238795
vn -0.090556145 0.38268352 -0.9194308
vn -0.18024011 0.38268352 -0.9061274
vn -0.26818824 0.38268352 -0.8840975
vn -0.35355338 0.38268352 -0.85355335
vn -0.43551382 0.38268352 -0.81478894
vn -0.51328003 0.38268352 -0.7681777
vn -0.5861031 0.38268352 -0.7141684
vn -0.65328157 0.38268352 -0.65328133
vn -0.7141685 0.38268352 -0.586103
vn -0.76817787 0.38268352 -0.51327974
vn -0.814789 0.38268352 -0.43551373
vn -0.8535535 0.38268352 -0.3535531
vn -0.8840976 0.38268352 -0.26818794
vn -0.9061274 0.38268352 -0.18024
vn -0.9194308 0.38268352 -0.09055583
vn -0.9238795 0.38268352 1.10171525E-08
vn -0.9194308 0.38268352 0.090556294
vn -0.9061274 0.38268352 0.18024004
vn -0.88409746 0.38268352 0.2681884
vn -0.8535533 0.38268352 0.35355353
vn -0.814789 0.38268352 0.43551376
vn -0.7681776 0.38268352 0.51328015
vn -0.7141685 0.38268352 0.586103
vn -0.6532812 0.38268352 0.6532817
vn -0.58610284 0.38268352 0.7141686
vn -0.51328003 0.38268352 0.7681777
vn -0.4355136 0.38268352 0.81478906
vn -0.35355338 0.38268352 0.8535534
vn -0.2681878 0.38268352 0.88409764
vn -0.18023987 0.38268352 0.90612745
vn -0.09055568 0.38268352 0.9194308
vn 1.6153622E-07 0.38268352 0.9238795
vn 0 0.47139683 0.88192123
vn 0.086443394 0.47139683 0.8776745
vn 0.1720543 0.47139683 0.86497533
vn 0.2560082 0.47139683 0.84394604
vn 0.33749667 0.47139683 0.81478894
vn 0.4157348 0.47139683 0.77778506
vn 0.4899692 0.47139683 0.7332907
vn 0.55948496 0.47139683 0.6817343
vn 0.62361246 0.47139683 0.62361246
vn 0.6817343 0.47139683 0.5594849
vn 0.73329073 0.47139683 0.48996913
vn 0.7777851 0.47139683 0.4157347
vn 0.81478894 0.47139683 0.33749664
vn 0.84394604 0.47139683 0.25600818
vn 0.8649754 0.47139683 0.17205422
vn 0.8776745 0.47139683 0.086443394
vn 0.88192123 0.47139683 -3.8550002E-08
vn 0.8776745 0.47139683 -0.08644347
vn 0.86497533 0.47139683 -0.1720543
vn 0.843946 0.47139683 -0.25600827
vn 0.81478894 0.47139683 -0.33749673
vn 0.77778506 0.47139683 -0.4157349
vn 0.7332906 0.47139683 -0.4899693
vn 0.6817344 0.47139683 -0.5594849
vn 0.62361246 0.47139683 -0.62361246
vn 0.5594849 0.47139683 -0.6817344
vn 0.48996913 0.47139683 -0.73329073
vn 0.41573468 0.47139683 -0.7777852
vn 0.33749652 0.47139683 -0.81478906
vn 0.25600827 0.47139683 -0.84394604
vn 0.17205429 0.47139683 -0.8649754
vn 0.08644336 0.47139683 -0.8776745
vn -7.7100005E-08 0.47139683 -0.88192123
vn -0.086443506 0.47139683 -0.8776745
vn -0.17205444 0.47139683 -0.86497533
vn -0.2560084 0.47139683 -0.843946
vn -0.33749664 0.47139683 -0.81478894
vn -0.41573483 0.47139683 -0.77778506
vn -0.48996925 0.47139683 -0.7332906
vn -0.559485 0.47139683 -0.68173426
vn -0.6236126 0.47139683 -0.62361234
vn -0.6817343 0.47139683 -0.55948496
vn -0.73329085 0.47139683 -0.489969
vn -0.7777851 0.47139683 -0.41573474
vn -0.8147891 0.47139683 -0.33749637
vn -0.84394604 0.47139683 -0.2560081
vn -0.86497533 0.47139683 -0.17205435
vn -0.8776745 0.47139683 -0.086443216
vn -0.88192123 0.47139683 1.0516805E-08
vn -0.8776745 0.47139683 0.086443655
vn -0.86497533 0.47139683 0.17205438
vn -0.8439459 0.47139683 0.25600854
vn -0.8147889 0.47139683 0.3374968
vn -0.7777851 0.47139683 0.41573477
vn -0.7332906 0.47139683 0.48996934
vn -0.6817343 0.47139683 0.55948496
vn -0.6236123 0.47139683 0.6236127
vn -0.5594848 0.47139683 0.68173444
vn -0.48996925 0.47139683 0.7332907
vn -0.41573462 0.47139683 0.7777852
vn -0.33749664 0.47139683 0.814789
vn -0.25600797 0.47139683 0.84394604
vn -0.17205422 0.47139683 0.8649754
vn -0.08644307 0.47139683 0.8776746
vn 1.5420001E-07 0.47139683 0.88192123
vn 0 0.55557036 0.83146954
vn 0.081498265 0.55557036 0.8274658
vn 0.16221166 0.55557036 0.81549305
vn 0.24136285 0.55557036 0.79566675
vn 0.31818962 0.55557036 0.7681777
vn 0.39195204 0.55557036 0.7332906
vn 0.46193972 0.55557036 0.69134164
vn 0.52747875 0.55557036 0.64273465
vn 0.5879377 0.55557036 0.5879377
vn 0.64273465 0.55557036 0.5274787
vn 0.6913417 0.55557036 0.4619397
vn 0.7332907 0.55557036 0.39195195
vn 0.7681777 0.55557036 0.31818962
vn 0.79566675 0.55557036 0.24136283
vn 0.8154931 0.55557036 0.16221158
vn 0.8274658 0.55557036 0.08149826
vn 0.83146954 0.55557036 -3.6344687E-08
vn 0.8274658 0.55557036 -0.08149833
vn 0.81549305 0.55557036 -0.16221166
vn 0.7956667 0.55557036 -0.2413629
vn 0.7681777 0.55557036 -0.31818968
vn 0.7332906 0.55557036 -0.3919521
vn 0.6913416 0.55557036 -0.46193984
vn 0.64273465 0.55557036 -0.5274787
vn 0.5879377 0.55557036 -0.5879377
vn 0.5274787 0.55557036 -0.64273465
vn 0.4619397 0.55557036 -0.6913417
vn 0.39195192 0.55557036 -0.73329073
vn 0.31818947 0.55557036 -0.76817775
vn 0.2413629 0.55557036 -0.79566675
vn 0.16221164 0.55557036 -0.8154931
vn 0.08149823 0.55557036 -0.8274658
vn -7.2689375E-08 0.55557036 -0.83146954
vn -0.08149837 0.55557036 -0.8274658
vn -0.16221179 0.55557036 -0.81549305
vn -0.24136303 0.55557036 -0.7956667
vn -0.31818962 0.55557036 -0.7681777
vn -0.39195207 0.55557036 -0.7332906
vn -0.46193978 0.55557036 -0.6913416
vn -0.52747875 0.55557036 -0.6427346
vn -0.58793783 0.55557036 -0.58793765
vn -0.64273465 0.55557036 -0.52747875
vn -0.69134176 0.55557036 -0.46193954
vn -0.7332907 0.55557036 -0.39195198
vn -0.7681778 0.55557036 -0.31818935
vn -0.79566675 0.55557036 -0.24136275
vn -0.81549305 0.55557036 -0.16221172
vn -0.8274658 0.55557036 -0.081498094
vn -0.83146954 0.55557036 9.915175E-09
vn -0.8274658 0.55557036 0.08149851
vn -0.81549305 0.55557036 0.16221173
vn -0.79566664 0.55557036 0.24136315
vn -0.7681776 0.55557036 0.31818977
vn -0.7332907 0.55557036 0.391952
vn -0.6913415 0.55557036 0.46193987
vn -0.64273465 0.55557036 0.52747875
vn -0.58793753 0.55557036 0.58793795
vn -0.5274786 0.55557036 0.6427347
vn -0.46193978 0.55557036 0.69134164
vn -0.39195186 0.55557036 0.73329073
vn -0.31818962 0.55557036 0.7681777
vn -0.24136263 0.55557036 0.7956668
vn -0.16221158 0.55557036 0.8154931
vn -0.08149796 0.55557036 0.82746583
vn 1.4537875E-07 0.55557036 0.83146954
vn 0 0.6343933 0.7730105
vn 0.07576828 0.6343933 0.76928824
vn 0.15080687 0.6343933 0.7581573
vn 0.22439308 0.6343933 0.73972493
vn 0.29581833 0.6343933 0.71416855
vn 0.36439463 0.6343933 0.6817344
vn 0.42946163 0.6343933 0.6427347
vn 0.4903927 0.6343933 0.59754515
vn 0.54660094 0.6343933 0.54660094
vn 0.59754515 0.6343933 0.49039266
vn 0.64273477 0.6343933 0.42946157
vn 0.6817344 0.6343933 0.36439455
vn 0.71416855 0.6343933 0.2958183
vn 0.73972493 0.6343933 0.22439307
vn 0.7581573 0.6343933 0.1508068
vn 0.76928824 0.6343933 0.07576827
vn 0.7730105 0.6343933 -3.3789362E-08
vn 0.76928824 0.6343933 -0.075768344
vn 0.7581573 0.6343933 -0.15080687
vn 0.7397249 0.6343933 -0.22439313
vn 0.71416855 0.6343933 -0.29581836
vn 0.6817344 0.6343933 -0.3643947
vn 0.64273465 0.6343933 -0.42946172
vn 0.5975452 0.6343933 -0.49039266
vn 0.54660094 0.6343933 -0.54660094
vn 0.49039266 0.6343933 -0.5975452
vn 0.42946157 0.6343933 -0.64273477
vn 0.36439455 0.6343933 -0.68173444
vn 0.29581818 0.6343933 -0.71416867
vn 0.22439313 0.6343933 -0.73972493
vn 0.15080686 0.6343933 -0.7581573
vn 0.07576825 0.6343933 -0.76928824
vn -6.7578725E-08 0.6343933 -0.7730105
vn -0.075768374 0.6343933 -0.76928824
vn -0.150807 0.6343933 -0.7581573
vn -0.22439325 0.6343933 -0.7397249
vn -0.2958183 0.6343933 -0.71416855
vn -0.36439466 0.6343933 -0.6817344
vn -0.4294617 0.6343933 -0.64273465
vn -0.49039274 0.6343933 -0.59754515
vn -0.54660106 0.6343933 -0.5466009
vn -0.59754515 0.6343933 -0.4903927
vn -0.6427349 0.6343933 -0.42946145
vn -0.6817344 0.6343933 -0.36439458
vn -0.71416867 0.6343933 -0.29581806
vn -0.73972493 0.6343933 -0.224393
vn -0.7581573 0.6343933 -0.15080692
vn -0.76928824 0.6343933 -0.07576812
vn -0.7730105 0.6343933 9.218057E-09
vn -0.76928824 0.6343933 0.0757685
vn -0.7581573 0.6343933 0.15080693
vn -0.7397248 0.6343933 0.22439337
vn -0.7141685 0.6343933 0.29581845
vn -0.6817344 0.6343933 0.3643946
vn -0.64273465 0.6343933 0.42946178
vn -0.59754515 0.6343933 0.4903927
vn -0.54660076 0.6343933 0.5466011
vn -0.49039257 0.6343933 0.59754527
vn -0.4294617 0.6343933 0.6427347
vn -0.36439446 0.6343933 0.68173444
vn -0.2958183 0.6343933 0.7141686
vn -0.22439288 0.6343933 0.739725
vn -0.1508068 0.6343933 0.7581573
vn -0.075767994 0.6343933 0.7692883
vn 1.3515745E-07 0.6343933 0.7730105
vn 0 0.70710677 0.70710677
vn 0.06930859 0.70710677 0.70370185
vn 0.13794969 0.70710677 0.6935199
vn 0.20526224 0.70710677 0.676659
vn 0.27059805 0.70710677 0.65328145
vn 0.33332783 0.70710677 0.62361246
vn 0.39284748 0.70710677 0.5879378
vn 0.4485838 0.70710677 0.54660094
vn 0.49999997 0.70710677 0.49999997
vn 0.54660094 0.70710677 0.44858378
vn 0.58793783 0.70710677 0.39284745
vn 0.6236125 0.70710677 0.33332777
vn 0.65328145 0.70710677 0.27059805
vn 0.676659 0.70710677 0.20526223
vn 0.69351995 0.70710677 0.13794963
vn 0.70370185 0.70710677 0.06930858
vn 0.70710677 0.70710677 -3.090862E-08
vn 0.70370185 0.70710677 -0.06930864
vn 0.6935199 0.70710677 -0.13794969
vn 0.676659 0.70710677 -0.20526229
vn 0.65328145 0.70710677 -0.2705981
vn 0.62361246 0.70710677 -0.3333279
vn 0.5879377 0.70710677 -0.39284757
vn 0.54660094 0.70710677 -0.44858378
vn 0.49999997 0.70710677 -0.49999997
vn 0.44858378 0.70710677 -0.54660094
vn 0.39284745 0.70710677 -0.58793783
vn 0.33332774 0.70710677 -0.6236126
vn 0.27059793 0.70710677 -0.6532815
vn 0.20526229 0.70710677 -0.676659
vn 0.13794968 0.70710677 -0.69351995
vn 0.06930855 0.70710677 -0.70370185
vn -6.181724E-08 0.70710677 -0.70710677
vn -0.069308676 0.70710677 -0.70370185
vn -0.13794981 0.70710677 -0.6935199
vn -0.2052624 0.70710677 -0.676659
vn -0.27059805 0.70710677 -0.65328145
vn -0.33332786 0.70710677 -0.62361246
vn -0.3928475 0.70710677 -0.5879377
vn -0.44858387 0.70710677 -0.5466009
vn -0.50000006 0.70710677 -0.4999999
vn -0.54660094 0.70710677 -0.4485838
vn -0.5879379 0.70710677 -0.3928473
vn -0.6236125 0.70710677 -0.3333278
vn -0.65328157 0.70710677 -0.27059782
vn -0.676659 0.70710677 -0.20526217
vn -0.6935199 0.70710677 -0.13794973
vn -0.70370185 0.70710677 -0.06930844
vn -0.70710677 0.70710677 8.432163E-09
vn -0.70370185 0.70710677 0.06930879
vn -0.6935199 0.70710677 0.13794975
vn -0.6766589 0.70710677 0.2052625
vn -0.6532814 0.70710677 0.27059817
vn -0.6236125 0.70710677 0.3333278
vn -0.5879377 0.70710677 0.3928476
vn -0.54660094 0.70710677 0.4485838
vn -0.49999982 0.70710677 0.5000002
vn -0.4485837 0.70710677 0.546601
vn -0.3928475 0.70710677 0.5879378
vn -0.33332768 0.70710677 0.6236126
vn -0.27059805 0.70710677 0.6532815
vn -0.20526206 0.70710677 0.67665905
vn -0.13794963 0.70710677 0.69351995
vn -0.06930832 0.70710677 0.7037019
vn 1.2363448E-07 0.70710677 0.70710677
vn 0 0.7730105 0.6343933
vn 0.062181417 0.7730105 0.6313385
vn 0.123763986 0.7730105 0.6222036
vn 0.18415464 0.7730105 0.6070765
vn 0.2427718 0.7730105 0.58610296
vn 0.29905093 0.7730105 0.5594849
vn 0.35245 0.7730105 0.5274787
vn 0.40245485 0.7730105 0.49039263
vn 0.44858378 0.7730105 0.44858378
vn 0.49039263 0.7730105 0.40245482
vn 0.52747875 0.7730105 0.35244998
vn 0.55948496 0.7730105 0.29905087
vn 0.58610296 0.7730105 0.24277179
vn 0.6070765 0.7730105 0.18415461
vn 0.6222036 0.7730105 0.123763934
vn 0.6313385 0.7730105 0.06218141
vn 0.6343933 0.7730105 -2.7730211E-08
vn 0.6313385 0.7730105 -0.06218147
vn 0.6222036 0.7730105 -0.123763986
vn 0.60707647 0.7730105 -0.18415467
vn 0.58610296 0.7730105 -0.24277185
vn 0.5594849 0.7730105 -0.299051
vn 0.5274787 0.7730105 -0.3524501
vn 0.49039266 0.7730105 -0.40245482
vn 0.44858378 0.7730105 -0.44858378
vn 0.40245482 0.7730105 -0.49039266
vn 0.35244998 0.7730105 -0.52747875
vn 0.29905084 0.7730105 -0.55948496
vn 0.2427717 0.7730105 -0.586103
vn 0.18415467 0.7730105 -0.6070765
vn 0.12376398 0.7730105 -0.6222036
vn 0.062181387 0.7730105 -0.6313385
vn -5.5460422E-08 0.7730105 -0.6343933
vn -0.062181495 0.7730105 -0.6313385
vn -0.12376409 0.7730105 -0.6222036
vn -0.18415476 0.7730105 -0.60707647
vn -0.24277179 0.7730105 -0.58610296
vn -0.29905096 0.7730105 -0.5594849
vn -0.35245007 0.7730105 -0.5274787
vn -0.4024549 0.7730105 -0.4903926
vn -0.44858384 0.7730105 -0.4485837
vn -0.49039263 0.7730105 -0.40245485
vn -0.5274788 0.7730105 -0.35244986
vn -0.55948496 0.7730105 -0.2990509
vn -0.5861031 0.7730105 -0.2427716
vn -0.6070765 0.7730105 -0.18415456
vn -0.6222036 0.7730105 -0.12376403
vn -0.6313385 0.7730105 -0.062181283
vn -0.6343933 0.7730105 7.565064E-09
vn -0.6313385 0.7730105 0.0621816
vn -0.6222036 0.7730105 0.123764046
vn -0.60707647 0.7730105 0.18415487
vn -0.5861029 0.7730105 0.24277191
vn -0.55948496 0.7730105 0.2990509
vn -0.52747864 0.7730105 0.35245013
vn -0.49039263 0.7730105 0.40245485
vn -0.44858363 0.7730105 0.44858393
vn -0.40245476 0.7730105 0.49039268
vn -0.35245007 0.7730105 0.5274787
vn -0.29905078 0.7730105 0.55948496
vn -0.24277179 0.7730105 0.58610296
vn -0.18415447 0.7730105 0.6070766
vn -0.123763934 0.7730105 0.6222036
vn -0.06218118 0.7730105 0.63133854
vn 1.10920844E-07 0.7730105 0.6343933
vn 0 0.83146966 0.5555702
vn 0.0544554 0.83146966 0.55289495
vn 0.10838637 0.83146966 0.54489505
vn 0.16127351 0.83146966 0.5316475
vn 0.21260752 0.83146966 0.5132799
vn 0.261894 0.83146966 0.48996913
vn 0.30865827 0.83146966 0.46193972
vn 0.35245 0.83146966 0.42946154
vn 0.39284745 0.83146966 0.39284745
vn 0.42946154 0.83146966 0.35244998
vn 0.46193975 0.83146966 0.30865824
vn 0.48996916 0.83146966 0.26189393
vn 0.5132799 0.83146966 0.2126075
vn 0.5316475 0.83146966 0.1612735
vn 0.54489505 0.83146966 0.108386315
vn 0.55289495 0.83146966 0.054455396
vn 0.5555702 0.83146966 -2.4284745E-08
vn 0.55289495 0.83146966 -0.054455448
vn 0.54489505 0.83146966 -0.10838637
vn 0.5316475 0.83146966 -0.16127354
vn 0.5132799 0.83146966 -0.21260755
vn 0.48996913 0.83146966 -0.26189402
vn 0.4619397 0.83146966 -0.30865833
vn 0.42946157 0.83146966 -0.35244998
vn 0.39284745 0.83146966 -0.39284745
vn 0.35244998 0.83146966 -0.42946157
vn 0.30865824 0.83146966 -0.46193975
vn 0.2618939 0.83146966 -0.4899692
vn 0.21260741 0.83146966 -0.51328
vn 0.16127354 0.83146966 -0.5316475
vn 0.10838636 0.83146966 -0.54489505
vn 0.054455377 0.83146966 -0.55289495
vn -4.856949E-08 0.83146966 -0.5555702
vn -0.05445547 0.83146966 -0.55289495
vn -0.10838646 0.83146966 -0.54489505
vn -0.16127361 0.83146966 -0.5316475
vn -0.2126075 0.83146966 -0.5132799
vn -0.261894 0.83146966 -0.48996913
vn -0.3086583 0.83146966 -0.4619397
vn -0.35245004 0.83146966 -0.4294615
vn -0.3928475 0.83146966 -0.39284736
vn -0.42946154 0.83146966 -0.35245
vn -0.4619398 0.83146966 -0.30865812
vn -0.48996916 0.83146966 -0.26189396
vn -0.51328003 0.83146966 -0.21260734
vn -0.5316475 0.83146966 -0.16127343
vn -0.54489505 0.83146966 -0.1083864
vn -0.55289495 0.83146966 -0.054455284
vn -0.5555702 0.83146966 6.625108E-09
vn -0.55289495 0.83146966 0.054455563
vn -0.54489505 0.83146966 0.10838642
vn -0.53164744 0.83146966 0.1612737
vn -0.51327986 0.83146966 0.2126076
vn -0.48996916 0.83146966 0.26189396
vn -0.46193966 0.83146966 0.30865836
vn -0.42946154 0.83146966 0.35245
vn -0.3928473 0.83146966 0.39284757
vn -0.35244992 0.83146966 0.42946163
vn -0.3086583 0.83146966 0.46193972
vn -0.26189387 0.83146966 0.4899692
vn -0.2126075 0.83146966 0.5132799
vn -0.16127336 0.83146966 0.53164756
vn -0.108386315 0.83146966 0.54489505
vn -0.054455195 0.83146966 0.552895
vn 9.713898E-08 0.83146966 0.5555702
vn 0 0.88192135 0.47139663
vn 0.04620495 0.88192135 0.46912673
vn 0.09196492 0.88192135 0.46233886
vn 0.13683921 0.88192135 0.45109844
vn 0.1803957 0.88192135 0.43551368
vn 0.22221483 0.88192135 0.41573468
vn 0.26189393 0.88192135 0.39195195
vn 0.29905087 0.88192135 0.36439452
vn 0.33332774 0.88192135 0.33332774
vn 0.36439452 0.88192135 0.29905084
vn 0.39195198 0.88192135 0.2618939
vn 0.4157347 0.88192135 0.22221479
vn 0.43551368 0.88192135 0.18039568
vn 0.45109844 0.88192135 0.1368392
vn 0.4623389 0.88192135 0.09196488
vn 0.46912673 0.88192135 0.046204947
vn 0.47139663 0.88192135 -2.06054E-08
vn 0.46912673 0.88192135 -0.046204988
vn 0.46233886 0.88192135 -0.09196492
vn 0.4510984 0.88192135 -0.13683924
vn 0.43551368 0.88192135 -0.18039572
vn 0.41573468 0.88192135 -0.22221488
vn 0.39195192 0.88192135 -0.261894
vn 0.36439455 0.88192135 -0.29905084
vn 0.33332774 0.88192135 -0.33332774
vn 0.29905084 0.88192135 -0.36439455
vn 0.2618939 0.88192135 -0.39195198
vn 0.22221477 0.88192135 -0.41573474
vn 0.1803956 0.88192135 -0.43551373
vn 0.13683924 0.88192135 -0.45109844
vn 0.091964915 0.88192135 -0.4623389
vn 0.04620493 0.88192135 -0.46912673
vn -4.12108E-08 0.88192135 -0.47139663
vn -0.04620501 0.88192135 -0.46912673
vn -0.091965 0.88192135 -0.46233886
vn -0.13683932 0.88192135 -0.4510984
vn -0.18039568 0.88192135 -0.43551368
vn -0.22221485 0.88192135 -0.41573468
vn -0.26189396 0.88192135 -0.39195192
vn -0.2990509 0.88192135 -0.3643945
vn -0.3333278 0.88192135 -0.33332768
vn -0.36439452 0.88192135 -0.29905087
vn -0.39195204 0.88192135 -0.26189384
vn -0.4157347 0.88192135 -0.2222148
vn -0.43551376 0.88192135 -0.18039553
vn -0.45109844 0.88192135 -0.13683915
vn -0.46233886 0.88192135 -0.091964945
vn -0.46912673 0.88192135 -0.04620485
vn -0.47139663 0.88192135 5.6213483E-09
vn -0.46912673 0.88192135 0.046205085
vn -0.46233886 0.88192135 0.09196496
vn -0.45109838 0.88192135 0.13683937
vn -0.43551365 0.88192135 0.18039577
vn -0.4157347 0.88192135 0.22221482
vn -0.39195192 0.88192135 0.26189402
vn -0.36439452 0.88192135 0.29905087
vn -0.33332762 0.88192135 0.33332786
vn -0.29905078 0.88192135 0.36439458
vn -0.26189396 0.88192135 0.39195195
vn -0.22221473 0.88192135 0.41573474
vn -0.18039568 0.88192135 0.4355137
vn -0.13683908 0.88192135 0.45109847
vn -0.09196488 0.88192135 0.4623389
vn -0.046204776 0.88192135 0.46912676
vn 8.24216E-08 0.88192135 0.47139663
vn 0 0.9238796 0.38268328
vn 0.03750952 0.9238796 0.38084054
vn 0.074657805 0.9238796 0.37533012
vn 0.111087084 0.9238796 0.36620507
vn 0.14644656 0.9238796 0.35355324
vn 0.18039565 0.9238796 0.33749652
vn 0.21260744 0.9238796 0.3181895
vn 0.24277171 0.9238796 0.29581818
vn 0.27059793 0.9238796 0.27059793
vn 0.29581818 0.9238796 0.2427717
vn 0.31818953 0.9238796 0.21260741
vn 0.33749652 0.9238796 0.18039562
vn 0.35355324 0.9238796 0.14644654
vn 0.36620507 0.9238796 0.11108708
vn 0.37533015 0.9238796 0.07465777
vn 0.38084054 0.9238796 0.03750952
vn 0.38268328 0.9238796 -1.6727617E-08
vn 0.38084054 0.9238796 -0.037509553
vn 0.37533012 0.9238796 -0.074657805
vn 0.36620504 0.9238796 -0.111087106
vn 0.35355324 0.9238796 -0.14644659
vn 0.33749652 0.9238796 -0.18039568
vn 0.31818947 0.9238796 -0.21260749
vn 0.29581818 0.9238796 -0.2427717
vn 0.27059793 0.9238796 -0.27059793
vn 0.2427717 0.9238796 -0.29581818
vn 0.21260741 0.9238796 -0.31818953
vn 0.1803956 0.9238796 -0.33749655
vn 0.1464465 0.9238796 -0.3535533
vn 0.111087106 0.9238796 -0.36620507
vn 0.0746578 0.9238796 -0.37533015
vn 0.037509505 0.9238796 -0.38084054
vn -3.3455233E-08 0.9238796 -0.38268328
vn -0.037509568 0.9238796 -0.38084054
vn -0.074657865 0.9238796 -0.37533012
vn -0.111087166 0.9238796 -0.36620504
vn -0.14644654 0.9238796 -0.35355324
vn -0.18039566 0.9238796 -0.33749652
vn -0.21260746 0.9238796 -0.31818947
vn -0.24277174 0.9238796 -0.29581815
vn -0.270598 0.9238796 -0.2705979
vn -0.29581818 0.9238796 -0.24277171
vn -0.3181896 0.9238796 -0.21260735
vn -0.33749652 0.9238796 -0.18039563
vn -0.3535533 0.9238796 -0.14644644
vn -0.36620507 0.9238796 -0.11108704
vn -0.37533012 0.9238796 -0.07465783
vn -0.38084054 0.9238796 -0.03750944
vn -0.38268328 0.9238796 4.5634523E-09
vn -0.38084054 0.9238796 0.03750963
vn -0.37533012 0.9238796 0.074657835
vn -0.36620504 0.9238796 0.111087225
vn -0.3535532 0.9238796 0.14644662
vn -0.33749652 0.9238796 0.18039563
vn -0.31818947 0.9238796 0.2126075
vn -0.29581818 0.9238796 0.24277171
vn -0.27059785 0.9238796 0.27059802
vn -0.24277166 0.9238796 0.2958182
vn -0.21260746 0.9238796 0.3181895
vn -0.18039557 0.9238796 0.33749655
vn -0.14644654 0.9238796 0.35355327
vn -0.11108699 0.9238796 0.3662051
vn -0.07465777 0.9238796 0.37533015
vn -0.037509378 0.9238796 0.38084057
vn 6.691047E-08 0.9238796 0.38268328
vn 0 0.95694035 0.29028472
vn 0.028452879 0.95694035 0.28888693
vn 0.05663174 0.95694035 0.28470698
vn 0.0842652 0.95694035 0.27778515
vn 0.11108716 0.95694035 0.26818812
vn 0.13683927 0.95694035 0.25600827
vn 0.16127355 0.95694035 0.24136291
vn 0.18415469 0.95694035 0.22439311
vn 0.20526229 0.95694035 0.20526229
vn 0.22439311 0.95694035 0.18415467
vn 0.24136294 0.95694035 0.16127354
vn 0.25600827 0.95694035 0.13683924
vn 0.26818812 0.95694035 0.11108715
vn 0.27778515 0.95694035 0.084265195
vn 0.28470698 0.95694035 0.056631714
vn 0.28888693 0.95694035 0.028452877
vn 0.29028472 0.95694035 -1.2688748E-08
vn 0.28888693 0.95694035 -0.028452903
vn 0.28470698 0.95694035 -0.05663174
vn 0.27778515 0.95694035 -0.08426522
vn 0.26818812 0.95694035 -0.11108718
vn 0.25600827 0.95694035 -0.1368393
vn 0.2413629 0.95694035 -0.16127358
vn 0.22439313 0.95694035 -0.18415467
vn 0.20526229 0.95694035 -0.20526229
vn 0.18415467 0.95694035 -0.22439313
vn 0.16127354 0.95694035 -0.24136294
vn 0.13683924 0.95694035 -0.2560083
vn 0.111087106 0.95694035 -0.26818815
vn 0.08426522 0.95694035 -0.27778515
vn 0.056631736 0.95694035 -0.28470698
vn 0.028452866 0.95694035 -0.28888693
vn -2.5377496E-08 0.95694035 -0.29028472
vn -0.028452916 0.95694035 -0.28888693
vn -0.05663179 0.95694035 -0.28470698
vn -0.08426526 0.95694035 -0.27778515
vn -0.11108715 0.95694035 -0.26818812
vn -0.13683929 0.95694035 -0.25600827
vn -0.16127357 0.95694035 -0.2413629
vn -0.1841547 0.95694035 -0.2243931
vn -0.20526233 0.95694035 -0.20526226
vn -0.22439311 0.95694035 -0.18415469
vn -0.24136297 0.95694035 -0.16127348
vn -0.25600827 0.95694035 -0.13683926
vn -0.26818815 0.95694035 -0.11108707
vn -0.27778515 0.95694035 -0.084265165
vn -0.28470698 0.95694035 -0.05663176
vn -0.28888693 0.95694035 -0.028452817
vn -0.29028472 0.95694035 3.4616108E-09
vn -0.28888693 0.95694035 0.028452963
vn -0.28470698 0.95694035 0.056631766
vn -0.27778512 0.95694035 0.08426531
vn -0.2681881 0.95694035 0.1110872
vn -0.25600827 0.95694035 0.13683927
vn -0.24136288 0.95694035 0.16127361
vn -0.22439311 0.95694035 0.18415469
vn -0.20526223 0.95694035 0.20526236
vn -0.18415464 0.95694035 0.22439316
vn -0.16127357 0.95694035 0.24136291
vn -0.13683921 0.95694035 0.2560083
vn -0.11108715 0.95694035 0.26818812
vn -0.08426513 0.95694035 0.27778518
vn -0.056631714 0.95694035 0.28470698
vn -0.02845277 0.95694035 0.28888693
vn 5.075499E-08 0.95694035 0.29028472
vn 0 0.9807853 0.19509031
vn 0.019122194 0.9807853 0.1941509
vn 0.038060233 0.9807853 0.1913417
vn 0.056631725 0.9807853 0.1866898
vn 0.074657835 0.9807853 0.18023993
vn 0.09196494 0.9807853 0.17205429
vn 0.10838637 0.9807853 0.16221166
vn 0.12376399 0.9807853 0.15080684
vn 0.13794968 0.9807853 0.13794968
vn 0.15080684 0.9807853 0.12376398
vn 0.16221167 0.9807853 0.10838636
vn 0.17205429 0.9807853 0.091964915
vn 0.18023993 0.9807853 0.07465783
vn 0.1866898 0.9807853 0.056631718
vn 0.19134171 0.9807853 0.038060214
vn 0.1941509 0.9807853 0.019122193
vn 0.19509031 0.9807853 -8.527668E-09
vn 0.1941509 0.9807853 -0.019122211
vn 0.1913417 0.9807853 -0.038060233
vn 0.18668978 0.9807853 -0.056631736
vn 0.18023993 0.9807853 -0.07465784
vn 0.17205429 0.9807853 -0.09196495
vn 0.16221164 0.9807853 -0.1083864
vn 0.15080686 0.9807853 -0.12376398
vn 0.13794968 0.9807853 -0.13794968
vn 0.12376398 0.9807853 -0.15080686
vn 0.10838636 0.9807853 -0.16221167
vn 0.091964915 0.9807853 -0.1720543
vn 0.0746578 0.9807853 -0.18023996
vn 0.056631736 0.9807853 -0.1866898
vn 0.03806023 0.9807853 -0.19134171
vn 0.019122185 0.9807853 -0.1941509
vn -1.7055337E-08 0.9807853 -0.19509031
vn -0.019122219 0.9807853 -0.1941509
vn -0.038060263 0.9807853 -0.1913417
vn -0.056631766 0.9807853 -0.18668978
vn -0.07465783 0.9807853 -0.18023993
vn -0.091964945 0.9807853 -0.17205429
vn -0.10838638 0.9807853 -0.16221164
vn -0.123764 0.9807853 -0.15080683
vn -0.1379497 0.9807853 -0.13794966
vn -0.15080684 0.9807853 -0.12376399
vn -0.1622117 0.9807853 -0.10838632
vn -0.17205429 0.9807853 -0.09196492
vn -0.18023998 0.9807853 -0.07465777
vn -0.1866898 0.9807853 -0.056631703
vn -0.1913417 0.9807853 -0.038060244
vn -0.1941509 0.9807853 -0.019122154
vn -0.19509031 0.9807853 2.3264286E-09
vn -0.1941509 0.9807853 0.01912225
vn -0.1913417 0.9807853 0.038060248
vn -0.18668976 0.9807853 0.056631796
vn -0.18023993 0.9807853 0.074657865
vn -0.17205429 0.9807853 0.09196493
vn -0.16221164 0.9807853 0.108386405
vn -0.15080684 0.9807853 0.12376399
vn -0.13794963 0.9807853 0.13794972
vn -0.123763956 0.9807853 0.15080687
vn -0.10838638 0.9807853 0.16221166
vn -0.09196489 0.9807853 0.1720543
vn -0.07465783 0.9807853 0.18023995
vn -0.056631673 0.9807853 0.1866898
vn -0.038060214 0.9807853 0.19134171
vn -0.019122122 0.9807853 0.19415091
vn 3.4110673E-08 0.9807853 0.19509031
vn 0 0.9951847 0.0980171
vn 0.009607356 0.9951847 0.09754512
vn 0.019122187 0.9951847 0.096133724
vn 0.02845286 0.9951847 0.093796514
vn 0.03750952 0.9951847 0.09055599
vn 0.04620494 0.9951847 0.08644336
vn 0.05445538 0.9951847 0.081498235
vn 0.062181395 0.9951847 0.07576824
vn 0.06930855 0.9951847 0.06930855
vn 0.07576824 0.9951847 0.062181387
vn 0.08149824 0.9951847 0.054455377
vn 0.086443365 0.9951847 0.046204932
vn 0.09055599 0.9951847 0.03750952
vn 0.093796514 0.9951847 0.028452856
vn 0.09613373 0.9951847 0.019122178
vn 0.09754512 0.9951847 0.009607355
vn 0.0980171 0.9951847 -4.2844635E-09
vn 0.09754512 0.9951847 -0.0096073635
vn 0.096133724 0.9951847 -0.019122187
vn 0.09379651 0.9951847 -0.028452866
vn 0.09055599 0.9951847 -0.037509527
vn 0.08644336 0.9951847 -0.04620495
vn 0.08149823 0.9951847 -0.054455396
vn 0.07576825 0.9951847 -0.062181387
vn 0.06930855 0.9951847 -0.06930855
vn 0.062181387 0.9951847 -0.07576825
vn 0.054455377 0.9951847 -0.08149824
vn 0.04620493 0.9951847 -0.08644337
vn 0.037509505 0.9951847 -0.090555996
vn 0.028452866 0.9951847 -0.093796514
vn 0.019122185 0.9951847 -0.09613373
vn 0.009607351 0.9951847 -0.09754512
vn -8.568927E-09 0.9951847 -0.0980171
vn -0.009607368 0.9951847 -0.09754512
vn -0.019122204 0.9951847 -0.096133724
vn -0.02845288 0.9951847 -0.09379651
vn -0.03750952 0.9951847 -0.09055599
vn -0.046204943 0.9951847 -0.08644336
vn -0.05445539 0.9951847 -0.08149823
vn -0.0621814 0.9951847 -0.07576823
vn -0.069308564 0.9951847 -0.06930854
vn -0.07576824 0.9951847 -0.062181395
vn -0.08149825 0.9951847 -0.05445536
vn -0.086443365 0.9951847 -0.046204936
vn -0.090556 0.9951847 -0.03750949
vn -0.093796514 0.9951847 -0.028452849
vn -0.096133724 0.9951847 -0.019122193
vn -0.09754512 0.9951847 -0.009607336
vn -0.0980171 0.9951847 1.1688421E-09
vn -0.09754512 0.9951847 0.009607384
vn -0.096133724 0.9951847 0.019122196
vn -0.09379651 0.9951847 0.028452896
vn -0.09055598 0.9951847 0.037509535
vn -0.086443365 0.9951847 0.046204936
vn -0.08149822 0.9951847 0.0544554
vn -0.07576824 0.9951847 0.062181395
vn -0.06930853 0.9951847 0.06930858
vn -0.062181376 0.9951847 0.07576825
vn -0.05445539 0.9951847 0.081498235
vn -0.04620492 0.9951847 0.08644337
vn -0.03750952 0.9951847 0.090555996
vn -0.028452834 0.9951847 0.09379652
vn -0.019122178 0.9951847 0.09613373
vn -0.009607319 0.9951847 0.097545125
vn 1.7137854E-08 0.9951847 0.0980171
vn 0 1 -8.742278E-08
vn -8.5689305E-09 1 -8.700181E-08
vn -1.7055338E-08 1 -8.574297E-08
vn -2.5377492E-08 1 -8.3658385E-08
vn -3.345525E-08 1 -8.076811E-08
vn -4.121081E-08 1 -7.7100005E-08
vn -4.8569493E-08 1 -7.268938E-08
vn -5.5460426E-08 1 -6.757872E-08
vn -6.181724E-08 1 -6.181724E-08
vn -6.757872E-08 1 -5.5460422E-08
vn -7.268939E-08 1 -4.856949E-08
vn -7.7100005E-08 1 -4.1210804E-08
vn -8.076811E-08 1 -3.3455247E-08
vn -8.3658385E-08 1 -2.5377489E-08
vn -8.5742975E-08 1 -1.705533E-08
vn -8.700181E-08 1 -8.56893E-09
vn -8.742278E-08 1 3.821371E-15
vn -8.700181E-08 1 8.568938E-09
vn -8.574297E-08 1 1.7055338E-08
vn -8.365838E-08 1 2.5377496E-08
vn -8.076811E-08 1 3.3455255E-08
vn -7.7100005E-08 1 4.121082E-08
vn -7.2689375E-08 1 4.8569504E-08
vn -6.7578725E-08 1 5.5460422E-08
vn -6.181724E-08 1 6.181724E-08
vn -5.5460422E-08 1 6.7578725E-08
vn -4.856949E-08 1 7.268939E-08
vn -4.12108E-08 1 7.710001E-08
vn -3.3455233E-08 1 8.0768125E-08
vn -2.5377496E-08 1 8.3658385E-08
vn -1.7055337E-08 1 8.5742975E-08
vn -8.568927E-09 1 8.700181E-08
vn 7.642742E-15 1 8.742278E-08
vn 8.568942E-09 1 8.700181E-08
vn 1.7055353E-08 1 8.574297E-08
vn 2.537751E-08 1 8.365838E-08
vn 3.3455247E-08 1 8.076811E-08
vn 4.1210814E-08 1 7.7100005E-08
vn 4.8569497E-08 1 7.2689375E-08
vn 5.5460433E-08 1 6.757871E-08
vn 6.1817246E-08 1 6.1817225E-08
vn 6.757872E-08 1 5.5460426E-08
vn 7.2689396E-08 1 4.8569472E-08
vn 7.7100005E-08 1 4.1210807E-08
vn 8.0768125E-08 1 3.3455223E-08
vn 8.3658385E-08 1 2.5377481E-08
vn 8.574297E-08 1 1.7055344E-08
vn 8.700181E-08 1 8.568913E-09
vn 8.742278E-08 1 -1.0425061E-15
vn 8.700181E-08 1 -8.568956E-09
vn 8.574297E-08 1 -1.7055346E-08
vn 8.365837E-08 1 -2.5377522E-08
vn 8.07681E-08 1 -3.345526E-08
vn 7.7100005E-08 1 -4.121081E-08
vn 7.268937E-08 1 -4.8569508E-08
vn 6.757872E-08 1 -5.5460426E-08
vn 6.181722E-08 1 -6.181726E-08
vn 5.546041E-08 1 -6.757873E-08
vn 4.8569497E-08 1 -7.268938E-08
vn 4.1210793E-08 1 -7.710001E-08
vn 3.3455247E-08 1 -8.076812E-08
vn 2.5377467E-08 1 -8.3658385E-08
vn 1.705533E-08 1 -8.5742975E-08
vn 8.5688985E-09 1 -8.7001816E-08
vn -1.5285484E-14 1 -8.742278E-08
f 2/2/2 67/67/67 1/1/1
f 67/67/67 66/66/66 1/1/1
f 3/3/3 68/68/68 2/2/2
f 68/68/68 67/67/67 2/2/2
f 4/4/4 69/69/69 3/3/3
f 69/69/69 68/68/68 3/3/3
f 5/5/5 70/70/70 4/4/4
f 70/70/70 69/69/69 4/4/4
f 6/6/6 71/71/71 5/5/5
f 71/71/71 70/70/70 5/5/5
f 7/7/7 72/72/72 6/6/6
f 72/72/72 71/71/71 6/6/6
f 8/8/8 73/73/73 7/7/7
f 73/73/73 72/72/72 7/7/7
f 9/9/9 74/74/74 8/8/8
f 74/74/74 73/73/73 8/8/8
f 10/10/10 75/75/75 9/9/9
f 75/75/75 74/74/74 9/9/9
f 11/11/11 76/76/76 10/10/10
f 76/76/76 75/75/75 10/10/10
f 12/12/12 77/77/77 11/11/11
f 77/77/77 76/76/76 11/11/11
f 13/13/13 78/78/78 12/12/12
f 78/78/78 77/77/77 12/12/12
f 14/14/14 79/79/79 13/13/13
f 79/79/79 78/78/78 13/13/13
f 15/15/15 80/80/80 14/14/14
f 80/80/80 79/79/79 14/14/14
f 16/16/16 81/81/81 15/15/15
f 81/81/81 80/80/80 15/15/15
f 17/17/17 82/82/82 16/16/16
f 82/82/82 81/81/81 16/16/16
f 18/18/18 83/83/83 17/17/17
f 83/83/83 82/82/82 17/17/17
f 19/19/19 84/84/84 18/18/18
f 84/84/84 83/83/83 18/18/18
f 20/20/20 85/85/85 19/19/19
f 85/85/85 84/84/84 19/19/19
f 21/21/21 86/86/86 20/20/20
f 86/86/86 85/85/85 20/20/20
f 22/22/22 87/87/87 21/21/21
f 87/87/87 86/86/86 21/21/21
f 23/23/23 88/88/88 22/22/22
f 88/88/88 87/87/87 22/22/22
f 24/24/24 89/89/89 23/23/23
f 89/89/89 88/88/88 23/23/23
f 25/25/25 90/90/90 24/24/24
f 90/90/90 89/89/89 24/24/24
f 26/26/26 91/91/91 25/25/25
f 91/91/91 90/90/90 25/25/25
f 27/27/27 92/92/92 26/26/26
f 92/92/92 91/91/91 26/26/26
f 28/28/28 93/93/93 27/27/27
f 93/93/93 92/92/92 27/27/27
f 29/29/29 94/94/94 28/28/28
f 94/94/94 93/93/93 28/28/28
f 30/30/30 95/95/95 29/29/29
f 95/95/95 94/94/94 29/29/29
f 31/31/31 96/96/96 30/30/30
f 96/96/96 95/95/95 30/30/30
f 32/32/32 97/97/97 31/31/31
f 97/97/97 96/96/96 31/31/31
f 33/33/33 98/98/98 32/32/32
f 98/98/98 97/97/97 32/32/32
f 34/34/34 99/99/99 33/33/33
f 99/99/99 98/98/98 33/33/33
f 35/35/35 100/100/100 34/34/34
f 100/100/100 99/99/99 34/34/34
f 36/36/36 101/101/101 35/35/35
f 101/101/101 100/100/100 35/35/35
f 37/37/37 102/102/102 36/36/36
f 102/102/102 101/101/101 36/36/36
f 38/38/38 103/103/103 37/37/37
f 103/103/103 102/102/102 37/37/37
f 39/39/39 104/104/104 38/38/38
f 104/104/104 103/103/103 38/38/38
f 40/40/40 105/105/105 39/39/39
f 105/105/105 104/104/104 39/39/39
f 41/41/41 106/106/106 40/40/40
f 106/106/106 105/105/105 40/40/40
f 42/42/42 107/107/107 41/41/41
f 107/107/107 106/106/106 41/41/41
f 43/43/43 108/108/108 42/42/42
f 108/108/108 107/107/107 42/42/42
f 44/44/44 109/109/109 43/43/43
f 109/109/109 108/108/108 43/43/43
f 45/45/45 110/110/110 44/44/44
f 110/110/110 109/109/109 44/44/44
f 46/46/46 111/111/111 45/45/45
f 111/111/111 110/110/110 45/45/45
f 47/47/47 112/112/112 46/46/46
f 112/112/112 111/111/111 46/46/46
f 48/48/48 113/113/113 47/47/47
f 113/113/113 112/112/112 47/47/47
f 49/49/49 114/114/114 48/48/48
f 114/114/114 113/113/113 48/48/48
f 50/50/50 115/115/115 49/49/49
f 115/115/115 114/114/114 49/49/49
f 51/51/51 116/116/116 50/50/50
f 116/116/116 115/115/115 50/50/50
f 52/52/52 117/117/117 51/51/51
f 117/117/117 116/116/116 51/51/51
f 53/53/53 118/118/118 52/52/52
f 118/118/118 117/117/117 52/52/52
f 54/54/54 119/119/119 53/53/53
f 119/119/119 118/118/118 53/53/53
f 55/55/55 120/120/120 54/54/54
f 120/120/120 119/119/119 54/54/54
f 56/56/56 121/121/121 55/55/55
f 121/121/121 120/120/120 55/55/55
f 57/57/57 122/122/122 56/56/56
f 122/122/122 121/121/121 56/56/56
f 58/58/58 123/123/123 57/57/57
f 123/123/123 122/122/122 57/57/57
f 59/59/59 124/124/124 58/58/58
f 124/124/124 123/123/123 58/58/58
f 60/60/60 125/125/125 59/59/59
f 125/125/125 124/124/124 59/59/59
f 61/61/61 126/126/126 60/60/60
f 126/126/126 125/125/125 60/60/60
f 62/62/62 127/127/127 61/61/61
f 127/127/127 126/126/126 61/61/61
f 63/63/63 128/128/128 62/62/62
f 128/128/128 127/127/127 62/62/62
f 64/64/64 129/129/129 63/63/63
f 129/129/129 128/128/128 63/63/63
f 65/65/65 130/130/130 64/64/64
f 130/130/130 129/129/129 64/64/64
f 67/67/67 132/132/132 66/66/66
f 132/132/132 131/131/131 66/66/66
f 68/68/68 133/133/133 67/67/67
f 133/133/133 132/132/132 67/67/67
f 69/69/69 134/134/134 68/68/68
f 134/134/134 133/133/133 68/68/68
f 70/70/70 135/135/135 69/69/69
f 135/135/135 134/134/134 69/69/69
f 71/71/71 136/136/136 70/70/70
f 136/136/136 135/135/135 70/70/70
f 72/72/72 137/137/137 71/71/71
f 137/137/137 136/136/136 71/71/71
f 73/73/73 138/138/138 72/72/72
f 138/138/138 137/137/137 72/72/72
f 74/74/74 139/139/139 73/73/73
f 139/139/139 138/138/138 73/73/73
f 75/75/75 140/140/140 74/74/74
f 140/140/140 139/139/139 74/74/74
f 76/76/76 141/141/141 75/75/75
f 141/141/141 140/140/140 75/75/75
f 77/77/77 142/142/142 76/76/76
f 142/142/142 141/141/141 76/76/76
f 78/78/78 143/143/143 77/77/77
f 143/143/143 142/142/142 77/77/77
f 79/79/79 144/144/144 78/78/78
f 144/144/144 143/143/143 78/78/78
f 80/80/80 145/145/145 79/79/79
f 145/145/145 144/144/144 79/79/79
f 81/81/81 146/146/146 80/80/80
f 146/146/146 145/145/145 80/80/80
f 82/82/82 147/147/147 81/81/81
f 147/147/147 146/146/146 81/81/81
f 83/83/83 148/148/148 82/82/82
f 148/148/148 147/147/147 82/82/82
f 84/84/84 149/149/149 83/83/83
f 149/149/149 148/148/148 83/83/83
f 85/85/85 150/150/150 84/84/84
f 150/150/150 149/149/149 84/84/84
f 86/86/86 151/151/151 85/85/85
f 151/151/151 150/150/150 85/85/85
f 87/87/87 152/152/152 86/86/86
f 152/152/152 151/151/151 86/86/86
f 88/88/88 153/153/153 87/87/87
f 153/153/153 152/152/152 87/87/87
f 89/89/89 154/154/154 88/88/88
f 154/154/154 153/153/153 88/88/88
f 90/90/90 155/155/155 89/89/89
f 155/155/155 154/154/154 89/89/89
f 91/91/91 156/156/156 90/90/90
f 156/156/156 155/155/155 90/90/90
f 92/92/92 157/157/157 91/91/91
f 157/157/157 156/156/156 91/91/91
f 93/93/93 158/158/158 92/92/92
f 158/158/158 157/157/157 92/92/92
f 94/94/94 159/159/159 93/93/93
f 159/159/159 158/158/158 93/93/93
f 95/95/95 160/160/160 94/94/94
f 160/160/160 159/159/159 94/94/94
f 96/96/96 161/161/161 95/95/95
f 161/161/161 160/160/160 95/95/95
f 97/97/97 162/162/162 96/96/96
f 162/162/162 161/161/161 96/96/96
f 98/98/98 163/163/163 97/97/97
f 163/163/163 162/162/162 97/97/97
f 99/99/99 164/164/164 98/98/98
f 164/164/164 163/163/163 98/98/98
f 100/100/100 165/165/165 99/99/99
f 165/165/165 164/164/164 99/99/99
f 101/101/101 166/166/166 100/100/100
f 166/166/166 165/165/165 100/100/100
f 102/102/102 167/167/167 101/101/101
f 167/167/167 166/166/166 101/101/101
f 103/103/103 168/168/168 102/102/102
f 168/168/168 167/167/167 102/102/102
f 104/104/104 169/169/169 103/103/103
f 169/169/169 168/168/168 103/103/103
f 105/105/105 170/170/170 104/104/104
f 170/170/170 169/169/169 104/104/104
f 106/106/106 171/171/171 105/105/105
f 171/171/171 170/170/170 105/105/105
f 107/107/107 172/172/172 106/106/106
f 172/172/172 171/171/171 106/106/106
f 108/108/108 173/173/173 107/107/107
f 173/173/173 172/172/172 107/107/107
f 109/109/109 174/174/174 108/108/108
f 174/174/174 173/173/173 108/108/108
f 110/110/110 175/175/175 109/109/109
f 175/175/175 174/174/174 109/109/109
f 111/111/111 176/176/176 110/110/110
f 176/176/176 175/175/175 110/110/110
f 112/112/112 177/177/177 111/111/111
f 177/177/177 176/176/176 111/111/111
f 113/113/113 178/178/178 112/112/112
f 178/178/178 177/177/177 112/112/112
f 114/114/114 179/179/179 113/113/113
f 179/179/179 178/178/178 113/113/113
f 115/115/115 180/180/180 114/114/114
f 180/180/180 179/179/179 114/114/114
f 116/116/116 181/181/181 115/115/115
f 181/181/181 180/180/180 115/115/115
f 117/117/117 182/182/182 116/116/116
f 182/182/182 181/181/181 116/116/116
f 118/118/118 183/183/183 117/117/117
f 183/183/183 182/182/182 117/117/117
f 119/119/119 184/184/184 118/118/118
f 184/184/184 183/183/183 118/118/118
f 120/120/120 185/185/185 119/119/119
f 185/185/185 184/184/184 119/119/119
f 121/121/121 186/186/186 120/120/120
f 186/186/186 185/185/185 120/120/120
f 122/122/122 187/187/187 121/121/121
f 187/187/187 186/186/186 121/121/121
f 123/123/123 188/188/188 122/122/122
f 188/188/188 187/187/187 122/122/122
f 124/124/124 189/189/189 123/123/123
f 189/189/189 188/188/188 123/123/123
f 125/125/125 190/190/190 124/124/124
f 190/190/190 189/189/189 124/124/124
f 126/126/126 191/191/191 125/125/125
f 191/191/191 190/190/190 125/125/125
f 127/127/127 192/192/192 126/126/126
f 192/192/192 191/191/191 126/126/126
f 128/128/128 193/193/193 127/127/127
f 193/193/193 192/192/192 127/127/127
f 129/129/129 194/194/194 128/128/128
f 194/194/194 193/193/193 128/128/128
f 130/130/130 195/195/195 129/129/129
f 195/195/195 194/194/194 129/129/129
f 132/132/132 197/197/197 131/131/131
f 197/197/197 196/196/196 131/131/131
f 133/133/133 198/198/198 132/132/132
f 198/198/198 197/197/197 132/132/132
f 134/134/134 199/199/199 133/133/133
f 199/199/199 198/198/198 133/133/133
f 135/135/135 200/200/200 134/134/134
f 200/200/200 199/199/199 134/134/134
f 136/136/136 201/201/201 135/135/135
f 201/201/201 200/200/200 135/135/135
f 137/137/137 202/202/202 136/136/136
f 202/202/202 201/201/201 136/136/136
f 138/138/138 203/203/203 137/137/137
f 203/203/203 202/202/202 137/137/137
f 139/139/139 204/204/204 138/138/138
f 204/204/204 203/203/203 138/138/138
f 140/140/140 205/205/205 139/139/139
f 205/205/205 204/204/204 139/139/139
f 141/141/141 206/206/206 140/140/140
f 206/206/206 205/205/205 140/140/140
f 142/142/142 207/207/207 141/141/141
f 207/207/207 206/206/206 141/141/141
f 143/143/143 208/208/208 142/142/142
f 208/208/208 207/207/207 142/142/142
f 144/144/144 209/209/209 143/143/143
f 209/209/209 208/208/208 143/143/143
f 145/145/145 210/210/210 144/144/144
f 210/210/210 209/209/209 144/144/144
f 146/146/146 211/211/211 145/145/145
f 211/211/211 210/210/210 145/145/145
f 147/147/147 212/212/212 146/146/146
f 212/212/212 211/211/211 146/146/146
f 148/148/148 213/213/213 147/147/147
f 213/213/213 212/212/212 147/147/147
f 149/149/149 214/214/214 148/148/148
f 214/214/214 213/213/213 148/148/148
f 150/150/150 215/215/215 149/149/149
f 215/215/215 214/214/214 149/149/149
f 151/151/151 216/216/216 150/150/150
f 216/216/216 215/215/215 150/150/150
f 152/152/152 217/217/217 151/151/151
f 217/217/217 216/216/216 151/151/151
f 153/153/153 218/218/218 152/152/152
f 218/218/218 217/217/217 152/152/152
f 154/154/154 219/219/219 153/153/153
f 219/219/219 218/218/218 153/153/153
f 155/155/155 220/220/220 154/154/154
f 220/220/220 219/219/219 154/154/154
f 156/156/156 221/221/221 155/155/155
f 221/221/221 220/220/220 155/155/155
f 157/157/157 222/222/222 156/156/156
f 222/222/222 221/221/221 156/156/156
f 158/158/158 223/223/223 157/157/157
f 223/223/223 222/222/222 157/157/157
f 159/159/159 224/224/224 158/158/158
f 224/224/224 223/223/223 158/158/158
f 160/160/160 225/225/225 159/159/159
f 225/225/225 224/224/224 159/159/159
f 161/161/161 226/226/226 160/160/160
f 226/226/226 225/225/225 160/160/160
f 162/162/162 227/227/227 161/161/161
f 227/227/227 226/226/226 161/161/161
f 163/163/163 228/228/228 162/162/162
f 228/228/228 227/227/227 162/162/162
f 164/164/164 229/229/229 163/163/163
f 229/229/229 228/228/228 163/163/163
f 165/165/165 230/230/230 164/164/164
f 230/230/230 229/229/229 164/164/164
f 166/166/166 231/231/231 165/165/165
f 231/231/231 230/230/230 165/165/165
f 167/167/167 232/232/232 166/166/166
f 232/232/232 231/231/231 166/166/166
f 168/168/168 233/233/233 167/167/167
f 233/233/233 232/232/232 167/167/167
f 169/169/169 234/234/234 168/168/168
f 234/234/234 233/233/233 168/168/168
f 170/170/170 235/235/235 169/169/169
f 235/235/235 234/234/234 169/169/169
f 171/171/171 236/236/236 170/170/170
f 236/236/236 235/235/235 170/170/170
f 172/172/172 237/237/237 171/171/171
f 237/237/237 236/236/236 171/171/171
f 173/173/173 238/238/238 172/172/172
f 238/238/238 237/237/237 172/172/172
f 174/174/174 239/239/239 173/173/173
f 239/239/239 238/238/238 173/173/173
f 175/175/175 240/240/240 174/174/174
f 240/240/240 239/239/239 174/174/174
f 176/176/176 241/241/241 175/175/175
f 241/241/241 240/240/240 175/175/175
f 177/177/177 242/242/242 176/176/176
f 242/242/242 241/241/241 176/176/176
f 178/178/178 243/243/243 177/177/177
f 243/243/243 242/242/242 177/177/177
f 179/179/179 244/244/244 178/178/178
f 244/244/244 243/243/243 178/178/178
f 180/180/180 245/245/245 179/179/179
f 245/245/245 244/244/244 179/179/179
f 181/181/181 246/246/246 180/180/180
f 246/246/246 245/245/245 180/180/180
f 182/182/182 247/247/247 181/181/181
f 247/247/247 246/246/246 181/181/181
f 183/183/183 248/248/248 182/182/182
f 248/248/248 247/247/247 182/182/182
f 184/184/184 249/249/249 183/183/183
f 249/249/249 248/248/248 183/183/183
f 185/185/185 250/250/250 184/184/184
f 250/250/250 249/249/249 184/184/184
f 186/186/186 251/251/251 185/185/185
f 251/251/251 250/250/250 185/185/185
f 187/187/187 252/252/252 186/186/186
f 252/252/252 251/251/251 186/186/186
f 188/188/188 253/253/253 187/187/187
f 253/253/253 252/252/252 187/187/187
f 189/189/189 254/254/254 188/188/188
f 254/254/254 253/253/253 188/188/188
f 190/190/190 255/255/255 189/189/189
f 255/255/255 254/254/254 189/189/189
f 191/191/191 256/256/256 190/190/190
f 256/256/256 255/255/255 190/190/190
f 192/192/192 257/257/257 191/191/191
f 257/257/257 256/256/256 191/191/191
f 193/193/193 258/258/258 192/192/192
f 258/258/258 257/257/257 192/192/192
f 194/194/194 259/259/259 193/193/193
f 259/259/259 258/258/258 193/193/193
f 195/195/195 260/260/260 194/194/194
f 260/260/260 259/259/259 194/194/194
f 197/197/197 262/262/262 196/196/196
f 262/262/262 261/261/261 196/196/196
f 198/198/198 263/263/263 197/197/197
f 263/263/263 262/262/262 197/197/197
f 199/199/199 264/264/264 198/198/198
f 264/264/264 263/263/263 198/198/198
f 200/200/200 265/265/265 199/199/199
f 265/265/265 264/264/264 199/199/199
f 201/201/201 266/266/266 200/200/200
f 266/266/266 265/265/265 200/200/200
f 202/202/202 267/267/267 201/201/201
f 267/267/267 266/266/266 201/201/201
f 203/203/203 268/268/268 202/202/202
f 268/268/268 267/267/267 202/202/202
f 204/204/204 269/269/269 203/203/203
f 269/269/269 268/268/268 203/203/203
f 205/205/205 270/270/270 204/204/204
f 270/270/270 269/269/269 204/204/204
f 206/206/206 271/271/271 205/205/205
f 271/271/271 270/270/270 205/205/205
f 207/207/207 272/272/272 206/206/206
f 272/272/272 271/271/271 206/206/206
f 208/208/208 273/273/273 207/207/207
f 273/273/273 272/272/272 207/207/207
f 209/209/209 274/274/274 208/208/208
f 274/274/274 273/273/273 208/208/208
f 210/210/210 275/275/275 209/209/209
f 275/275/275 274/274/274 209/209/209
f 211/211/211 276/276/276 210/210/210
f 276/276/276 275/275/275 210/210/210
f 212/212/212 277/277/277 211/211/211
f 277/277/277 276/276/276 211/211/211
f 213/213/213 278/278/278 212/212/212
f 278/278/278 277/277/277 212/212/212
f 214/214/214 279/279/279 213/213/213
f 279/279/279 278/278/278 213/213/213
f 215/215/215 280/280/280 214/214/214
f 280/280/280 279/279/279 214/214/214
f 216/216/216 281/281/281 215/215/215
f 281/281/281 280/280/280 215/215/215
f 217/217/217 282/282/282 216/216/216
f 282/282/282 281/281/281 216/216/216
f 218/218/218 283/283/283 217/217/217
f 283/283/283 282/282/282 217/217/217
f 219/219/219 284/284/284 218/218/218
f 284/284/284 283/283/283 218/218/218
f 220/220/220 285/285/285 219/219/219
f 285/285/285 284/284/284 219/219/219
f 221/221/221 286/286/286 220/220/220
f 286/286/286 285/285/285 220/220/220
f 222/222/222 287/287/287 221/221/221
f 287/287/287 286/286/286 221/221/221
f 223/223/223 288/288/288 222/222/222
f 288/288/288 287/287/287 222/222/222
f 224/224/224 289/289/289 223/223/223
f 289/289/289 288/288/288 223/223/223
f 225/225/225 290/290/290 224/224/224
f 290/290/290 289/289/289 224/224/224
f 226/226/226 291/291/291 225/225/225
f 291/291/291 290/290/290 225/225/225
f 227/227/227 292/292/292 226/226/226
f 292/292/292 291/291/291 226/226/226
f 228/228/228 293/293/293 227/227/227
f 293/293/293 292/292/292 227/227/227
f 229/229/229 294/294/294 228/228/228
f 294/294/294 293/293/293 228/228/228
f 230/230/230 295/295/295 229/229/229
f 295/295/295 294/294/294 229/229/229
f 231/231/231 296/296/296 230/230/230
f 296/296/296 295/295/295 230/230/230
f 232/232/232 297/297/297 231/231/231
f 297/297/297 296/296/296 231/231/231
f 233/233/233 298/298/298 232/232/232
f 298/298/298 297/297/297 232/232/232
f 234/234/234 299/299/299 233/233/233
f 299/299/299 298/298/298 233/233/233
f 235/235/235 300/300/300 234/234/234
f 300/300/300 299/299/299 234/234/234
f 236/236/236 301/301/301 235/235/235
f 301/301/301 300/300/300 235/235/235
f 237/237/237 302/302/302 236/236/236
f 302/302/302 301/301/301 236/236/236
f 238/238/238 303/303/303 237/237/237
f 303/303/303 302/302/302 237/237/237
f 239/239/239 304/304/304 238/238/238
f 304/304/304 303/303/303 238/238/238
f 240/240/240 305/305/305 239/239/239
f 305/305/305 304/304/304 239/239/239
f 241/241/241 306/306/306 240/240/240
f 306/306/306 305/305/305 240/240/240
f 242/242/242 307/307/307 241/241/241
f 307/307/307 306/306/306 241/241/241
f 243/243/243 308/308/308 242/242/242
f 308/308/308 307/307/307 242/242/242
f 244/244/244 309/309/309 243/243/243
f 309/309/309 308/308/308 243/243/243
f 245/245/245 310/310/310 244/244/244
f 310/310/310 309/309/309 244/244/244
f 246/246/246 311/311/311 245/245/245
f 311/311/311 310/310/310 245/245/245
f 247/247/247 312/312/312 246/246/246
f 312/312/312 311/311/311 246/246/246
f 248/248/248 313/313/313 247/247/247
f 313/313/313 312/312/312 247/247/247
f 249/249/249 314/314/314 248/248/248
f 314/314/314 313/313/313 248/248/248
f 250/250/250 315/315/315 249/249/249
f 315/315/315 314/314/314 249/249/249
f 251/251/251 316/316/316 250/250/250
f 316/316/316 315/315/315 250/250/250
f 252/252/252 317/317/317 251/251/251
f 317/317/317 316/316/316 251/251/251
f 253/253/253 318/318/318 252/252/252
f 318/318/318 317/317/317 252/252/252
f 254/254/254 319/319/319 253/253/253
f 319/319/319 318/318/318 253/253/253
f 255/255/255 320/320/320 254/254/254
f 320/320/320 319/319/319 254/254/254
f 256/256/256 321/321/321 255/255/255
f 321/321/321 320/320/320 255/255/255
f 257/257/257 322/322/322 256/256/256
f 322/322/322 321/321/321 256/256/256
f 258/258/258 323/323/323 257/257/257
f 323/323/323 322/322/322 257/257/257
f 259/259/259 324/324/324 258/258/258
f 324/324/324 323/323/323 258/258/258
f 260/260/260 325/325/325 259/259/259
f 325/325/325 324/324/324 259/259/259
f 262/262/262 327/327/327 261/261/261
f 327/327/327 326/326/326 261/261/261
f 263/263/263 328/328/328 262/262/262
f 328/328/328 327/327/327 262/262/262
f 264/264/264 329/329/329 263/263/263
f 329/329/329 328/328/328 263/263/263
f 265/265/265 330/330/330 264/264/264
f 330/330/330 329/329/329 264/264/264
f 266/266/266 331/331/331 265/265/265
f 331/331/331 330/330/330 265/265/265
f 267/267/267 332/332/332 266/266/266
f 332/332/332 331/331/331 266/266/266
f 268/268/268 333/333/333 267/267/267
f 333/333/333 332/332/332 267/267/267
f 269/269/269 334/334/334 268/268/268
f 334/334/334 333/333/333 268/268/268
f 270/270/270 335/335/335 269/269/269
f 335/335/335 334/334/334 269/269/269
f 271/271/271 336/336/336 270/270/270
f 336/336/336 335/335/335 270/270/270
f 272/272/272 337/337/337 271/271/271
f 337/337/337 336/336/336 271/271/271
f 273/273/273 338/338/338 272/272/272
f 338/338/338 337/337/337 272/272/272
f 274/274/274 339/339/339 273/273/273
f 339/339/339 338/338/338 273/273/273
f 275/275/275 340/340/340 274/274/274
f 340/340/340 339/339/339 274/274/274
f 276/276/276 341/341/341 275/275/275
f 341/341/341 340/340/340 275/275/275
f 277/277/277 342/342/342 276/276/276
f 342/342/342 341/341/341 276/276/276
f 278/278/278 343/343/343 277/277/277
f 343/343/343 342/342/342 277/277/277
f 279/279/279 344/344/344 278/278/278
f 344/344/344 343/343/343 278/278/278
f 280/280/280 345/345/345 279/279/279
f 345/345/345 344/344/344 279/279/279
f 281/281/281 346/346/346 280/280/280
f 346/346/346 345/345/345 280/280/280
f 282/282/282 347/347/347 281/281/281
f 347/347/347 346/346/346 281/281/281
f 283/283/283 348/348/348 282/282/282
f 348/348/348 347/347/347 282/282/282
f 284/284/284 349/349/349 283/283/283
f 349/349/349 348/348/348 283/283/283
f 285/285/285 350/350/350 284/284/284
f 350/350/350 349/349/349 284/284/284
f 286/286/286 351/351/351 285/285/285
f 351/351/351 350/350/350 285/285/285
f 287/287/287 352/352/352 286/286/286
f 352/352/352 351/351/351 286/286/286
f 288/288/288 353/353/353 287/287/287
f 353/353/353 352/352/352 287/287/287
f 289/289/289 354/354/354 288/288/288
f 354/354/354 353/353/353 288/288/288
f 290/290/290 355/355/355 289/289/289
f 355/355/355 354/354/354 289/289/289
f 291/291/291 356/356/356 290/290/290
f 356/356/356 355/355/355 290/290/290
f 292/292/292 357/357/357 291/291/291
f 357/357/357 356/356/356 291/291/291
f 293/293/293 358/358/358 292/292/292
f 358/358/358 357/357/357 292/292/292
f 294/294/294 359/359/359 293/293/293
f 359/359/359 358/358/358 293/293/293
f 295/295/295 360/360/360 294/294/294
f 360/360/360 359/359/359 294/294/294
f 296/296/296 361/361/361 295/295/295
f 361/361/361 360/360/360 295/295/295
f 297/297/297 362/362/362 296/296/296
f 362/362/362 361/361/361 296/296/296
f 298/298/298 363/363/363 297/297/297
f 363/363/363 362/362/362 297/297/297
f 299/299/299 364/364/364 298/298/298
f 364/364/364 363/363/363 298/298/298
f 300/300/300 365/365/365 299/299/299
f 365/365/365 364/364/364 299/299/299
f 301/301/301 366/366/366 300/300/300
f 366/366/366 365/365/365 300/300/300
f 302/302/302 367/367/367 301/301/301
f 367/367/367 366/366/366 301/301/301
f 303/303/303 368/368/368 302/302/302
f 368/368/368 367/367/367 302/302/302
f 304/304/304 369/369/369 303/303/303
f 369/369/369 368/368/368 303/303/303
f 305/305/305 370/370/370 304/304/304
f 370/370/370 369/369/369 304/304/304
f 306/306/306 371/371/371 305/305/305
f 371/371/371 370/370/370 305/305/305
f 307/307/307 372/372/372 306/306/306
f 372/372/372 371/371/371 306/306/306
f 308/308/308 373/373/373 307/307/307
f 373/373/373 372/372/372 307/307/307
f 309/309/309 374/374/374 308/308/308
f 374/374/374 373/373/373 308/308/308
f 310/310/310 375/375/375 309/309/309
f 375/375/375 374/374/374 309/309/309
f 311/311/311 376/376/376 310/310/310
f 376/376/376 375/375/375 310/310/310
f 312/312/312 377/377/377 311/311/311
f 377/377/377 376/376/376 311/311/311
f 313/313/313 378/378/378 312/312/312
f 378/378/378 377/377/377 312/312/312
f 314/314/314 379/379/379 313/313/313
f 379/379/379 378/378/378 313/313/313
f 315/315/315 380/380/380 314/314/314
f 380/380/380 379/379/379 314/314/314
f 316/316/316 381/381/381 315/315/315
f 381/381/381 380/380/380 315/315/315
f 317/317/317 382/382/382 316/316/316
f 382/382/382 381/381/381 316/316/316
f 318/318/318 383/383/383 317/317/317
f 383/383/383 382/382/382 317/317/317
f 319/319/319 384/384/384 318/318/318
f 384/384/384 383/383/383 318/318/318
f 320/320/320 385/385/385 319/319/319
f 385/385/385 384/384/384 319/319/319
f 321/321/321 386/386/386 320/320/320
f 386/386/386 385/385/385 320/320/320
f 322/322/322 387/387/387 321/321/321
f 387/387/387 386/386/386 321/321/321
f 323/323/323 388/388/388 322/322/322
f 388/388/388 387/387/387 322/322/322
f 324/324/324 389/389/389 323/323/323
f 389/389/389 388/388/388 323/323/323
f 325/325/325 390/390/390 324/324/324
f 390/390/390 389/389/389 324/324/324
f 327/327/327 392/392/392 326/326/326
f 392/392/392 391/391/391 326/326/326
f 328/328/328 393/393/393 327/327/327
f 393/393/393 392/392/392 327/327/327
f 329/329/329 394/394/394 328/328/328
f 394/394/394 393/393/393 328/328/328
f 330/330/330 395/395/395 329/329/329
f 395/395/395 394/394/394 329/329/329
f 331/331/331 396/396/396 330/330/330
f 396/396/396 395/395/395 330/330/330
f 332/332/332 397/397/397 331/331/331
f 397/397/397 396/396/396 331/331/331
f 333/333/333 398/398/398 332/332/332
f 398/398/398 397/397/397 332/332/332
f 334/334/334 399/399/399 333/333/333
f 399/399/399 398/398/398 333/333/333
f 335/335/335 400/400/400 334/334/334
f 400/400/400 399/399/399 334/334/334
f 336/336/336 401/401/401 335/335/335
f 401/401/401 400/400/400 335/335/335
f 337/337/337 402/402/402 336/336/336
f 402/402/402 401/401/401 336/336/336
f 338/338/338 403/403/403 337/337/337
f 403/403/403 402/402/402 337/337/337
f 339/339/339 404/404/404 338/338/338
f 404/404/404 403/403/403 338/338/338
f 340/340/340 405/405/405 339/339/339
f 405/405/405 404/404/404 339/339/339
f 341/341/341 406/406/406 340/340/340
f 406/406/406 405/405/405 340/340/340
f 342/342/342 407/407/407 341/341/341
f 407/407/407 406/406/406 341/341/341
f 343/343/343 408/408/408 342/342/342
f 408/408/408 407/407/407 342/342/342
f 344/344/344 409/409/409 343/343/343
f 409/409/409 408/408/408 343/343/343
f 345/345/345 410/410/410 344/344/344
f 410/410/410 409/409/409 344/344/344
f 346/346/346 411/411/411 345/345/345
f 411/411/411 410/410/410 345/345/345
f 347/347/347 412/412/412 346/346/346
f 412/412/412 411/411/411 346/346/346
f 348/348/348 413/413/413 347/347/347
f 413/413/413 412/412/412 347/347/347
f 349/349/349 414/414/414 348/348/348
f 414/414/414 413/413/413 348/348/348
f 350/350/350 415/415/415 349/349/349
f 415/415/415 414/414/414 349/349/349
f 351/351/351 416/416/416 350/350/350
f 416/416/416 415/415/415 350/350/350
f 352/352/352 417/417/417 351/351/351
f 417/417/417 416/416/416 351/351/351
f 353/353/353 418/418/418 352/352/352
f 418/418/418 417/417/417 352/352/352
f 354/354/354 419/419/419 353/353/353
f 419/419/419 418/418/418 353/353/353
f 355/355/355 420/420/420 354/354/354
f 420/420/420 419/419/419 354/354/354
f 356/356/356 421/421/421 355/355/355
f 421/421/421 420/420/420 355/355/355
f 357/357/357 422/422/422 356/356/356
f 422/422/422 421/421/421 356/356/356
f 358/358/358 423/423/423 357/357/357
f 423/423/423 422/422/422 357/357/357
f 359/359/359 424/424/424 358/358/358
f 424/424/424 423/423/423 358/358/358
f 360/360/360 425/425/425 359/359/359
f 425/425/425 424/424/424 359/359/359
f 361/361/361 426/426/426 360/360/360
f 426/426/426 425/425/425 360/360/360
f 362/362/362 427/427/427 361/361/361
f 427/427/427 426/426/426 361/361/361
f 363/363/363 428/428/428 362/362/362
f 428/428/428 427/427/427 362/362/362
f 364/364/364 429/429/429 363/363/363
f 429/429/429 428/428/428 363/363/363
f 365/365/365 430/430/430 364/364/364
f 430/430/430 429/429/429 364/364/364
f 366/366/366 431/431/431 365/365/365
f 431/431/431 430/430/430 365/365/365
f 367/367/367 432/432/432 366/366/366
f 432/432/432 431/431/431 366/366/366
f 368/368/368 433/433/433 367/367/367
f 433/433/433 432/432/432 367/367/367
f 369/369/369 434/434/434 368/368/368
f 434/434/434 433/433/433 368/368/368
f 370/370/370 435/435/435 369/369/369
f 435/435/435 434/434/434 369/369/369
f 371/371/371 436/436/436 370/370/370
f 436/436/436 435/435/435 370/370/370
f 372/372/372 437/437/437 371/371/371
f 437/437/437 436/436/436 371/371/371
f 373/373/373 438/438/438 372/372/372
f 438/438/438 437/437/437 372/372/372
f 374/374/374 439/439/439 373/373/373
f 439/439/439 438/438/438 373/373/373
f 375/375/375 440/440/440 374/374/374
f 440/440/440 439/439/439 374/374/374
f 376/376/376 441/441/441 375/375/375
f 441/441/441 440/440/440 375/375/375
f 377/377/377 442/442/442 376/376/376
f 442/442/442 441/441/441 376/376/376
f 378/378/378 443/443/443 377/377/377
f 443/443/443 442/442/442 377/377/377
f 379/379/379 444/444/444 378/378/378
f 444/444/444 443/443/443 378/378/378
f 380/380/380 445/445/445 379/379/379
f 445/445/445 444/444/444 379/379/379
f 381/381/381 446/446/446 380/380/380
f 446/446/446 445/445/445 380/380/380
f 382/382/382 447/447/447 381/381/381
f 447/447/447 446/446/446 381/381/381
f 383/383/383 448/448/448 382/382/382
f 448/448/448 447/447/447 382/382/382
f 384/384/384 449/449/449 383/383/383
f 449/449/449 448/448/448 383/383/383
f 385/385/385 450/450/450 384/384/384
f 450/450/450 449/449/449 384/384/384
f 386/386/386 451/451/451 385/385/385
f 451/451/451 450/450/450 385/385/385
f 387/387/387 452/452/452 386/386/386
f 452/452/452 451/451/451 386/386/386
f 388/388/388 453/453/453 387/387/387
f 453/453/453 452/452/452 387/387/387
f 389/389/389 454/454/454 388/388/388
f 454/454/454 453/453/453 388/388/388
f 390/390/390 455/455/455 389/389/389
f 455/455/455 454/454/454 389/389/389
f 392/392/392 457/457/457 391/391/391
f 457/457/457 456/456/456 391/391/391
f 393/393/393 458/458/458 392/392/392
f 458/458/458 457/457/457 392/392/392
f 394/394/394 459/459/459 393/393/393
f 459/459/459 458/458/458 393/393/393
f 395/395/395 460/460/460 394/394/394
f 460/460/460 459/459/459 394/394/394
f 396/396/396 461/461/461 395/395/395
f 461/461/461 460/460/460 395/395/395
f 397/397/397 462/462/462 396/396/396
f 462/462/462 461/461/461 396/396/396
f 398/398/398 463/463/463 397/397/397
f 463/463/463 462/462/462 397/397/397
f 399/399/399 464/464/464 398/398/398
f 464/464/464 463/463/463 398/398/398
f 400/400/400 465/465/465 399/399/399
f 465/465/465 464/464/464 399/399/399
f 401/401/401 466/466/466 400/400/400
f 466/466/466 465/465/465 400/400/400
f 402/402/402 467/467/467 401/401/401
f 467/467/467 466/466/466 401/401/401
f 403/403/403 468/468/468 402/402/402
f 468/468/468 467/467/467 402/402/402
f 404/404/404 469/469/469 403/403/403
f 469/469/469 468/468/468 403/403/403
f 405/405/405 470/470/470 404/404/404
f 470/470/470 469/469/469 404/404/404
f 406/406/406 471/471/471 405/405/405
f 471/471/471 470/470/470 405/405/405
f 407/407/407 472/472/472 406/406/406
f 472/472/472 471/471/471 406/406/406
f 408/408/408 473/473/473 407/407/407
f 473/473/473 472/472/472 407/407/407
f 409/409/409 474/474/474 408/408/408
f 474/474/474 473/473/473 408/408/408
f 410/410/410 475/475/475 409/409/409
f 475/475/475 474/474/474 409/409/409
f 411/411/411 476/476/476 410/410/410
f 476/476/476 475/475/475 410/410/410
f 412/412/412 477/477/477 411/411/411
f 477/477/477 476/476/476 411/411/411
f 413/413/413 478/478/478 412/412/412
f 478/478/478 477/477/477 412/412/412
f 414/414/414 479/479/479 413/413/413
f 479/479/479 478/478/478 413/413/413
f 415/415/415 480/480/480 414/414/414
f 480/480/480 479/479/479 414/414/414
f 416/416/416 481/481/481 415/415/415
f 481/481/481 480/480/480 415/415/415
f 417/417/417 482/482/482 416/416/416
f 482/482/482 481/481/481 416/416/416
f 418/418/418 483/483/483 417/417/417
f 483/483/483 482/482/482 417/417/417
f 419/419/419 484/484/484 418/418/418
f 484/484/484 483/483/483 418/418/418
f 420/420/420 485/485/485 419/419/419
f 485/485/485 484/484/484 419/419/419
f 421/421/421 486/486/486 420/420/420
f 486/486/486 485/485/485 420/420/420
f 422/422/422 487/487/487 421/421/421
f 487/487/487 486/486/486 421/421/421
f 423/423/423 488/488/488 422/422/422
f 488/488/488 487/487/487 422/422/422
f 424/424/424 489/489/489 423/423/423
f 489/489/489 488/488/488 423/423/423
f 425/425/425 490/490/490 424/424/424
f 490/490/490 489/489/489 424/424/424
f 426/426/426 491/491/491 425/425/425
f 491/491/491 490/490/490 425/425/425
f 427/427/427 492/492/492 426/426/426
f 492/492/492 491/491/491 426/426/426
f 428/428/428 493/493/493 427/427/427
f 493/493/493 492/492/492 427/427/427
f 429/429/429 494/494/494 428/428/428
f 494/494/494 493/493/493 428/428/428
f 430/430/430 495/495/495 429/429/429
f 495/495/495 494/494/494 429/429/429
f 431/431/431 496/496/496 430/430/430
f 496/496/496 495/495/495 430/430/430
f 432/432/432 497/497/497 431/431/431
f 497/497/497 496/496/496 431/431/431
f 433/433/433 498/498/498 432/432/432
f 498/498/498 497/497/497 432/432/432
f 434/434/434 499/499/499 433/433/433
f 499/499/499 498/498/498 433/433/433
f 435/435/435 500/500/500 434/434/434
f 500/500/500 499/499/499 434/434/434
f 436/436/436 501/501/501 435/435/435
f 501/501/501 500/500/500 435/435/435
f 437/437/437 502/502/502 436/436/436
f 502/502/502 501/501/501 436/436/436
f 438/438/438 503/503/503 437/437/437
f 503/503/503 502/502/502 437/437/437
f 439/439/439 504/504/504 438/438/438
f 504/504/504 503/503/503 438/438/438
f 440/440/440 505/505/505 439/439/439
f 505/505/505 504/504/504 439/439/439
f 441/441/441 506/506/506 440/440/440
f 506/506/506 505/505/505 440/440/440
f 442/442/442 507/507/507 441/441/441
f 507/507/507 506/506/506 441/441/441
f 443/443/443 508/508/508 442/442/442
f 508/508/508 507/507/507 442/442/442
f 444/444/444 509/509/509 443/443/443
f 509/509/509 508/508/508 443/443/443
f 445/445/445 510/510/510 444/444/444
f 510/510/510 509/509/509 444/444/444
f 446/446/446 511/511/511 445/445/445
f 511/511/511 510/510/510 445/445/445
f 447/447/447 512/512/512 446/446/446
f 512/512/512 511/511/511 446/446/446
f 448/448/448 513/513/513 447/447/447
f 513/513/513 512/512/512 447/447/447
f 449/449/449 514/514/514 448/448/448
f 514/514/514 513/513/513 448/448/448
f 450/450/450 515/515/515 449/449/449
f 515/515/515 514/514/514 449/449/449
f 451/451/451 516/516/516 450/450/450
f 516/516/516 515/515/515 450/450/450
f 452/452/452 517/517/517 451/451/451
f 517/517/517 516/516/516 451/451/451
f 453/453/453 518/518/518 452/452/452
f 518/518/518 517/517/517 452/452/452
f 454/454/454 519/519/519 453/453/453
f 519/519/519 518/518/518 453/453/453
f 455/455/455 520/520/520 454/454/454
f 520/520/520 519/519/519 454/454/454
f 457/457/457 522/522/522 456/456/456
f 522/522/522 521/521/521 456/456/456
f 458/458/458 523/523/523 457/457/457
f 523/523/523 522/522/522 457/457/457
f 459/459/459 524/524/524 458/458/458
f 524/524/524 523/523/523 458/458/458
f 460/460/460 525/525/525 459/459/459
f 525/525/525 524/524/524 459/459/459
f 461/461/461 526/526/526 460/460/460
f 526/526/526 525/525/525 460/460/460
f 462/462/462 527/527/527 461/461/461
f 527/527/527 526/526/526 461/461/461
f 463/463/463 528/528/528 462/462/462
f 528/528/528 527/527/527 462/462/462
f 464/464/464 529/529/529 463/463/463
f 529/529/529 528/528/528 463/463/463
f 465/465/465 530/530/530 464/464/464
f 530/530/530 529/529/529 464/464/464
f 466/466/466 531/531/531 465/465/465
f 531/531/531 530/530/530 465/465/465
f 467/467/467 532/532/532 466/466/466
f 532/532/532 531/531/531 466/466/466
f 468/468/468 533/533/533 467/467/467
f 533/533/533 532/532/532 467/467/467
f 469/469/469 534/534/534 468/468/468
f 534/534/534 533/533/533 468/468/468
f 470/470/470 535/535/535 469/469/469
f 535/535/535 534/534/534 469/469/469
f 471/471/471 536/536/536 470/470/470
f 536/536/536 535/535/535 470/470/470
f 472/472/472 537/537/537 471/471/471
f 537/537/537 536/536/536 471/471/471
f 473/473/473 538/538/538 472/472/472
f 538/538/538 537/537/537 472/472/472
f 474/474/474 539/539/539 473/473/473
f 539/539/539 538/538/538 473/473/473
f 475/475/475 540/540/540 474/474/474
f 540/540/540 539/539/539 474/474/474
f 476/476/476 541/541/541 475/475/475
f 541/541/541 540/540/540 475/475/475
f 477/477/477 542/542/542 476/476/476
f 542/542/542 541/541/541 476/476/476
f 478/478/478 543/543/543 477/477/477
f 543/543/543 542/542/542 477/477/477
f 479/479/479 544/544/544 478/478/478
f 544/544/544 543/543/543 478/478/478
f 480/480/480 545/545/545 479/479/479
f 545/545/545 544/544/544 479/479/479
f 481/481/481 546/546/546 480/480/480
f 546/546/546 545/545/545 480/480/480
f 482/482/482 547/547/547 481/481/481
f 547/547/547 546/546/546 481/481/481
f 483/483/483 548/548/548 482/482/482
f 548/548/548 547/547/547 482/482/482
f 484/484/484 549/549/549 483/483/483
f 549/549/549 548/548/548 483/483/483
f 485/485/485 550/550/550 484/484/484
f 550/550/550 549/549/549 484/484/484
f 486/486/486 551/551/551 485/485/485
f 551/551/551 550/550/550 485/485/485
f 487/487/487 552/552/552 486/486/486
f 552/552/552 551/551/551 486/486/486
f 488/488/488 553/553/553 487/487/487
f 553/553/553 552/552/552 487/487/487
f 489/489/489 554/554/554 488/488/488
f 554/554/554 553/553/553 488/488/488
f 490/490/490 555/555/555 489/489/489
f 555/555/555 554/554/554 489/489/489
f 491/491/491 556/556/556 490/490/490
f 556/556/556 555/555/555 490/490/490
f 492/492/492 557/557/557 491/491/491
f 557/557/557 556/556/556 491/491/491
f 493/493/493 558/558/558 492/492/492
f 558/558/558 557/557/557 492/492/492
f 494/494/494 559/559/559 493/493/493
f 559/559/559 558/558/558 493/493/493
f 495/495/495 560/560/560 494/494/494
f 560/560/560 559/559/559 494/494/494
f 496/496/496 561/561/561 495/495/495
f 561/561/561 560/560/560 495/495/495
f 497/497/497 562/562/562 496/496/496
f 562/562/562 561/561/561 496/496/496
f 498/498/498 563/563/563 497/497/497
f 563/563/563 562/562/562 497/497/497
f 499/499/499 564/564/564 498/498/498
f 564/564/564 563/563/563 498/498/498
f 500/500/500 565/565/565 499/499/499
f 565/565/565 564/564/564 499/499/499
f 501/501/501 566/566/566 500/500/500
f 566/566/566 565/565/565 500/500/500
f 502/502/502 567/567/567 501/501/501
f 567/567/567 566/566/566 501/501/501
f 503/503/503 568/568/568 502/502/502
f 568/568/568 567/567/567 502/502/502
f 504/504/504 569/569/569 503/503/503
f 569/569/569 568/568/568 503/503/503
f 505/505/505 570/570/570 504/504/504
f 570/570/570 569/569/569 504/504/504
f 506/506/506 571/571/571 505/505/505
f 571/571/571 570/570/570 505/505/505
f 507/507/507 572/572/572 506/506/506
f 572/572/572 571/571/571 506/506/506
f 508/508/508 573/573/573 507/507/507
f 573/573/573 572/572/572 507/507/507
f 509/509/509 574/574/574 508/508/508
f 574/574/574 573/573/573 508/508/508
f 510/510/510 575/575/575 509/509/509
f 575/575/575 574/574/574 509/509/509
f 511/511/511 576/576/576 510/510/510
f 576/576/576 575/575/575 510/510/510
f 512/512/512 577/577/577 511/511/511
f 577/577/577 576/576/576 511/511/511
f 513/513/513 578/578/578 512/512/512
f 578/578/578 577/577/577 512/512/512
f 514/514/514 579/579/579 513/513/513
f 579/579/579 578/578/578 513/513/513
f 515/515/515 580/580/580 514/514/514
f 580/580/580 579/579/579 514/514/514
f 516/516/516 581/581/581 515/515/515
f 581/581/581 580/580/580 515/515/515
f 517/517/517 582/582/582 516/516/516
f 582/582/582 581/581/581 516/516/516
f 518/518/518 583/583/583 517/517/517
f 583/583/583 582/582/582 517/517/517
f 519/519/519 584/584/584 518/518/518
f 584/584/584 583/583/583 518/518/518
f 520/520/520 585/585/585 519/519/519
f 585/585/585 584/584/584 519/519/519
f 522/522/522 587/587/587 521/521/521
f 587/587/587 586/586/586 521/521/521
f 523/523/523 588/588/588 522/522/522
f 588/588/588 587/587/587 522/522/522
f 524/524/524 589/589/589 523/523/523
f 589/589/589 588/588/588 523/523/523
f 525/525/525 590/590/590 524/524/524
f 590/590/590 589/589/589 524/524/524
f 526/526/526 591/591/591 525/525/525
f 591/591/591 590/590/590 525/525/525
f 527/527/527 592/592/592 526/526/526
f 592/592/592 591/591/591 526/526/526
f 528/528/528 593/593/593 527/527/527
f 593/593/593 592/592/592 527/527/527
f 529/529/529 594/594/594 528/528/528
f 594/594/594 593/593/593 528/528/528
f 530/530/530 595/595/595 529/529/529
f 595/595/595 594/594/594 529/529/529
f 531/531/531 596/596/596 530/530/530
f 596/596/596 595/595/595 530/530/530
f 532/532/532 597/597/597 531/531/531
f 597/597/597 596/596/596 531/531/531
f 533/533/533 598/598/598 532/532/532
f 598/598/598 597/597/597 532/532/532
f 534/534/534 599/599/599 533/533/533
f 599/599/599 598/598/598 533/533/533
f 535/535/535 600/600/600 534/534/534
f 600/600/600 599/599/599 534/534/534
f 536/536/536 601/601/601 535/535/535
f 601/601/601 600/600/600 535/535/535
f 537/537/537 602/602/602 536/536/536
f 602/602/602 601/601/601 536/536/536
f 538/538/538 603/603/603 537/537/537
f 603/603/603 602/602/602 537/537/537
f 539/539/539 604/604/604 538/538/538
f 604/604/604 603/603/603 538/538/538
f 540/540/540 605/605/605 539/539/539
f 605/605/605 604/604/604 539/539/539
f 541/541/541 606/606/606 540/540/540
f 606/606/606 605/605/605 540/540/540
f 542/542/542 607/607/607 541/541/541
f 607/607/607 606/606/606 541/541/541
f 543/543/543 608/608/608 542/542/542
f 608/608/608 607/607/607 542/542/542
f 544/544/544 609/609/609 543/543/543
f 609/609/609 608/608/608 543/543/543
f 545/545/545 610/610/610 544/544/544
f 610/610/610 609/609/609 544/544/544
f 546/546/546 611/611/611 545/545/545
f 611/611/611 610/610/610 545/545/545
f 547/547/547 612/612/612 546/546/546
f 612/612/612 611/611/611 546/546/546
f 548/548/548 613/613/613 547/547/547
f 613/613/613 612/612/612 547/547/547
f 549/549/549 614/614/614 548/548/548
f 614/614/614 613/613/613 548/548/548
f 550/550/550 615/615/615 549/549/549
f 615/615/615 614/614/614 549/549/549
f 551/551/551 616/616/616 550/550/550
f 616/616/616 615/615/615 550/550/550
f 552/552/552 617/617/617 551/551/551
f 617/617/617 616/616/616 551/551/551
f 553/553/553 618/618/618 552/552/552
f 618/618/618 617/617/617 552/552/552
f 554/554/554 619/619/619 553/553/553
f 619/619/619 618/618/618 553/553/553
f 555/555/555 620/620/620 554/554/554
f 620/620/620 619/619/619 554/554/554
f 556/556/556 621/621/621 555/555/555
f 621/621/621 620/620/620 555/555/555
f 557/557/557 622/622/622 556/556/556
f 622/622/622 621/621/621 556/556/556
f 558/558/558 623/623/623 557/557/557
f 623/623/623 622/622/622 557/557/557
f 559/559/559 624/624/624 558/558/558
f 624/624/624 623/623/623 558/558/558
f 560/560/560 625/625/625 559/559/559
f 625/625/625 624/624/624 559/559/559
f 561/561/561 626/626/626 560/560/560
f 626/626/626 625/625/625 560/560/560
f 562/562/562 627/627/627 561/561/561
f 627/627/627 626/626/626 561/561/561
f 563/563/563 628/628/628 562/562/562
f 628/628/628 627/627/627 562/562/562
f 564/564/564 629/629/629 563/563/563
f 629/629/629 628/628/628 563/563/563
f 565/565/565 630/630/630 564/564/564
f 630/630/630 629/629/629 564/564/564
f 566/566/566 631/631/631 565/565/565
f 631/631/631 630/630/630 565/565/565
f 567/567/567 632/632/632 566/566/566
f 632/632/632 631/631/631 566/566/566
f 568/568/568 633/633/633 567/567/567
f 633/633/633 632/632/632 567/567/567
f 569/569/569 634/634/634 568/568/568
f 634/634/634 633/633/633 568/568/568
f 570/570/570 635/635/635 569/569/569
f 635/635/635 634/634/634 569/569/569
f 571/571/571 636/636/636 570/570/570
f 636/636/636 635/635/635 570/570/570
f 572/572/572 637/637/637 571/571/571
f 637/637/637 636/636/636 571/571/571
f 573/573/573 638/638/638 572/572/572
f 638/638/638 637/637/637 572/572/572
f 574/574/574 639/639/639 573/573/573
f 639/639/639 638/638/638 573/573/573
f 575/575/575 640/640/640 574/574/574
f 640/640/640 639/639/639 574/574/574
f 576/576/576 641/641/641 575/575/575
f 641/641/641 640/640/640 575/575/575
f 577/577/577 642/642/642 576/576/576
f 642/642/642 641/641/641 576/576/576
f 578/578/578 643/643/643 577/577/577
f 643/643/643 642/642/642 577/577/577
f 579/579/579 644/644/644 578/578/578
f 644/644/644 643/643/643 578/578/578
f 580/580/580 645/645/645 579/579/579
f 645/645/645 644/644/644 579/579/579
f 581/581/581 646/646/646 580/580/580
f 646/646/646 645/645/645 580/580/580
f 582/582/582 647/647/647 581/581/581
f 647/647/647 646/646/646 581/581/581
f 583/583/583 648/648/648 582/582/582
f 648/648/648 647/647/647 582/582/582
f 584/584/584 649/649/649 583/583/583
f 649/649/649 648/648/648 583/583/583
f 585/585/585 650/650/650 584/584/584
f 650/650/650 649/649/649 584/584/584
f 587/587/587 652/652/652 586/586/586
f 652/652/652 651/651/651 586/586/586
f 588/588/588 653/653/653 587/587/587
f 653/653/653 652/652/652 587/587/587
f 589/589/589 654/654/654 588/588/588
f 654/654/654 653/653/653 588/588/588
f 590/590/590 655/655/655 589/589/589
f 655/655/655 654/654/654 589/589/589
f 591/591/591 656/656/656 590/590/590
f 656/656/656 655/655/655 590/590/590
f 592/592/592 657/657/657 591/591/591
f 657/657/657 656/656/656 591/591/591
f 593/593/593 658/658/658 592/592/592
f 658/658/658 657/657/657 592/592/592
f 594/594/594 659/659/659 593/593/593
f 659/659/659 658/658/658 593/593/593
f 595/595/595 660/660/660 594/594/594
f 660/660/660 659/659/659 594/594/594
f 596/596/596 661/661/661 595/595/595
f 661/661/661 660/660/660 595/595/595
f 597/597/597 662/662/662 596/596/596
f 662/662/662 661/661/661 596/596/596
f 598/598/598 663/663/663 597/597/597
f 663/663/663 662/662/662 597/597/597
f 599/599/599 664/664/664 598/598/598
f 664/664/664 663/663/663 598/598/598
f 600/600/600 665/665/665 599/599/599
f 665/665/665 664/664/664 599/599/599
f 601/601/601 666/666/666 600/600/600
f 666/666/666 665/665/665 600/600/600
f 602/602/602 667/667/667 601/601/601
f 667/667/667 666/666/666 601/601/601
f 603/603/603 668/668/668 602/602/602
f 668/668/668 667/667/667 602/602/602
f 604/604/604 669/669/669 603/603/603
f 669/669/669 668/668/668 603/603/603
f 605/605/605 670/670/670 604/604/604
f 670/670/670 669/669/669 604/604/604
f 606/606/606 671/671/671 605/605/605
f 671/671/671 670/670/670 605/605/605
f 607/607/607 672/672/672 606/606/606
f 672/672/672 671/671/671 606/606/606
f 608/608/608 673/673/673 607/607/607
f 673/673/673 672/672/672 607/607/607
f 609/609/609 674/674/674 608/608/608
f 674/674/674 673/673/673 608/608/608
f 610/610/610 675/675/675 609/609/609
f 675/675/675 674/674/674 609/609/609
f 611/611/611 676/676/676 610/610/610
f 676/676/676 675/675/675 610/610/610
f 612/612/612 677/677/677 611/611/611
f 677/677/677 676/676/676 611/611/611
f 613/613/613 678/678/678 612/612/612
f 678/678/678 677/677/677 612/612/612
f 614/614/614 679/679/679 613/613/613
f 679/679/679 678/678/678 613/613/613
f 615/615/615 680/680/680 614/614/614
f 680/680/680 679/679/679 614/614/614
f 616/616/616 681/681/681 615/615/615
f 681/681/681 680/680/680 615/615/615
f 617/617/617 682/682/682 616/616/616
f 682/682/682 681/681/681 616/616/616
f 618/618/618 683/683/683 617/617/617
f 683/683/683 682/682/682 617/617/617
f 619/619/619 684/684/684 618/618/618
f 684/684/684 683/683/683 618/618/618
f 620/620/620 685/685/685 619/619/619
f 685/685/685 684/684/684 619/619/619
f 621/621/621 686/686/686 620/620/620
f 686/686/686 685/685/685 620/620/620
f 622/622/622 687/687/687 621/621/621
f 687/687/687 686/686/686 621/621/621
f 623/623/623 688/688/688 622/622/622
f 688/688/688 687/687/687 622/622/622
f 624/624/624 689/689/689 623/623/623
f 689/689/689 688/688/688 623/623/623
f 625/625/625 690/690/690 624/624/624
f 690/690/690 689/689/689 624/624/624
f 626/626/626 691/691/691 625/625/625
f 691/691/691 690/690/690 625/625/625
f 627/627/627 692/692/692 626/626/626
f 692/692/692 691/691/691 626/626/626
f 628/628/628 693/693/693 627/627/627
f 693/693/693 692/692/692 627/627/627
f 629/629/629 694/694/694 628/628/628
f 694/694/694 693/693/693 628/628/628
f 630/630/630 695/695/695 629/629/629
f 695/695/695 694/694/694 629/629/629
f 631/631/631 696/696/696 630/630/630
f 696/696/696 695/695/695 630/630/630
f 632/632/632 697/697/697 631/631/631
f 697/697/697 696/696/696 631/631/631
f 633/633/633 698/698/698 632/632/632
f 698/698/698 697/697/697 632/632/632
f 634/634/634 699/699/699 633/633/633
f 699/699/699 698/698/698 633/633/633
f 635/635/635 700/700/700 634/634/634
f 700/700/700 699/699/699 634/634/634
f 636/636/636 701/701/701 635/635/635
f 701/701/701 700/700/700 635/635/635
f 637/637/637 702/702/702 636/636/636
f 702/702/702 701/701/701 636/636/636
f 638/638/638 703/703/703 637/637/637
f 703/703/703 702/702/702 637/637/637
f 639/639/639 704/704/704 638/638/638
f 704/704/704 703/703/703 638/638/638
f 640/640/640 705/705/705 639/639/639
f 705/705/705 704/704/704 639/639/639
f 641/641/641 706/706/706 640/640/640
f 706/706/706 705/705/705 640/640/640
f 642/642/642 707/707/707 641/641/641
f 707/707/707 706/706/706 641/641/641
f 643/643/643 708/708/708 642/642/642
f 708/708/708 707/707/707 642/642/642
f 644/644/644 709/709/709 643/643/643
f 709/709/709 708/708/708 643/643/643
f 645/645/645 710/710/710 644/644/644
f 710/710/710 709/709/709 644/644/644
f 646/646/646 711/711/711 645/645/645
f 711/711/711 710/710/710 645/645/645
f 647/647/647 712/712/712 646/646/646
f 712/712/712 711/711/711 646/646/646
f 648/648/648 713/713/713 647/647/647
f 713/713/713 712/712/712 647/647/647
f 649/649/649 714/714/714 648/648/648
f 714/714/714 713/713/713 648/648/648
f 650/650/650 715/715/715 649/649/649
f 715/715/715 714/714/714 649/649/649
f 652/652/652 717/717/717 651/651/651
f 717/717/717 716/716/716 651/651/651
f 653/653/653 718/718/718 652/652/652
f 718/718/718 717/717/717 652/652/652
f 654/654/654 719/719/719 653/653/653
f 719/719/719 718/718/718 653/653/653
f 655/655/655 720/720/720 654/654/654
f 720/720/720 719/719/719 654/654/654
f 656/656/656 721/721/721 655/655/655
f 721/721/721 720/720/720 655/655/655
f 657/657/657 722/722/722 656/656/656
f 722/722/722 721/721/721 656/656/656
f 658/658/658 723/723/723 657/657/657
f 723/723/723 722/722/722 657/657/657
f 659/659/659 724/724/724 658/658/658
f 724/724/724 723/723/723 658/658/658
f 660/660/660 725/725/725 659/659/659
f 725/725/725 724/724/724 659/659/659
f 661/661/661 726/726/726 660/660/660
f 726/726/726 725/725/725 660/660/660
f 662/662/662 727/727/727 661/661/661
f 727/727/727 726/726/726 661/661/661
f 663/663/663 728/728/728 662/662/662
f 728/728/728 727/727/727 662/662/662
f 664/664/664 729/729/729 663/663/663
f 729/729/729 728/728/728 663/663/663
f 665/665/665 730/730/730 664/664/664
f 730/730/730 729/729/729 664/664/664
f 666/666/666 731/731/731 665/665/665
f 731/731/731 730/730/730 665/665/665
f 667/667/667 732/732/732 666/666/666
f 732/732/732 731/731/731 666/666/666
f 668/668/668 733/733/733 667/667/667
f 733/733/733 732/732/732 667/667/667
f 669/669/669 734/734/734 668/668/668
f 734/734/734 733/733/733 668/668/668
f 670/670/670 735/735/735 669/669/669
f 735/735/735 734/734/734 669/669/669
f 671/671/671 736/736/736 670/670/670
f 736/736/736 735/735/735 670/670/670
f 672/672/672 737/737/737 671/671/671
f 737/737/737 736/736/736 671/671/671
f 673/673/673 738/738/738 672/672/672
f 738/738/738 737/737/737 672/672/672
f 674/674/674 739/739/739 673/673/673
f 739/739/739 738/738/738 673/673/673
f 675/675/675 740/740/740 674/674/674
f 740/740/740 739/739/739 674/674/674
f 676/676/676 741/741/741 675/675/675
f 741/741/741 740/740/740 675/675/675
f 677/677/677 742/742/742 676/676/676
f 742/742/742 741/741/741 676/676/676
f 678/678/678 743/743/743 677/677/677
f 743/743/743 742/742/742 677/677/677
f 679/679/679 744/744/744 678/678/678
f 744/744/744 743/743/743 678/678/678
f 680/680/680 745/745/745 679/679/679
f 745/745/745 744/744/744 679/679/679
f 681/681/681 746/746/746 680/680/680
f 746/746/746 745/745/745 680/680/680
f 682/682/682 747/747/747 681/681/681
f 747/747/747 746/746/746 681/681/681
f 683/683/683 748/748/748 682/682/682
f 748/748/748 747/747/747 682/682/682
f 684/684/684 749/749/749 683/683/683
f 749/749/749 748/748/748 683/683/683
f 685/685/685 750/750/750 684/684/684
f 750/750/750 749/749/749 684/684/684
f 686/686/686 751/751/751 685/685/685
f 751/751/751 750/750/750 685/685/685
f 687/687/687 752/752/752 686/686/686
f 752/752/752 751/751/751 686/686/686
f 688/688/688 753/753/753 687/687/687
f 753/753/753 752/752/752 687/687/687
f 689/689/689 754/754/754 688/688/688
f 754/754/754 753/753/753 688/688/688
f 690/690/690 755/755/755 689/689/689
f 755/755/755 754/754/754 689/689/689
f 691/691/691 756/756/756 690/690/690
f 756/756/756 755/755/755 690/690/690
f 692/692/692 757/757/757 691/691/691
f 757/757/757 756/756/756 691/691/691
f 693/693/693 758/758/758 692/692/692
f 758/758/758 757/757/757 692/692/692
f 694/694/694 759/759/759 693/693/693
f 759/759/759 758/758/758 693/693/693
f 695/695/695 760/760/760 694/694/694
f 760/760/760 759/759/759 694/694/694
f 696/696/696 761/761/761 695/695/695
f 761/761/761 760/760/760 695/695/695
f 697/697/697 762/762/762 696/696/696
f 762/762/762 761/761/761 696/696/696
f 698/698/698 763/763/763 697/697/697
f 763/763/763 762/762/762 697/697/697
f 699/699/699 764/764/764 698/698/698
f 764/764/764 763/763/763 698/698/698
f 700/700/700 765/765/765 699/699/699
f 765/765/765 764/764/764 699/699/699
f 701/701/701 766/766/766 700/700/700
f 766/766/766 765/765/765 700/700/700
f 702/702/702 767/767/767 701/701/701
f 767/767/767 766/766/766 701/701/701
f 703/703/703 768/768/768 702/702/702
f 768/768/768 767/767/767 702/702/702
f 704/704/704 769/769/769 703/703/703
f 769/769/769 768/768/768 703/703/703
f 705/705/705 770/770/770 704/704/704
f 770/770/770 769/769/769 704/704/704
f 706/706/706 771/771/771 705/705/705
f 771/771/771 770/770/770 705/705/705
f 707/707/707 772/772/772 706/706/706
f 772/772/772 771/771/771 706/706/706
f 708/708/708 773/773/773 707/707/707
f 773/773/773 772/772/772 707/707/707
f 709/709/709 774/774/774 708/708/708
f 774/774/774 773/773/773 708/708/708
f 710/710/710 775/775/775 709/709/709
f 775/775/775 774/774/774 709/709/709
f 711/711/711 776/776/776 710/710/710
f 776/776/776 775/775/775 710/710/710
f 712/712/712 777/777/777 711/711/711
f 777/777/777 776/776/776 711/711/711
f 713/713/713 778/778/778 712/712/712
f 778/778/778 777/777/777 712/712/712
f 714/714/714 779/779/779 713/713/713
f 779/779/779 778/778/778 713/713/713
f 715/715/715 780/780/780 714/714/714
f 780/780/780 779/779/779 714/714/714
f 717/717/717 782/782/782 716/716/716
f 782/782/782 781/781/781 716/716/716
f 718/718/718 783/783/783 717/717/717
f 783/783/783 782/782/782 717/717/717
f 719/719/719 784/784/784 718/718/718
f 784/784/784 783/783/783 718/718/718
f 720/720/720 785/785/785 719/719/719
f 785/785/785 784/784/784 719/719/719
f 721/721/721 786/786/786 720/720/720
f 786/786/786 785/785/785 720/720/720
f 722/722/722 787/787/787 721/721/721
f 787/787/787 786/786/786 721/721/721
f 723/723/723 788/788/788 722/722/722
f 788/788/788 787/787/787 722/722/722
f 724/724/724 789/789/789 723/723/723
f 789/789/789 788/788/788 723/723/723
f 725/725/725 790/790/790 724/724/724
f 790/790/790 789/789/789 724/724/724
f 726/726/726 791/791/791 725/725/725
f 791/791/791 790/790/790 725/725/725
f 727/727/727 792/792/792 726/726/726
f 792/792/792 791/791/791 726/726/726
f 728/728/728 793/793/793 727/727/727
f 793/793/793 792/792/792 727/727/727
f 729/729/729 794/794/794 728/728/728
f 794/794/794 793/793/793 728/728/728
f 730/730/730 795/795/795 729/729/729
f 795/795/795 794/794/794 729/729/729
f 731/731/731 796/796/796 730/730/730
f 796/796/796 795/795/795 730/730/730
f 732/732/732 797/797/797 731/731/731
f 797/797/797 796/796/796 731/731/731
f 733/733/733 798/798/798 732/732/732
f 798/798/798 797/797/797 732/732/732
f 734/734/734 799/799/799 733/733/733
f 799/799/799 798/798/798 733/733/733
f 735/735/735 800/800/800 734/734/734
f 800/800/800 799/799/799 734/734/734
f 736/736/736 801/801/801 735/735/735
f 801/801/801 800/800/800 735/735/735
f 737/737/737 802/802/802 736/736/736
f 802/802/802 801/801/801 736/736/736
f 738/738/738 803/803/803 737/737/737
f 803/803/803 802/802/802 737/737/737
f 739/739/739 804/804/804 738/738/738
f 804/804/804 803/803/803 738/738/738
f 740/740/740 805/805/805 739/739/739
f 805/805/805 804/804/804 739/739/739
f 741/741/741 806/806/806 740/740/740
f 806/806/806 805/805/805 740/740/740
f 742/742/742 807/807/807 741/741/741
f 807/807/807 806/806/806 741/741/741
f 743/743/743 808/808/808 742/742/742
f 808/808/808 807/807/807 742/742/742
f 744/744/744 809/809/809 743/743/743
f 809/809/809 808/808/808 743/743/743
f 745/745/745 810/810/810 744/744/744
f 810/810/810 809/809/809 744/744/744
f 746/746/746 811/811/811 745/745/745
f 811/811/811 810/810/810 745/745/745
f 747/747/747 812/812/812 746/746/746
f 812/812/812 811/811/811 746/746/746
f 748/748/748 813/813/813 747/747/747
f 813/813/813 812/812/812 747/747/747
f 749/749/749 814/814/814 748/748/748
f 814/814/814 813/813/813 748/748/748
f 750/750/750 815/815/815 749/749/749
f 815/815/815 814/814/814 749/749/749
f 751/751/751 816/816/816 750/750/750
f 816/816/816 815/815/815 750/750/750
f 752/752/752 817/817/817 751/751/751
f 817/817/817 816/816/816 751/751/751
f 753/753/753 818/818/818 752/752/752
f 818/818/818 817/817/817 752/752/752
f 754/754/754 819/819/819 753/753/753
f 819/819/819 818/818/818 753/753/753
f 755/755/755 820/820/820 754/754/754
f 820/820/820 819/819/819 754/754/754
f 756/756/756 821/821/821 755/755/755
f 821/821/821 820/820/820 755/755/755
f 757/757/757 822/822/822 756/756/756
f 822/822/822 821/821/821 756/756/756
f 758/758/758 823/823/823 757/757/757
f 823/823/823 822/822/822 757/757/757
f 759/759/759 824/824/824 758/758/758
f 824/824/824 823/823/823 758/758/758
f 760/760/760 825/825/825 759/759/759
f 825/825/825 824/824/824 759/759/759
f 761/761/761 826/826/826 760/760/760
f 826/826/826 825/825/825 760/760/760
f 762/762/762 827/827/827 761/761/761
f 827/827/827 826/826/826 761/761/761
f 763/763/763 828/828/828 762/762/762
f 828/828/828 827/827/827 762/762/762
f 764/764/764 829/829/829 763/763/763
f 829/829/829 828/828/828 763/763/763
f 765/765/765 830/830/830 764/764/764
f 830/830/830 829/829/829 764/764/764
f 766/766/766 831/831/831 765/765/765
f 831/831/831 830/830/830 765/765/765
f 767/767/767 832/832/832 766/766/766
f 832/832/832 831/831/831 766/766/766
f 768/768/768 833/833/833 767/767/767
f 833/833/833 832/832/832 767/767/767
f 769/769/769 834/834/834 768/768/768
f 834/834/834 833/833/833 768/768/768
f 770/770/770 835/835/835 769/769/769
f 835/835/835 834/834/834 769/769/769
f 771/771/771 836/836/836 770/770/770
f 836/836/836 835/835/835 770/770/770
f 772/772/772 837/837/837 771/771/771
f 837/837/837 836/836/836 771/771/771
f 773/773/773 838/838/838 772/772/772
f 838/838/838 837/837/837 772/772/772
f 774/774/774 839/839/839 773/773/773
f 839/839/839 838/838/838 773/773/773
f 775/775/775 840/840/840 774/774/774
f 840/840/840 839/839/839 774/774/774
f 776/776/776 841/841/841 775/775/775
f 841/841/841 840/840/840 775/775/775
f 777/777/777 842/842/842 776/776/776
f 842/842/842 841/841/841 776/776/776
f 778/778/778 843/843/843 777/777/777
f 843/843/843 842/842/842 777/777/777
f 779/779/779 844/844/844 778/778/778
f 844/844/844 843/843/843 778/778/778
f 780/780/780 845/845/845 779/779/779
f 845/845/845 844/844/844 779/779/779
f 782/782/782 847/847/847 781/781/781
f 847/847/847 846/846/846 781/781/781
f 783/783/783 848/848/848 782/782/782
f 848/848/848 847/847/847 782/782/782
f 784/784/784 849/849/849 783/783/783
f 849/849/849 848/848/848 783/783/783
f 785/785/785 850/850/850 784/784/784
f 850/850/850 849/849/849 784/784/784
f 786/786/786 851/851/851 785/785/785
f 851/851/851 850/850/850 785/785/785
f 787/787/787 852/852/852 786/786/786
f 852/852/852 851/851/851 786/786/786
f 788/788/788 853/853/853 787/787/787
f 853/853/853 852/852/852 787/787/787
f 789/789/789 854/854/854 788/788/788
f 854/854/854 853/853/853 788/788/788
f 790/790/790 855/855/855 789/789/789
f 855/855/855 854/854/854 789/789/789
f 791/791/791 856/856/856 790/790/790
f 856/856/856 855/855/855 790/790/790
f 792/792/792 857/857/857 791/791/791
f 857/857/857 856/856/856 791/791/791
f 793/793/793 858/858/858 792/792/792
f 858/858/858 857/857/857 792/792/792
f 794/794/794 859/859/859 793/793/793
f 859/859/859 858/858/858 793/793/793
f 795/795/795 860/860/860 794/794/794
f 860/860/860 859/859/859 794/794/794
f 796/796/796 861/861/861 795/795/795
f 861/861/861 860/860/860 795/795/795
f 797/797/797 862/862/862 796/796/796
f 862/862/862 861/861/861 796/796/796
f 798/798/798 863/863/863 797/797/797
f 863/863/863 862/862/862 797/797/797
f 799/799/799 864/864/864 798/798/798
f 864/864/864 863/863/863 798/798/798
f 800/800/800 865/865/865 799/799/799
f 865/865/865 864/864/864 799/799/799
f 801/801/801 866/866/866 800/800/800
f 866/866/866 865/865/865 800/800/800
f 802/802/802 867/867/867 801/801/801
f 867/867/867 866/866/866 801/801/801
f 803/803/803 868/868/868 802/802/802
f 868/868/868 867/867/867 802/802/802
f 804/804/804 869/869/869 803/803/803
f 869/869/869 868/868/868 803/803/803
f 805/805/805 870/870/870 804/804/804
f 870/870/870 869/869/869 804/804/804
f 806/806/806 871/871/871 805/805/805
f 871/871/871 870/870/870 805/805/805
f 807/807/807 872/872/872 806/806/806
f 872/872/872 871/871/871 806/806/806
f 808/808/808 873/873/873 807/807/807
f 873/873/873 872/872/872 807/807/807
f 809/809/809 874/874/874 808/808/808
f 874/874/874 873/873/873 808/808/808
f 810/810/810 875/875/875 809/809/809
f 875/875/875 874/874/874 809/809/809
f 811/811/811 876/876/876 810/810/810
f 876/876/876 875/875/875 810/810/810
f 812/812/812 877/877/877 811/811/811
f 877/877/877 876/876/876 811/811/811
f 813/813/813 878/878/878 812/812/812
f 878/878/878 877/877/877 812/812/812
f 814/814/814 879/879/879 813/813/813
f 879/879/879 878/878/878 813/813/813
f 815/815/815 880/880/880 814/814/814
f 880/880/880 879/879/879 814/814/814
f 816/816/816 881/881/881 815/815/815
f 881/881/881 880/880/880 815/815/815
f 817/817/817 882/882/882 816/816/816
f 882/882/882 881/881/881 816/816/816
f 818/818/818 883/883/883 817/817/817
f 883/883/883 882/882/882 817/817/817
f 819/819/819 884/884/884 818/818/818
f 884/884/884 883/883/883 818/818/818
f 820/820/820 885/885/885 819/819/819
f 885/885/885 884/884/884 819/819/819
f 821/821/821 886/886/886 820/820/820
f 886/886/886 885/885/885 820/820/820
f 822/822/822 887/887/887 821/821/821
f 887/887/887 886/886/886 821/821/821
f 823/823/823 888/888/888 822/822/822
f 888/888/888 887/887/887 822/822/822
f 824/824/824 889/889/889 823/823/823
f 889/889/889 888/888/888 823/823/823
f 825/825/825 890/890/890 824/824/824
f 890/890/890 889/889/889 824/824/824
f 826/826/826 891/891/891 825/825/825
f 891/891/891 890/890/890 825/825/825
f 827/827/827 892/892/892 826/826/826
f 892/892/892 891/891/891 826/826/826
f 828/828/828 893/893/893 827/827/827
f 893/893/893 892/892/892 827/827/827
f 829/829/829 894/894/894 828/828/828
f 894/894/894 893/893/893 828/828/828
f 830/830/830 895/895/895 829/829/829
f 895/895/895 894/894/894 829/829/829
f 831/831/831 896/896/896 830/830/830
f 896/896/896 895/895/895 830/830/830
f 832/832/832 897/897/897 831/831/831
f 897/897/897 896/896/896 831/831/831
f 833/833/833 898/898/898 832/832/832
f 898/898/898 897/897/897 832/832/832
f 834/834/834 899/899/899 833/833/833
f 899/899/899 898/898/898 833/833/833
f 835/835/835 900/900/900 834/834/834
f 900/900/900 899/899/899 834/834/834
f 836/836/836 901/901/901 835/835/835
f 901/901/901 900/900/900 835/835/835
f 837/837/837 902/902/902 836/836/836
f 902/902/902 901/901/901 836/836/836
f 838/838/838 903/903/903 837/837/837
f 903/903/903 902/902/902 837/837/837
f 839/839/839 904/904/904 838/838/838
f 904/904/904 903/903/903 838/838/838
f 840/840/840 905/905/905 839/839/839
f 905/905/905 904/904/904 839/839/839
f 841/841/841 906/906/906 840/840/840
f 906/906/906 905/905/905 840/840/840
f 842/842/842 907/907/907 841/841/841
f 907/907/907 906/906/906 841/841/841
f 843/843/843 908/908/908 842/842/842
f 908/908/908 907/907/907 842/842/842
f 844/844/844 909/909/909 843/843/843
f 909/909/909 908/908/908 843/843/843
f 845/845/845 910/910/910 844/844/844
f 910/910/910 909/909/909 844/844/844
f 847/847/847 912/912/912 846/846/846
f 912/912/912 911/911/911 846/846/846
f 848/848/848 913/913/913 847/847/847
f 913/913/913 912/912/912 847/847/847
f 849/849/849 914/914/914 848/848/848
f 914/914/914 913/913/913 848/848/848
f 850/850/850 915/915/915 849/849/849
f 915/915/915 914/914/914 849/849/849
f 851/851/851 916/916/916 850/850/850
f 916/916/916 915/915/915 850/850/850
f 852/852/852 917/917/917 851/851/851
f 917/917/917 916/916/916 851/851/851
f 853/853/853 918/918/918 852/852/852
f 918/918/918 917/917/917 852/852/852
f 854/854/854 919/919/919 853/853/853
f 919/919/919 918/918/918 853/853/853
f 855/855/855 920/920/920 854/854/854
f 920/920/920 919/919/919 854/854/854
f 856/856/856 921/921/921 855/855/855
f 921/921/921 920/920/920 855/855/855
f 857/857/857 922/922/922 856/856/856
f 922/922/922 921/921/921 856/856/856
f 858/858/858 923/923/923 857/857/857
f 923/923/923 922/922/922 857/857/857
f 859/859/859 924/924/924 858/858/858
f 924/924/924 923/923/923 858/858/858
f 860/860/860 925/925/925 859/859/859
f 925/925/925 924/924/924 859/859/859
f 861/861/861 926/926/926 860/860/860
f 926/926/926 925/925/925 860/860/860
f 862/862/862 927/927/927 861/861/861
f 927/927/927 926/926/926 861/861/861
f 863/863/863 928/928/928 862/862/862
f 928/928/928 927/927/927 862/862/862
f 864/864/864 929/929/929 863/863/863
f 929/929/929 928/928/928 863/863/863
f 865/865/865 930/930/930 864/864/864
f 930/930/930 929/929/929 864/864/864
f 866/866/866 931/931/931 865/865/865
f 931/931/931 930/930/930 865/865/865
f 867/867/867 932/932/932 866/866/866
f 932/932/932 931/931/931 866/866/866
f 868/868/868 933/933/933 867/867/867
f 933/933/933 932/932/932 867/867/867
f 869/869/869 934/934/934 868/868/868
f 934/934/934 933/933/933 868/868/868
f 870/870/870 935/935/935 869/869/869
f 935/935/935 934/934/934 869/869/869
f 871/871/871 936/936/936 870/870/870
f 936/936/936 935/935/935 870/870/870
f 872/872/872 937/937/937 871/871/871
f 937/937/937 936/936/936 871/871/871
f 873/873/873 938/938/938 872/872/872
f 938/938/938 937/937/937 872/872/872
f 874/874/874 939/939/939 873/873/873
f 939/939/939 938/938/938 873/873/873
f 875/875/875 940/940/940 874/874/874
f 940/940/940 939/939/939 874/874/874
f 876/876/876 941/941/941 875/875/875
f 941/941/941 940/940/940 875/875/875
f 877/877/877 942/942/942 876/876/876
f 942/942/942 941/941/941 876/876/876
f 878/878/878 943/943/943 877/877/877
f 943/943/943 942/942/942 877/877/877
f 879/879/879 944/944/944 878/878/878
f 944/944/944 943/943/943 878/878/878
f 880/880/880 945/945/945 879/879/879
f 945/945/945 944/944/944 879/879/879
f 881/881/881 946/946/946 880/880/880
f 946/946/946 945/945/945 880/880/880
f 882/882/882 947/947/947 881/881/881
f 947/947/947 946/946/946 881/881/881
f 883/883/883 948/948/948 882/882/882
f 948/948/948 947/947/947 882/882/882
f 884/884/884 949/949/949 883/883/883
f 949/949/949 948/948/948 883/883/883
f 885/885/885 950/950/950 884/884/884
f 950/950/950 949/949/949 884/884/884
f 886/886/886 951/951/951 885/885/885
f 951/951/951 950/950/950 885/885/885
f 887/887/887 952/952/952 886/886/886
f 952/952/952 951/951/951 886/886/886
f 888/888/888 953/953/953 887/887/887
f 953/953/953 952/952/952 887/887/887
f 889/889/889 954/954/954 888/888/888
f 954/954/954 953/953/953 888/888/888
f 890/890/890 955/955/955 889/889/889
f 955/955/955 954/954/954 889/889/889
f 891/891/891 956/956/956 890/890/890
f 956/956/956 955/955/955 890/890/890
f 892/892/892 957/957/957 891/891/891
f 957/957/957 956/956/956 891/891/891
f 893/893/893 958/958/958 892/892/892
f 958/958/958 957/957/957 892/892/892
f 894/894/894 959/959/959 893/893/893
f 959/959/959 958/958/958 893/893/893
f 895/895/895 960/960/960 894/894/894
f 960/960/960 959/959/959 894/894/894
f 896/896/896 961/961/961 895/895/895
f 961/961/961 960/960/960 895/895/895
f 897/897/897 962/962/962 896/896/896
f 962/962/962 961/961/961 896/896/896
f 898/898/898 963/963/963 897/897/897
f 963/963/963 962/962/962 897/897/897
f 899/899/899 964/964/964 898/898/898
f 964/964/964 963/963/963 898/898/898
f 900/900/900 965/965/965 899/899/899
f 965/965/965 964/964/964 899/899/899
f 901/901/901 966/966/966 900/900/900
f 966/966/966 965/965/965 900/900/900
f 902/902/902 967/967/967 901/901/901
f 967/967/967 966/966/966 901/901/901
f 903/903/903 968/968/968 902/902/902
f 968/968/968 967/967/967 902/902/902
f 904/904/904 969/969/969 903/903/903
f 969/969/969 968/968/968 903/903/903
f 905/905/905 970/970/970 904/904/904
f 970/970/970 969/969/969 904/904/904
f 906/906/906 971/971/971 905/905/905
f 971/971/971 970/970/970 905/905/905
f 907/907/907 972/972/972 906/906/906
f 972/972/972 971/971/971 906/906/906
f 908/908/908 973/973/973 907/907/907
f 973/973/973 972/972/972 907/907/907
f 909/909/909 974/974/974 908/908/908
f 974/974/974 973/973/973 908/908/908
f 910/910/910 975/975/975 909/909/909
f 975/975/975 974/974/974 909/909/909
f 912/912/912 977/977/977 911/911/911
f 977/977/977 976/976/976 911/911/911
f 913/913/913 978/978/978 912/912/912
f 978/978/978 977/977/977 912/912/912
f 914/914/914 979/979/979 913/913/913
f 979/979/979 978/978/978 913/913/913
f 915/915/915 980/980/980 914/914/914
f 980/980/980 979/979/979 914/914/914
f 916/916/916 981/981/981 915/915/915
f 981/981/981 980/980/980 915/915/915
f 917/917/917 982/982/982 916/916/916
f 982/982/982 981/981/981 916/916/916
f 918/918/918 983/983/983 917/917/917
f 983/983/983 982/982/982 917/917/917
f 919/919/919 984/984/984 918/918/918
f 984/984/984 983/983/983 918/918/918
f 920/920/920 985/985/985 919/919/919
f 985/985/985 984/984/984 919/919/919
f 921/921/921 986/986/986 920/920/920
f 986/986/986 985/985/985 920/920/920
f 922/922/922 987/987/987 921/921/921
f 987/987/987 986/986/986 921/921/921
f 923/923/923 988/988/988 922/922/922
f 988/988/988 987/987/987 922/922/922
f 924/924/924 989/989/989 923/923/923
f 989/989/989 988/988/988 923/923/923
f 925/925/925 990/990/990 924/924/924
f 990/990/990 989/989/989 924/924/924
f 926/926/926 991/991/991 925/925/925
f 991/991/991 990/990/990 925/925/925
f 927/927/927 992/992/992 926/926/926
f 992/992/992 991/991/991 926/926/926
f 928/928/928 993/993/993 927/927/927
f 993/993/993 992/992/992 927/927/927
f 929/929/929 994/994/994 928/928/928
f 994/994/994 993/993/993 928/928/928
f 930/930/930 995/995/995 929/929/929
f 995/995/995 994/994/994 929/929/929
f 931/931/931 996/996/996 930/930/930
f 996/996/996 995/995/995 930/930/930
f 932/932/932 997/997/997 931/931/931
f 997/997/997 996/996/996 931/931/931
f 933/933/933 998/998/998 932/932/932
f 998/998/998 997/997/997 932/932/932
f 934/934/934 999/999/999 933/933/933
f 999/999/999 998/998/998 933/933/933
f 935/935/935 1000/1000/1000 934/934/934
f 1000/1000/1000 999/999/999 934/934/934
f 936/936/936 1001/1001/1001 935/935/935
f 1001/1001/1001 1000/1000/1000 935/935/935
f 937/937/937 1002/1002/1002 936/936/936
f 1002/1002/1002 1001/1001/1001 936/936/936
f 938/938/938 1003/1003/1003 937/937/937
f 1003/1003/1003 1002/1002/1002 937/937/937
f 939/939/939 1004/1004/1004 938/938/938
f 1004/1004/1004 1003/1003/1003 938/938/938
f 940/940/940 1005/1005/1005 939/939/939
f 1005/1005/1005 1004/1004/1004 939/939/939
f 941/941/941 1006/1006/1006 940/940/940
f 1006/1006/1006 1005/1005/1005 940/940/940
f 942/942/942 1007/1007/1007 941/941/941
f 1007/1007/1007 1006/1006/1006 941/941/941
f 943/943/943 1008/1008/1008 942/942/942
f 1008/1008/1008 1007/1007/1007 942/942/942
f 944/944/944 1009/1009/1009 943/943/943
f 1009/1009/1009 1008/1008/1008 943/943/943
f 945/945/945 1010/1010/1010 944/944/944
f 1010/1010/1010 1009/1009/1009 944/944/944
f 946/946/946 1011/1011/1011 945/945/945
f 1011/1011/1011 1010/1010/1010 945/945/945
f 947/947/947 1012/1012/1012 946/946/946
f 1012/1012/1012 1011/1011/1011 946/946/946
f 948/948/948 1013/1013/1013 947/947/947
f 1013/1013/1013 1012/1012/1012 947/947/947
f 949/949/949 1014/1014/1014 948/948/948
f 1014/1014/1014 1013/1013/1013 948/948/948
f 950/950/950 1015/1015/1015 949/949/949
f 1015/1015/1015 1014/1014/1014 949/949/949
f 951/951/951 1016/1016/1016 950/950/950
f 1016/1016/1016 1015/1015/1015 950/950/950
f 952/952/952 1017/1017/1017 951/951/951
f 1017/1017/1017 1016/1016/1016 951/951/951
f 953/953/953 1018/1018/1018 952/952/952
f 1018/1018/1018 1017/1017/1017 952/952/952
f 954/954/954 1019/1019/1019 953/953/953
f 1019/1019/1019 1018/1018/1018 953/953/953
f 955/955/955 1020/1020/1020 954/954/954
f 1020/1020/1020 1019/1019/1019 954/954/954
f 956/956/956 1021/1021/1021 955/955/955
f 1021/1021/1021 1020/1020/1020 955/955/955
f 957/957/957 1022/1022/1022 956/956/956
f 1022/1022/1022 1021/1021/1021 956/956/956
f 958/958/958 1023/1023/1023 957/957/957
f 1023/1023/1023 1022/1022/1022 957/957/957
f 959/959/959 1024/1024/1024 958/958/958
f 1024/1024/1024 1023/1023/1023 958/958/958
f 960/960/960 1025/1025/1025 959/959/959
f 1025/1025/1025 1024/1024/1024 959/959/959
f 961/961/961 1026/1026/1026 960/960/960
f 1026/1026/1026 1025/1025/1025 960/960/960
f 962/962/962 1027/1027/1027 961/961/961
f 1027/1027/1027 1026/1026/1026 961/961/961
f 963/963/963 1028/1028/1028 962/962/962
f 1028/1028/1028 1027/1027/1027 962/962/962
f 964/964/964 1029/1029/1029 963/963/963
f 1029/1029/1029 1028/1028/1028 963/963/963
f 965/965/965 1030/1030/1030 964/964/964
f 1030/1030/1030 1029/1029/1029 964/964/964
f 966/966/966 1031/1031/1031 965/965/965
f 1031/1031/1031 1030/1030/1030 965/965/965
f 967/967/967 1032/1032/1032 966/966/966
f 1032/1032/1032 1031/1031/1031 966/966/966
f 968/968/968 1033/1033/1033 967/967/967
f 1033/1033/1033 1032/1032/1032 967/967/967
f 969/969/969 1034/1034/1034 968/968/968
f 1034/1034/1034 1033/1033/1033 968/968/968
f 970/970/970 1035/1035/1035 969/969/969
f 1035/1035/1035 1034/1034/1034 969/969/969
f 971/971/971 1036/1036/1036 970/970/970
f 1036/1036/1036 1035/1035/1035 970/970/970
f 972/972/972 1037/1037/1037 971/971/971
f 1037/1037/1037 1036/1036/1036 971/971/971
f 973/973/973 1038/1038/1038 972/972/972
f 1038/1038/1038 1037/1037/1037 972/972/972
f 974/974/974 1039/1039/1039 973/973/973
f 1039/1039/1039 1038/1038/1038 973/973/973
f 975/975/975 1040/1040/1040 974/974/974
f 1040/1040/1040 1039/1039/1039 974/974/974
f 977/977/977 1042/1042/1042 976/976/976
f 1042/1042/1042 1041/1041/1041 976/976/976
f 978/978/978 1043/1043/1043 977/977/977
f 1043/1043/1043 1042/1042/1042 977/977/977
f 979/979/979 1044/1044/1044 978/978/978
f 1044/1044/1044 1043/1043/1043 978/978/978
f 980/980/980 1045/1045/1045 979/979/979
f 1045/1045/1045 1044/1044/1044 979/979/979
f 981/981/981 1046/1046/1046 980/980/980
f 1046/1046/1046 1045/1045/1045 980/980/980
f 982/982/982 1047/1047/1047 981/981/981
f 1047/1047/1047 1046/1046/1046 981/981/981
f 983/983/983 1048/1048/1048 982/982/982
f 1048/1048/1048 1047/1047/1047 982/982/982
f 984/984/984 1049/1049/1049 983/983/983
f 1049/1049/1049 1048/1048/1048 983/983/983
f 985/985/985 1050/1050/1050 984/984/984
f 1050/1050/1050 1049/1049/1049 984/984/984
f 986/986/986 1051/1051/1051 985/985/985
f 1051/1051/1051 1050/1050/1050 985/985/985
f 987/987/987 1052/1052/1052 986/986/986
f 1052/1052/1052 1051/1051/1051 986/986/986
f 988/988/988 1053/1053/1053 987/987/987
f 1053/1053/1053 1052/1052/1052 987/987/987
f 989/989/989 1054/1054/1054 988/988/988
f 1054/1054/1054 1053/1053/1053 988/988/988
f 990/990/990 1055/1055/1055 989/989/989
f 1055/1055/1055 1054/1054/1054 989/989/989
f 991/991/991 1056/1056/1056 990/990/990
f 1056/1056/1056 1055/1055/1055 990/990/990
f 992/992/992 1057/1057/1057 991/991/991
f 1057/1057/1057 1056/1056/1056 991/991/991
f 993/993/993 1058/1058/1058 992/992/992
f 1058/1058/1058 1057/1057/1057 992/992/992
f 994/994/994 1059/1059/1059 993/993/993
f 1059/1059/1059 1058/1058/1058 993/993/993
f 995/995/995 1060/1060/1060 994/994/994
f 1060/1060/1060 1059/1059/1059 994/994/994
f 996/996/996 1061/1061/1061 995/995/995
f 1061/1061/1061 1060/1060/1060 995/995/995
f 997/997/997 1062/1062/1062 996/996/996
f 1062/1062/1062 1061/1061/1061 996/996/996
f 998/998/998 1063/1063/1063 997/997/997
f 1063/1063/1063 1062/1062/1062 997/997/997
f 999/999/999 1064/1064/1064 998/998/998
f 1064/1064/1064 1063/1063/1063 998/998/998
f 1000/1000/1000 1065/1065/1065 999/999/999
f 1065/1065/1065 1064/1064/1064 999/999/999
f 1001/1001/1001 1066/1066/1066 1000/1000/1000
f 1066/1066/1066 1065/1065/1065 1000/1000/1000
f 1002/1002/1002 1067/1067/1067 1001/1001/1001
f 1067/1067/1067 1066/1066/1066 1001/1001/1001
f 1003/1003/1003 1068/1068/1068 1002/1002/1002
f 1068/1068/1068 1067/1067/1067 1002/1002/1002
f 1004/1004/1004 1069/1069/1069 1003/1003/1003
f 1069/1069/1069 1068/1068/1068 1003/1003/1003
f 1005/1005/1005 1070/1070/1070 1004/1004/1004
f 1070/1070/1070 1069/1069/1069 1004/1004/1004
f 1006/1006/1006 1071/1071/1071 1005/1005/1005
f 1071/1071/1071 1070/1070/1070 1005/1005/1005
f 1007/1007/1007 1072/1072/1072 1006/1006/1006
f 1072/1072/1072 1071/1071/1071 1006/1006/1006
f 1008/1008/1008 1073/1073/1073 1007/1007/1007
f 1073/1073/1073 1072/1072/1072 1007/1007/1007
f 1009/1009/1009 1074/1074/1074 1008/1008/1008
f 1074/1074/1074 1073/1073/1073 1008/1008/1008
f 1010/1010/1010 1075/1075/1075 1009/1009/1009
f 1075/1075/1075 1074/1074/1074 1009/1009/1009
f 1011/1011/1011 1076/1076/1076 1010/1010/1010
f 1076/1076/1076 1075/1075/1075 1010/1010/1010
f 1012/1012/1012 1077/1077/1077 1011/1011/1011
f 1077/1077/1077 1076/1076/1076 1011/1011/1011
f 1013/1013/1013 1078/1078/1078 1012/1012/1012
f 1078/1078/1078 1077/1077/1077 1012/1012/1012
f 1014/1014/1014 1079/1079/1079 1013/1013/1013
f 1079/1079/1079 1078/1078/1078 1013/1013/1013
f 1015/1015/1015 1080/1080/1080 1014/1014/1014
f 1080/1080/1080 1079/1079/1079 1014/1014/1014
f 1016/1016/1016 1081/1081/1081 1015/1015/1015
f 1081/1081/1081 1080/1080/1080 1015/1015/1015
f 1017/1017/1017 1082/1082/1082 1016/1016/1016
f 1082/1082/1082 1081/1081/1081 1016/1016/1016
f 1018/1018/1018 1083/1083/1083 1017/1017/1017
f 1083/1083/1083 1082/1082/1082 1017/1017/1017
f 1019/1019/1019 1084/1084/1084 1018/1018/1018
f 1084/1084/1084 1083/1083/1083 1018/1018/1018
f 1020/1020/1020 1085/1085/1085 1019/1019/1019
f 1085/1085/1085 1084/1084/1084 1019/1019/1019
f 1021/1021/1021 1086/1086/1086 1020/1020/1020
f 1086/1086/1086 1085/1085/1085 1020/1020/1020
f 1022/1022/1022 1087/1087/1087 1021/1021/1021
f 1087/1087/1087 1086/1086/1086 1021/1021/1021
f 1023/1023/1023 1088/1088/1088 1022/1022/1022
f 1088/1088/1088 1087/1087/1087 1022/1022/1022
f 1024/1024/1024 1089/1089/1089 1023/1023/1023
f 1089/1089/1089 1088/1088/1088 1023/1023/1023
f 1025/1025/1025 1090/1090/1090 1024/1024/1024
f 1090/1090/1090 1089/1089/1089 1024/1024/1024
f 1026/1026/1026 1091/1091/1091 1025/1025/1025
f 1091/1091/1091 1090/1090/1090 1025/1025/1025
f 1027/1027/1027 1092/1092/1092 1026/1026/1026
f 1092/1092/1092 1091/1091/1091 1026/1026/1026
f 1028/1028/1028 1093/1093/1093 1027/1027/1027
f 1093/1093/1093 1092/1092/1092 1027/1027/1027
f 1029/1029/1029 1094/1094/1094 1028/1028/1028
f 1094/1094/1094 1093/1093/1093 1028/1028/1028
f 1030/1030/1030 1095/1095/1095 1029/1029/1029
f 1095/1095/1095 1094/1094/1094 1029/1029/1029
f 1031/1031/1031 1096/1096/1096 1030/1030/1030
f 1096/1096/1096 1095/1095/1095 1030/1030/1030
f 1032/1032/1032 1097/1097/1097 1031/1031/1031
f 1097/1097/1097 1096/1096/1096 1031/1031/1031
f 1033/1033/1033 1098/1098/1098 1032/1032/1032
f 1098/1098/1098 1097/1097/1097 1032/1032/1032
f 1034/1034/1034 1099/1099/1099 1033/1033/1033
f 1099/1099/1099 1098/1098/1098 1033/1033/1033
f 1035/1035/1035 1100/1100/1100 1034/1034/1034
f 1100/1100/1100 1099/1099/1099 1034/1034/1034
f 1036/1036/1036 1101/1101/1101 1035/1035/1035
f 1101/1101/1101 1100/1100/1100 1035/1035/1035
f 1037/1037/1037 1102/1102/1102 1036/1036/1036
f 1102/1102/1102 1101/1101/1101 1036/1036/1036
f 1038/1038/1038 1103/1103/1103 1037/1037/1037
f 1103/1103/1103 1102/1102/1102 1037/1037/1037
f 1039/1039/1039 1104/1104/1104 1038/1038/1038
f 1104/1104/1104 1103/1103/1103 1038/1038/1038
f 1040/1040/1040 1105/1105/1105 1039/1039/1039
f 1105/1105/1105 1104/1104/1104 1039/1039/1039
f 1042/1042/1042 1107/1107/1107 1041/1041/1041
f 1107/1107/1107 1106/1106/1106 1041/1041/1041
f 1043/1043/1043 1108/1108/1108 1042/1042/1042
f 1108/1108/1108 1107/1107/1107 1042/1042/1042
f 1044/1044/1044 1109/1109/1109 1043/1043/1043
f 1109/1109/1109 1108/1108/1108 1043/1043/1043
f 1045/1045/1045 1110/1110/1110 1044/1044/1044
f 1110/1110/1110 1109/1109/1109 1044/1044/1044
f 1046/1046/1046 1111/1111/1111 1045/1045/1045
f 1111/1111/1111 1110/1110/1110 1045/1045/1045
f 1047/1047/1047 1112/1112/1112 1046/1046/1046
f 1112/1112/1112 1111/1111/1111 1046/1046/1046
f 1048/1048/1048 1113/1113/1113 1047/1047/1047
f 1113/1113/1113 1112/1112/1112 1047/1047/1047
f 1049/1049/1049 1114/1114/1114 1048/1048/1048
f 1114/1114/1114 1113/1113/1113 1048/1048/1048
f 1050/1050/1050 1115/1115/1115 1049/1049/1049
f 1115/1115/1115 1114/1114/1114 1049/1049/1049
f 1051/1051/1051 1116/1116/1116 1050/1050/1050
f 1116/1116/1116 1115/1115/1115 1050/1050/1050
f 1052/1052/1052 1117/1117/1117 1051/1051/1051
f 1117/1117/1117 1116/1116/1116 1051/1051/1051
f 1053/1053/1053 1118/1118/1118 1052/1052/1052
f 1118/1118/1118 1117/1117/1117 1052/1052/1052
f 1054/1054/1054 1119/1119/1119 1053/1053/1053
f 1119/1119/1119 1118/1118/1118 1053/1053/1053
f 1055/1055/1055 1120/1120/1120 1054/1054/1054
f 1120/1120/1120 1119/1119/1119 1054/1054/1054
f 1056/1056/1056 1121/1121/1121 1055/1055/1055
f 1121/1121/1121 1120/1120/1120 1055/1055/1055
f 1057/1057/1057 1122/1122/1122 1056/1056/1056
f 1122/1122/1122 1121/1121/1121 1056/1056/1056
f 1058/1058/1058 1123/1123/1123 1057/1057/1057
f 1123/1123/1123 1122/1122/1122 1057/1057/1057
f 1059/1059/1059 1124/1124/1124 1058/1058/1058
f 1124/1124/1124 1123/1123/1123 1058/1058/1058
f 1060/1060/1060 1125/1125/1125 1059/1059/1059
f 1125/1125/1125 1124/1124/1124 1059/1059/1059
f 1061/1061/1061 1126/1126/1126 1060/1060/1060
f 1126/1126/1126 1125/1125/1125 1060/1060/1060
f 1062/1062/1062 1127/1127/1127 1061/1061/1061
f 1127/1127/1127 1126/1126/1126 1061/1061/1061
f 1063/1063/1063 1128/1128/1128 1062/1062/1062
f 1128/1128/1128 1127/1127/1127 1062/1062/1062
f 1064/1064/1064 1129/1129/1129 1063/1063/1063
f 1129/1129/1129 1128/1128/1128 1063/1063/1063
f 1065/1065/1065 1130/1130/1130 1064/1064/1064
f 1130/1130/1130 1129/1129/1129 1064/1064/1064
f 1066/1066/1066 1131/1131/1131 1065/1065/1065
f 1131/1131/1131 1130/1130/1130 1065/1065/1065
f 1067/1067/1067 1132/1132/1132 1066/1066/1066
f 1132/1132/1132 1131/1131/1131 1066/1066/1066
f 1068/1068/1068 1133/1133/1133 1067/1067/1067
f 1133/1133/1133 1132/1132/1132 1067/1067/1067
f 1069/1069/1069 1134/1134/1134 1068/1068/1068
f 1134/1134/1134 1133/1133/1133 1068/1068/1068
f 1070/1070/1070 1135/1135/1135 1069/1069/1069
f 1135/1135/1135 1134/1134/1134 1069/1069/1069
f 1071/1071/1071 1136/1136/1136 1070/1070/1070
f 1136/1136/1136 1135/1135/1135 1070/1070/1070
f 1072/1072/1072 1137/1137/1137 1071/1071/1071
f 1137/1137/1137 1136/1136/1136 1071/1071/1071
f 1073/1073/1073 1138/1138/1138 1072/1072/1072
f 1138/1138/1138 1137/1137/1137 1072/1072/1072
f 1074/1074/1074 1139/1139/1139 1073/1073/1073
f 1139/1139/1139 1138/1138/1138 1073/1073/1073
f 1075/1075/1075 1140/1140/1140 1074/1074/1074
f 1140/1140/1140 1139/1139/1139 1074/1074/1074
f 1076/1076/1076 1141/1141/1141 1075/1075/1075
f 1141/1141/1141 1140/1140/1140 1075/1075/1075
f 1077/1077/1077 1142/1142/1142 1076/1076/1076
f 1142/1142/1142 1141/1141/1141 1076/1076/1076
f 1078/1078/1078 1143/1143/1143 1077/1077/1077
f 1143/1143/1143 1142/1142/1142 1077/1077/1077
f 1079/1079/1079 1144/1144/1144 1078/1078/1078
f 1144/1144/1144 1143/1143/1143 1078/1078/1078
f 1080/1080/1080 1145/1145/1145 1079/1079/1079
f 1145/1145/1145 1144/1144/1144 1079/1079/1079
f 1081/1081/1081 1146/1146/1146 1080/1080/1080
f 1146/1146/1146 1145/1145/1145 1080/1080/1080
f 1082/1082/1082 1147/1147/1147 1081/1081/1081
f 1147/1147/1147 1146/1146/1146 1081/1081/1081
f 1083/1083/1083 1148/1148/1148 1082/1082/1082
f 1148/1148/1148 1147/1147/1147 1082/1082/1082
f 1084/1084/1084 1149/1149/1149 1083/1083/1083
f 1149/1149/1149 1148/1148/1148 1083/1083/1083
f 1085/1085/1085 1150/1150/1150 1084/1084/1084
f 1150/1150/1150 1149/1149/1149 1084/1084/1084
f 1086/1086/1086 1151/1151/1151 1085/1085/1085
f 1151/1151/1151 1150/1150/1150 1085/1085/1085
f 1087/1087/1087 1152/1152/1152 1086/1086/1086
f 1152/1152/1152 1151/1151/1151 1086/1086/1086
f 1088/1088/1088 1153/1153/1153 1087/1087/1087
f 1153/1153/1153 1152/1152/1152 1087/1087/1087
f 1089/1089/1089 1154/1154/1154 1088/1088/1088
f 1154/1154/1154 1153/1153/1153 1088/1088/1088
f 1090/1090/1090 1155/1155/1155 1089/1089/1089
f 1155/1155/1155 1154/1154/1154 1089/1089/1089
f 1091/1091/1091 1156/1156/1156 1090/1090/1090
f 1156/1156/1156 1155/1155/1155 1090/1090/1090
f 1092/1092/1092 1157/1157/1157 1091/1091/1091
f 1157/1157/1157 1156/1156/1156 1091/1091/1091
f 1093/1093/1093 1158/1158/1158 1092/1092/1092
f 1158/1158/1158 1157/1157/1157 1092/1092/1092
f 1094/1094/1094 1159/1159/1159 1093/1093/1093
f 1159/1159/1159 1158/1158/1158 1093/1093/1093
f 1095/1095/1095 1160/1160/1160 1094/1094/1094
f 1160/1160/1160 1159/1159/1159 1094/1094/1094
f 1096/1096/1096 1161/1161/1161 1095/1095/1095
f 1161/1161/1161 1160/1160/1160 1095/1095/1095
f 1097/1097/1097 1162/1162/1162 1096/1096/1096
f 1162/1162/1162 1161/1161/1161 1096/1096/1096
f 1098/1098/1098 1163/1163/1163 1097/1097/1097
f 1163/1163/1163 1162/1162/1162 1097/1097/1097
f 1099/1099/1099 1164/1164/1164 1098/1098/1098
f 1164/1164/1164 1163/1163/1163 1098/1098/1098
f 1100/1100/1100 1165/1165/1165 1099/1099/1099
f 1165/1165/1165 1164/1164/1164 1099/1099/1099
f 1101/1101/1101 1166/1166/1166 1100/1100/1100
f 1166/1166/1166 1165/1165/1165 1100/1100/1100
f 1102/1102/1102 1167/1167/1167 1101/1101/1101
f 1167/1167/1167 1166/1166/1166 1101/1101/1101
f 1103/1103/1103 1168/1168/1168 1102/1102/1102
f 1168/1168/1168 1167/1167/1167 1102/1102/1102
f 1104/1104/1104 1169/1169/1169 1103/1103/1103
f 1169/1169/1169 1168/1168/1168 1103/1103/1103
f 1105/1105/1105 1170/1170/1170 1104/1104/1104
f 1170/1170/1170 1169/1169/1169 1104/1104/1104
f 1107/1107/1107 1172/1172/1172 1106/1106/1106
f 1172/1172/1172 1171/1171/1171 1106/1106/1106
f 1108/1108/1108 1173/1173/1173 1107/1107/1107
f 1173/1173/1173 1172/1172/1172 1107/1107/1107
f 1109/1109/1109 1174/1174/1174 1108/1108/1108
f 1174/1174/1174 1173/1173/1173 1108/1108/1108
f 1110/1110/1110 1175/1175/1175 1109/1109/1109
f 1175/1175/1175 1174/1174/1174 1109/1109/1109
f 1111/1111/1111 1176/1176/1176 1110/1110/1110
f 1176/1176/1176 1175/1175/1175 1110/1110/1110
f 1112/1112/1112 1177/1177/1177 1111/1111/1111
f 1177/1177/1177 1176/1176/1176 1111/1111/1111
f 1113/1113/1113 1178/1178/1178 1112/1112/1112
f 1178/1178/1178 1177/1177/1177 1112/1112/1112
f 1114/1114/1114 1179/1179/1179 1113/1113/1113
f 1179/1179/1179 1178/1178/1178 1113/1113/1113
f 1115/1115/1115 1180/1180/1180 1114/1114/1114
f 1180/1180/1180 1179/1179/1179 1114/1114/1114
f 1116/1116/1116 1181/1181/1181 1115/1115/1115
f 1181/1181/1181 1180/1180/1180 1115/1115/1115
f 1117/1117/1117 1182/1182/1182 1116/1116/1116
f 1182/1182/1182 1181/1181/1181 1116/1116/1116
f 1118/1118/1118 1183/1183/1183 1117/1117/1117
f 1183/1183/1183 1182/1182/1182 1117/1117/1117
f 1119/1119/1119 1184/1184/1184 1118/1118/1118
f 1184/1184/1184 1183/1183/1183 1118/1118/1118
f 1120/1120/1120 1185/1185/1185 1119/1119/1119
f 1185/1185/1185 1184/1184/1184 1119/1119/1119
f 1121/1121/1121 1186/1186/1186 1120/1120/1120
f 1186/1186/1186 1185/1185/1185 1120/1120/1120
f 1122/1122/1122 1187/1187/1187 1121/1121/1121
f 1187/1187/1187 1186/1186/1186 1121/1121/1121
f 1123/1123/1123 1188/1188/1188 1122/1122/1122
f 1188/1188/1188 1187/1187/1187 1122/1122/1122
f 1124/1124/1124 1189/1189/1189 1123/1123/1123
f 1189/1189/1189 1188/1188/1188 1123/1123/1123
f 1125/1125/1125 1190/1190/1190 1124/1124/1124
f 1190/1190/1190 1189/1189/1189 1124/1124/1124
f 1126/1126/1126 1191/1191/1191 1125/1125/1125
f 1191/1191/1191 1190/1190/1190 1125/1125/1125
f 1127/1127/1127 1192/1192/1192 1126/1126/1126
f 1192/1192/1192 1191/1191/1191 1126/1126/1126
f 1128/1128/1128 1193/1193/1193 1127/1127/1127
f 1193/1193/1193 1192/1192/1192 1127/1127/1127
f 1129/1129/1129 1194/1194/1194 1128/1128/1128
f 1194/1194/1194 1193/1193/1193 1128/1128/1128
f 1130/1130/1130 1195/1195/1195 1129/1129/1129
f 1195/1195/1195 1194/1194/1194 1129/1129/1129
f 1131/1131/1131 1196/1196/1196 1130/1130/1130
f 1196/1196/1196 1195/1195/1195 1130/1130/1130
f 1132/1132/1132 1197/1197/1197 1131/1131/1131
f 1197/1197/1197 1196/1196/1196 1131/1131/1131
f 1133/1133/1133 1198/1198/1198 1132/1132/1132
f 1198/1198/1198 1197/1197/1197 1132/1132/1132
f 1134/1134/1134 1199/1199/1199 1133/1133/1133
f 1199/1199/1199 1198/1198/1198 1133/1133/1133
f 1135/1135/1135 1200/1200/1200 1134/1134/1134
f 1200/1200/1200 1199/1199/1199 1134/1134/1134
f 1136/1136/1136 1201/1201/1201 1135/1135/1135
f 1201/1201/1201 1200/1200/1200 1135/1135/1135
f 1137/1137/1137 1202/1202/1202 1136/1136/1136
f 1202/1202/1202 1201/1201/1201 1136/1136/1136
f 1138/1138/1138 1203/1203/1203 1137/1137/1137
f 1203/1203/1203 1202/1202/1202 1137/1137/1137
f 1139/1139/1139 1204/1204/1204 1138/1138/1138
f 1204/1204/1204 1203/1203/1203 1138/1138/1138
f 1140/1140/1140 1205/1205/1205 1139/1139/1139
f 1205/1205/1205 1204/1204/1204 1139/1139/1139
f 1141/1141/1141 1206/1206/1206 1140/1140/1140
f 1206/1206/1206 1205/1205/1205 1140/1140/1140
f 1142/1142/1142 1207/1207/1207 1141/1141/1141
f 1207/1207/1207 1206/1206/1206 1141/1141/1141
f 1143/1143/1143 1208/1208/1208 1142/1142/1142
f 1208/1208/1208 1207/1207/1207 1142/1142/1142
f 1144/1144/1144 1209/1209/1209 1143/1143/1143
f 1209/1209/1209 1208/1208/1208 1143/1143/1143
f 1145/1145/1145 1210/1210/1210 1144/1144/1144
f 1210/1210/1210 1209/1209/1209 1144/1144/1144
f 1146/1146/1146 1211/1211/1211 1145/1145/1145
f 1211/1211/1211 1210/1210/1210 1145/1145/1145
f 1147/1147/1147 1212/1212/1212 1146/1146/1146
f 1212/1212/1212 1211/1211/1211 1146/1146/1146
f 1148/1148/1148 1213/1213/1213 1147/1147/1147
f 1213/1213/1213 1212/1212/1212 1147/1147/1147
f 1149/1149/1149 1214/1214/1214 1148/1148/1148
f 1214/1214/1214 1213/1213/1213 1148/1148/1148
f 1150/1150/1150 1215/1215/1215 1149/1149/1149
f 1215/1215/1215 1214/1214/1214 1149/1149/1149
f 1151/1151/1151 1216/1216/1216 1150/1150/1150
f 1216/1216/1216 1215/1215/1215 1150/1150/1150
f 1152/1152/1152 1217/1217/1217 1151/1151/1151
f 1217/1217/1217 1216/1216/1216 1151/1151/1151
f 1153/1153/1153 1218/1218/1218 1152/1152/1152
f 1218/1218/1218 1217/1217/1217 1152/1152/1152
f 1154/1154/1154 1219/1219/1219 1153/1153/1153
f 1219/1219/1219 1218/1218/1218 1153/1153/1153
f 1155/1155/1155 1220/1220/1220 1154/1154/1154
f 1220/1220/1220 1219/1219/1219 1154/1154/1154
f 1156/1156/1156 1221/1221/1221 1155/1155/1155
f 1221/1221/1221 1220/1220/1220 1155/1155/1155
f 1157/1157/1157 1222/1222/1222 1156/1156/1156
f 1222/1222/1222 1221/1221/1221 1156/1156/1156
f 1158/1158/1158 1223/1223/1223 1157/1157/1157
f 1223/1223/1223 1222/1222/1222 1157/1157/1157
f 1159/1159/1159 1224/1224/1224 1158/1158/1158
f 1224/1224/1224 1223/1223/1223 1158/1158/1158
f 1160/1160/1160 1225/1225/1225 1159/1159/1159
f 1225/1225/1225 1224/1224/1224 1159/1159/1159
f 1161/1161/1161 1226/1226/1226 1160/1160/1160
f 1226/1226/1226 1225/1225/1225 1160/1160/1160
f 1162/1162/1162 1227/1227/1227 1161/1161/1161
f 1227/1227/1227 1226/1226/1226 1161/1161/1161
f 1163/1163/1163 1228/1228/1228 1162/1162/1162
f 1228/1228/1228 1227/1227/1227 1162/1162/1162
f 1164/1164/1164 1229/1229/1229 1163/1163/1163
f 1229/1229/1229 1228/1228/1228 1163/1163/1163
f 1165/1165/1165 1230/1230/1230 1164/1164/1164
f 1230/1230/1230 1229/1229/1229 1164/1164/1164
f 1166/1166/1166 1231/1231/1231 1165/1165/1165
f 1231/1231/1231 1230/1230/1230 1165/1165/1165
f 1167/1167/1167 1232/1232/1232 1166/1166/1166
f 1232/1232/1232 1231/1231/1231 1166/1166/1166
f 1168/1168/1168 1233/1233/1233 1167/1167/1167
f 1233/1233/1233 1232/1232/1232 1167/1167/1167
f 1169/1169/1169 1234/1234/1234 1168/1168/1168
f 1234/1234/1234 1233/1233/1233 1168/1168/1168
f 1170/1170/1170 1235/1235/1235 1169/1169/1169
f 1235/1235/1235 1234/1234/1234 1169/1169/1169
f 1172/1172/1172 1237/1237/1237 1171/1171/1171
f 1237/1237/1237 1236/1236/1236 1171/1171/1171
f 1173/1173/1173 1238/1238/1238 1172/1172/1172
f 1238/1238/1238 1237/1237/1237 1172/1172/1172
f 1174/1174/1174 1239/1239/1239 1173/1173/1173
f 1239/1239/1239 1238/1238/1238 1173/1173/1173
f 1175/1175/1175 1240/1240/1240 1174/1174/1174
f 1240/1240/1240 1239/1239/1239 1174/1174/1174
f 1176/1176/1176 1241/1241/1241 1175/1175/1175
f 1241/1241/1241 1240/1240/1240 1175/1175/1175
f 1177/1177/1177 1242/1242/1242 1176/1176/1176
f 1242/1242/1242 1241/1241/1241 1176/1176/1176
f 1178/1178/1178 1243/1243/1243 1177/1177/1177
f 1243/1243/1243 1242/1242/1242 1177/1177/1177
f 1179/1179/1179 1244/1244/1244 1178/1178/1178
f 1244/1244/1244 1243/1243/1243 1178/1178/1178
f 1180/1180/1180 1245/1245/1245 1179/1179/1179
f 1245/1245/1245 1244/1244/1244 1179/1179/1179
f 1181/1181/1181 1246/1246/1246 1180/1180/1180
f 1246/1246/1246 1245/1245/1245 1180/1180/1180
f 1182/1182/1182 1247/1247/1247 1181/1181/1181
f 1247/1247/1247 1246/1246/1246 1181/1181/1181
f 1183/1183/1183 1248/1248/1248 1182/1182/1182
f 1248/1248/1248 1247/1247/1247 1182/1182/1182
f 1184/1184/1184 1249/1249/1249 1183/1183/1183
f 1249/1249/1249 1248/1248/1248 1183/1183/1183
f 1185/1185/1185 1250/1250/1250 1184/1184/1184
f 1250/1250/1250 1249/1249/1249 1184/1184/1184
f 1186/1186/1186 1251/1251/1251 1185/1185/1185
f 1251/1251/1251 1250/1250/1250 1185/1185/1185
f 1187/1187/1187 1252/1252/1252 1186/1186/1186
f 1252/1252/1252 1251/1251/1251 1186/1186/1186
f 1188/1188/1188 1253/1253/1253 1187/1187/1187
f 1253/1253/1253 1252/1252/1252 1187/1187/1187
f 1189/1189/1189 1254/1254/1254 1188/1188/1188
f 1254/1254/1254 1253/1253/1253 1188/1188/1188
f 1190/1190/1190 1255/1255/1255 1189/1189/1189
f 1255/1255/1255 1254/1254/1254 1189/1189/1189
f 1191/1191/1191 1256/1256/1256 1190/1190/1190
f 1256/1256/1256 1255/1255/1255 1190/1190/1190
f 1192/1192/1192 1257/1257/1257 1191/1191/1191
f 1257/1257/1257 1256/1256/1256 1191/1191/1191
f 1193/1193/1193 1258/1258/1258 1192/1192/1192
f 1258/1258/1258 1257/1257/1257 1192/1192/1192
f 1194/1194/1194 1259/1259/1259 1193/1193/1193
f 1259/1259/1259 1258/1258/1258 1193/1193/1193
f 1195/1195/1195 1260/1260/1260 1194/1194/1194
f 1260/1260/1260 1259/1259/1259 1194/1194/1194
f 1196/1196/1196 1261/1261/1261 1195/1195/1195
f 1261/1261/1261 1260/1260/1260 1195/1195/1195
f 1197/1197/1197 1262/1262/1262 1196/1196/1196
f 1262/1262/1262 1261/1261/1261 1196/1196/1196
f 1198/1198/1198 1263/1263/1263 1197/1197/1197
f 1263/1263/1263 1262/1262/1262 1197/1197/1197
f 1199/1199/1199 1264/1264/1264 1198/1198/1198
f 1264/1264/1264 1263/1263/1263 1198/1198/1198
f 1200/1200/1200 1265/1265/1265 1199/1199/1199
f 1265/1265/1265 1264/1264/1264 1199/1199/1199
f 1201/1201/1201 1266/1266/1266 1200/1200/1200
f 1266/1266/1266 1265/1265/1265 1200/1200/1200
f 1202/1202/1202 1267/1267/1267 1201/1201/1201
f 1267/1267/1267 1266/1266/1266 1201/1201/1201
f 1203/1203/1203 1268/1268/1268 1202/1202/1202
f 1268/1268/1268 1267/1267/1267 1202/1202/1202
f 1204/1204/1204 1269/1269/1269 1203/1203/1203
f 1269/1269/1269 1268/1268/1268 1203/1203/1203
f 1205/1205/1205 1270/1270/1270 1204/1204/1204
f 1270/1270/1270 1269/1269/1269 1204/1204/1204
f 1206/1206/1206 1271/1271/1271 1205/1205/1205
f 1271/1271/1271 1270/1270/1270 1205/1205/1205
f 1207/1207/1207 1272/1272/1272 1206/1206/1206
f 1272/1272/1272 1271/1271/1271 1206/1206/1206
f 1208/1208/1208 1273/1273/1273 1207/1207/1207
f 1273/1273/1273 1272/1272/1272 1207/1207/1207
f 1209/1209/1209 1274/1274/1274 1208/1208/1208
f 1274/1274/1274 1273/1273/1273 1208/1208/1208
f 1210/1210/1210 1275/1275/1275 1209/1209/1209
f 1275/1275/1275 1274/1274/1274 1209/1209/1209
f 1211/1211/1211 1276/1276/1276 1210/1210/1210
f 1276/1276/1276 1275/1275/1275 1210/1210/1210
f 1212/1212/1212 1277/1277/1277 1211/1211/1211
f 1277/1277/1277 1276/1276/1276 1211/1211/1211
f 1213/1213/1213 1278/1278/1278 1212/1212/1212
f 1278/1278/1278 1277/1277/1277 1212/1212/1212
f 1214/1214/1214 1279/1279/1279 1213/1213/1213
f 1279/1279/1279 1278/1278/1278 1213/1213/1213
f 1215/1215/1215 1280/1280/1280 1214/1214/1214
f 1280/1280/1280 1279/1279/1279 1214/1214/1214
f 1216/1216/1216 1281/1281/1281 1215/1215/1215
f 1281/1281/1281 1280/1280/1280 1215/1215/1215
f 1217/1217/1217 1282/1282/1282 1216/1216/1216
f 1282/1282/1282 1281/1281/1281 1216/1216/1216
f 1218/1218/1218 1283/1283/1283 1217/1217/1217
f 1283/1283/1283 1282/1282/1282 1217/1217/1217
f 1219/1219/1219 1284/1284/1284 1218/1218/1218
f 1284/1284/1284 1283/1283/1283 1218/1218/1218
f 1220/1220/1220 1285/1285/1285 1219/1219/1219
f 1285/1285/1285 1284/1284/1284 1219/1219/1219
f 1221/1221/1221 1286/1286/1286 1220/1220/1220
f 1286/1286/1286 1285/1285/1285 1220/1220/1220
f 1222/1222/1222 1287/1287/1287 1221/1221/1221
f 1287/1287/1287 1286/1286/1286 1221/1221/1221
f 1223/1223/1223 1288/1288/1288 1222/1222/1222
f 1288/1288/1288 1287/1287/1287 1222/1222/1222
f 1224/1224/1224 1289/1289/1289 1223/1223/1223
f 1289/1289/1289 1288/1288/1288 1223/1223/1223
f 1225/1225/1225 1290/1290/1290 1224/1224/1224
f 1290/1290/1290 1289/1289/1289 1224/1224/1224
f 1226/1226/1226 1291/1291/1291 1225/1225/1225
f 1291/1291/1291 1290/1290/1290 1225/1225/1225
f 1227/1227/1227 1292/1292/1292 1226/1226/1226
f 1292/1292/1292 1291/1291/1291 1226/1226/1226
f 1228/1228/1228 1293/1293/1293 1227/1227/1227
f 1293/1293/1293 1292/1292/1292 1227/1227/1227
f 1229/1229/1229 1294/1294/1294 1228/1228/1228
f 1294/1294/1294 1293/1293/1293 1228/1228/1228
f 1230/1230/1230 1295/1295/1295 1229/1229/1229
f 1295/1295/1295 1294/1294/1294 1229/1229/1229
f 1231/1231/1231 1296/1296/1296 1230/1230/1230
f 1296/1296/1296 1295/1295/1295 1230/1230/1230
f 1232/1232/1232 1297/1297/1297 1231/1231/1231
f 1297/1297/1297 1296/1296/1296 1231/1231/1231
f 1233/1233/1233 1298/1298/1298 1232/1232/1232
f 1298/1298/1298 1297/1297/1297 1232/1232/1232
f 1234/1234/1234 1299/1299/1299 1233/1233/1233
f 1299/1299/1299 1298/1298/1298 1233/1233/1233
f 1235/1235/1235 1300/1300/1300 1234/1234/1234
f 1300/1300/1300 1299/1299/1299 1234/1234/1234
f 1237/1237/1237 1302/1302/1302 1236/1236/1236
f 1302/1302/1302 1301/1301/1301 1236/1236/1236
f 1238/1238/1238 1303/1303/1303 1237/1237/1237
f 1303/1303/1303 1302/1302/1302 1237/1237/1237
f 1239/1239/1239 1304/1304/1304 1238/1238/1238
f 1304/1304/1304 1303/1303/1303 1238/1238/1238
f 1240/1240/1240 1305/1305/1305 1239/1239/1239
f 1305/1305/1305 1304/1304/1304 1239/1239/1239
f 1241/1241/1241 1306/1306/1306 1240/1240/1240
f 1306/1306/1306 1305/1305/1305 1240/1240/1240
f 1242/1242/1242 1307/1307/1307 1241/1241/1241
f 1307/1307/1307 1306/1306/1306 1241/1241/1241
f 1243/1243/1243 1308/1308/1308 1242/1242/1242
f 1308/1308/1308 1307/1307/1307 1242/1242/1242
f 1244/1244/1244 1309/1309/1309 1243/1243/1243
f 1309/1309/1309 1308/1308/1308 1243/1243/1243
f 1245/1245/1245 1310/1310/1310 1244/1244/1244
f 1310/1310/1310 1309/1309/1309 1244/1244/1244
f 1246/1246/1246 1311/1311/1311 1245/1245/1245
f 1311/1311/1311 1310/1310/1310 1245/1245/1245
f 1247/1247/1247 1312/1312/1312 1246/1246/1246
f 1312/1312/1312 1311/1311/1311 1246/1246/1246
f 1248/1248/1248 1313/1313/1313 1247/1247/1247
f 1313/1313/1313 1312/1312/1312 1247/1247/1247
f 1249/1249/1249 1314/1314/1314 1248/1248/1248
f 1314/1314/1314 1313/1313/1313 1248/1248/1248
f 1250/1250/1250 1315/1315/1315 1249/1249/1249
f 1315/1315/1315 1314/1314/1314 1249/1249/1249
f 1251/1251/1251 1316/1316/1316 1250/1250/1250
f 1316/1316/1316 1315/1315/1315 1250/1250/1250
f 1252/1252/1252 1317/1317/1317 1251/1251/1251
f 1317/1317/1317 1316/1316/1316 1251/1251/1251
f 1253/1253/1253 1318/1318/1318 1252/1252/1252
f 1318/1318/1318 1317/1317/1317 1252/1252/1252
f 1254/1254/1254 1319/1319/1319 1253/1253/1253
f 1319/1319/1319 1318/1318/1318 1253/1253/1253
f 1255/1255/1255 1320/1320/1320 1254/1254/1254
f 1320/1320/1320 1319/1319/1319 1254/1254/1254
f 1256/1256/1256 1321/1321/1321 1255/1255/1255
f 1321/1321/1321 1320/1320/1320 1255/1255/1255
f 1257/1257/1257 1322/1322/1322 1256/1256/1256
f 1322/1322/1322 1321/1321/1321 1256/1256/1256
f 1258/1258/1258 1323/1323/1323 1257/1257/1257
f 1323/1323/1323 1322/1322/1322 1257/1257/1257
f 1259/1259/1259 1324/1324/1324 1258/1258/1258
f 1324/1324/1324 1323/1323/1323 1258/1258/1258
f 1260/1260/1260 1325/1325/1325 1259/1259/1259
f 1325/1325/1325 1324/1324/1324 1259/1259/1259
f 1261/1261/1261 1326/1326/1326 1260/1260/1260
f 1326/1326/1326 1325/1325/1325 1260/1260/1260
f 1262/1262/1262 1327/1327/1327 1261/1261/1261
f 1327/1327/1327 1326/1326/1326 1261/1261/1261
f 1263/1263/1263 1328/1328/1328 1262/1262/1262
f 1328/1328/1328 1327/1327/1327 1262/1262/1262
f 1264/1264/1264 1329/1329/1329 1263/1263/1263
f 1329/1329/1329 1328/1328/1328 1263/1263/1263
f 1265/1265/1265 1330/1330/1330 1264/1264/1264
f 1330/1330/1330 1329/1329/1329 1264/1264/1264
f 1266/1266/1266 1331/1331/1331 1265/1265/1265
f 1331/1331/1331 1330/1330/1330 1265/1265/1265
f 1267/1267/1267 1332/1332/1332 1266/1266/1266
f 1332/1332/1332 1331/1331/1331 1266/1266/1266
f 1268/1268/1268 1333/1333/1333 1267/1267/1267
f 1333/1333/1333 1332/1332/1332 1267/1267/1267
f 1269/1269/1269 1334/1334/1334 1268/1268/1268
f 1334/1334/1334 1333/1333/1333 1268/1268/1268
f 1270/1270/1270 1335/1335/1335 1269/1269/1269
f 1335/1335/1335 1334/1334/1334 1269/1269/1269
f 1271/1271/1271 1336/1336/1336 1270/1270/1270
f 1336/1336/1336 1335/1335/1335 1270/1270/1270
f 1272/1272/1272 1337/1337/1337 1271/1271/1271
f 1337/1337/1337 1336/1336/1336 1271/1271/1271
f 1273/1273/1273 1338/1338/1338 1272/1272/1272
f 1338/1338/1338 1337/1337/1337 1272/1272/1272
f 1274/1274/1274 1339/1339/1339 1273/1273/1273
f 1339/1339/1339 1338/1338/1338 1273/1273/1273
f 1275/1275/1275 1340/1340/1340 1274/1274/1274
f 1340/1340/1340 1339/1339/1339 1274/1274/1274
f 1276/1276/1276 1341/1341/1341 1275/1275/1275
f 1341/1341/1341 1340/1340/1340 1275/1275/1275
f 1277/1277/1277 1342/1342/1342 1276/1276/1276
f 1342/1342/1342 1341/1341/1341 1276/1276/1276
f 1278/1278/1278 1343/1343/1343 1277/1277/1277
f 1343/1343/1343 1342/1342/1342 1277/1277/1277
f 1279/1279/1279 1344/1344/1344 1278/1278/1278
f 1344/1344/1344 1343/1343/1343 1278/1278/1278
f 1280/1280/1280 1345/1345/1345 1279/1279/1279
f 1345/1345/1345 1344/1344/1344 1279/1279/1279
f 1281/1281/1281 1346/1346/1346 1280/1280/1280
f 1346/1346/1346 1345/1345/1345 1280/1280/1280
f 1282/1282/1282 1347/1347/1347 1281/1281/1281
f 1347/1347/1347 1346/1346/1346 1281/1281/1281
f 1283/1283/1283 1348/1348/1348 1282/1282/1282
f 1348/1348/1348 1347/1347/1347 1282/1282/1282
f 1284/1284/1284 1349/1349/1349 1283/1283/1283
f 1349/1349/1349 1348/1348/1348 1283/1283/1283
f 1285/1285/1285 1350/1350/1350 1284/1284/1284
f 1350/1350/1350 1349/1349/1349 1284/1284/1284
f 1286/1286/1286 1351/1351/1351 1285/1285/1285
f 1351/1351/1351 1350/1350/1350 1285/1285/1285
f 1287/1287/1287 1352/1352/1352 1286/1286/1286
f 1352/1352/1352 1351/1351/1351 1286/1286/1286
f 1288/1288/1288 1353/1353/1353 1287/1287/1287
f 1353/1353/1353 1352/1352/1352 1287/1287/1287
f 1289/1289/1289 1354/1354/1354 1288/1288/1288
f 1354/1354/1354 1353/1353/1353 1288/1288/1288
f 1290/1290/1290 1355/1355/1355 1289/1289/1289
f 1355/1355/1355 1354/1354/1354 1289/1289/1289
f 1291/1291/1291 1356/1356/1356 1290/1290/1290
f 1356/1356/1356 1355/1355/1355 1290/1290/1290
f 1292/1292/1292 1357/1357/1357 1291/1291/1291
f 1357/1357/1357 1356/1356/1356 1291/1291/1291
f 1293/1293/1293 1358/1358/1358 1292/1292/1292
f 1358/1358/1358 1357/1357/1357 1292/1292/1292
f 1294/1294/1294 1359/1359/1359 1293/1293/1293
f 1359/1359/1359 1358/1358/1358 1293/1293/1293
f 1295/1295/1295 1360/1360/1360 1294/1294/1294
f 1360/1360/1360 1359/1359/1359 1294/1294/1294
f 1296/1296/1296 1361/1361/1361 1295/1295/1295
f 1361/1361/1361 1360/1360/1360 1295/1295/1295
f 1297/1297/1297 1362/1362/1362 1296/1296/1296
f 1362/1362/1362 1361/1361/1361 1296/1296/1296
f 1298/1298/1298 1363/1363/1363 1297/1297/1297
f 1363/1363/1363 1362/1362/1362 1297/1297/1297
f 1299/1299/1299 1364/1364/1364 1298/1298/1298
f 1364/1364/1364 1363/1363/1363 1298/1298/1298
f 1300/1300/1300 1365/1365/1365 1299/1299/1299
f 1365/1365/1365 1364/1364/1364 1299/1299/1299
f 1302/1302/1302 1367/1367/1367 1301/1301/1301
f 1367/1367/1367 1366/1366/1366 1301/1301/1301
f 1303/1303/1303 1368/1368/1368 1302/1302/1302
f 1368/1368/1368 1367/1367/1367 1302/1302/1302
f 1304/1304/1304 1369/1369/1369 1303/1303/1303
f 1369/1369/1369 1368/1368/1368 1303/1303/1303
f 1305/1305/1305 1370/1370/1370 1304/1304/1304
f 1370/1370/1370 1369/1369/1369 1304/1304/1304
f 1306/1306/1306 1371/1371/1371 1305/1305/1305
f 1371/1371/1371 1370/1370/1370 1305/1305/1305
f 1307/1307/1307 1372/1372/1372 1306/1306/1306
f 1372/1372/1372 1371/1371/1371 1306/1306/1306
f 1308/1308/1308 1373/1373/1373 1307/1307/1307
f 1373/1373/1373 1372/1372/1372 1307/1307/1307
f 1309/1309/1309 1374/1374/1374 1308/1308/1308
f 1374/1374/1374 1373/1373/1373 1308/1308/1308
f 1310/1310/1310 1375/1375/1375 1309/1309/1309
f 1375/1375/1375 1374/1374/1374 1309/1309/1309
f 1311/1311/1311 1376/1376/1376 1310/1310/1310
f 1376/1376/1376 1375/1375/1375 1310/1310/1310
f 1312/1312/1312 1377/1377/1377 1311/1311/1311
f 1377/1377/1377 1376/1376/1376 1311/1311/1311
f 1313/1313/1313 1378/1378/1378 1312/1312/1312
f 1378/1378/1378 1377/1377/1377 1312/1312/1312
f 1314/1314/1314 1379/1379/1379 1313/1313/1313
f 1379/1379/1379 1378/1378/1378 1313/1313/1313
f 1315/1315/1315 1380/1380/1380 1314/1314/1314
f 1380/1380/1380 1379/1379/1379 1314/1314/1314
f 1316/1316/1316 1381/1381/1381 1315/1315/1315
f 1381/1381/1381 1380/1380/1380 1315/1315/1315
f 1317/1317/1317 1382/1382/1382 1316/1316/1316
f 1382/1382/1382 1381/1381/1381 1316/1316/1316
f 1318/1318/1318 1383/1383/1383 1317/1317/1317
f 1383/1383/1383 1382/1382/1382 1317/1317/1317
f 1319/1319/1319 1384/1384/1384 1318/1318/1318
f 1384/1384/1384 1383/1383/1383 1318/1318/1318
f 1320/1320/1320 1385/1385/1385 1319/1319/1319
f 1385/1385/1385 1384/1384/1384 1319/1319/1319
f 1321/1321/1321 1386/1386/1386 1320/1320/1320
f 1386/1386/1386 1385/1385/1385 1320/1320/1320
f 1322/1322/1322 1387/1387/1387 1321/1321/1321
f 1387/1387/1387 1386/1386/1386 1321/1321/1321
f 1323/1323/1323 1388/1388/1388 1322/1322/1322
f 1388/1388/1388 1387/1387/1387 1322/1322/1322
f 1324/1324/1324 1389/1389/1389 1323/1323/1323
f 1389/1389/1389 1388/1388/1388 1323/1323/1323
f 1325/1325/1325 1390/1390/1390 1324/1324/1324
f 1390/1390/1390 1389/1389/1389 1324/1324/1324
f 1326/1326/1326 1391/1391/1391 1325/1325/1325
f 1391/1391/1391 1390/1390/1390 1325/1325/1325
f 1327/1327/1327 1392/1392/1392 1326/1326/1326
f 1392/1392/1392 1391/1391/1391 1326/1326/1326
f 1328/1328/1328 1393/1393/1393 1327/1327/1327
f 1393/1393/1393 1392/1392/1392 1327/1327/1327
f 1329/1329/1329 1394/1394/1394 1328/1328/1328
f 1394/1394/1394 1393/1393/1393 1328/1328/1328
f 1330/1330/1330 1395/1395/1395 1329/1329/1329
f 1395/1395/1395 1394/1394/1394 1329/1329/1329
f 1331/1331/1331 1396/1396/1396 1330/1330/1330
f 1396/1396/1396 1395/1395/1395 1330/1330/1330
f 1332/1332/1332 1397/1397/1397 1331/1331/1331
f 1397/1397/1397 1396/1396/1396 1331/1331/1331
f 1333/1333/1333 1398/1398/1398 1332/1332/1332
f 1398/1398/1398 1397/1397/1397 1332/1332/1332
f 1334/1334/1334 1399/1399/1399 1333/1333/1333
f 1399/1399/1399 1398/1398/1398 1333/1333/1333
f 1335/1335/1335 1400/1400/1400 1334/1334/1334
f 1400/1400/1400 1399/1399/1399 1334/1334/1334
f 1336/1336/1336 1401/1401/1401 1335/1335/1335
f 1401/1401/1401 1400/1400/1400 1335/1335/1335
f 1337/1337/1337 1402/1402/1402 1336/1336/1336
f 1402/1402/1402 1401/1401/1401 1336/1336/1336
f 1338/1338/1338 1403/1403/1403 1337/1337/1337
f 1403/1403/1403 1402/1402/1402 1337/1337/1337
f 1339/1339/1339 1404/1404/1404 1338/1338/1338
f 1404/1404/1404 1403/1403/1403 1338/1338/1338
f 1340/1340/1340 1405/1405/1405 1339/1339/1339
f 1405/1405/1405 1404/1404/1404 1339/1339/1339
f 1341/1341/1341 1406/1406/1406 1340/1340/1340
f 1406/1406/1406 1405/1405/1405 1340/1340/1340
f 1342/1342/1342 1407/1407/1407 1341/1341/1341
f 1407/1407/1407 1406/1406/1406 1341/1341/1341
f 1343/1343/1343 1408/1408/1408 1342/1342/1342
f 1408/1408/1408 1407/1407/1407 1342/1342/1342
f 1344/1344/1344 1409/1409/1409 1343/1343/1343
f 1409/1409/1409 1408/1408/1408 1343/1343/1343
f 1345/1345/1345 1410/1410/1410 1344/1344/1344
f 1410/1410/1410 1409/1409/1409 1344/1344/1344
f 1346/1346/1346 1411/1411/1411 1345/1345/1345
f 1411/1411/1411 1410/1410/1410 1345/1345/1345
f 1347/1347/1347 1412/1412/1412 1346/1346/1346
f 1412/1412/1412 1411/1411/1411 1346/1346/1346
f 1348/1348/1348 1413/1413/1413 1347/1347/1347
f 1413/1413/1413 1412/1412/1412 1347/1347/1347
f 1349/1349/1349 1414/1414/1414 1348/1348/1348
f 1414/1414/1414 1413/1413/1413 1348/1348/1348
f 1350/1350/1350 1415/1415/1415 1349/1349/1349
f 1415/1415/1415 1414/1414/1414 1349/1349/1349
f 1351/1351/1351 1416/1416/1416 1350/1350/1350
f 1416/1416/1416 1415/1415/1415 1350/1350/1350
f 1352/1352/1352 1417/1417/1417 1351/1351/1351
f 1417/1417/1417 1416/1416/1416 1351/1351/1351
f 1353/1353/1353 1418/1418/1418 1352/1352/1352
f 1418/1418/1418 1417/1417/1417 1352/1352/1352
f 1354/1354/1354 1419/1419/1419 1353/1353/1353
f 1419/1419/1419 1418/1418/1418 1353/1353/1353
f 1355/1355/1355 1420/1420/1420 1354/1354/1354
f 1420/1420/1420 1419/1419/1419 1354/1354/1354
f 1356/1356/1356 1421/1421/1421 1355/1355/1355
f 1421/1421/1421 1420/1420/1420 1355/1355/1355
f 1357/1357/1357 1422/1422/1422 1356/1356/1356
f 1422/1422/1422 1421/1421/1421 1356/1356/1356
f 1358/1358/1358 1423/1423/1423 1357/1357/1357
f 1423/1423/1423 1422/1422/1422 1357/1357/1357
f 1359/1359/1359 1424/1424/1424 1358/1358/1358
f 1424/1424/1424 1423/1423/1423 1358/1358/1358
f 1360/1360/1360 1425/1425/1425 1359/1359/1359
f 1425/1425/1425 1424/1424/1424 1359/1359/1359
f 1361/1361/1361 1426/1426/1426 1360/1360/1360
f 1426/1426/1426 1425/1425/1425 1360/1360/1360
f 1362/1362/1362 1427/1427/1427 1361/1361/1361
f 1427/1427/1427 1426/1426/1426 1361/1361/1361
f 1363/1363/1363 1428/1428/1428 1362/1362/1362
f 1428/1428/1428 1427/1427/1427 1362/1362/1362
f 1364/1364/1364 1429/1429/1429 1363/1363/1363
f 1429/1429/1429 1428/1428/1428 1363/1363/1363
f 1365/1365/1365 1430/1430/1430 1364/1364/1364
f 1430/1430/1430 1429/1429/1429 1364/1364/1364
f 1367/1367/1367 1432/1432/1432 1366/1366/1366
f 1432/1432/1432 1431/1431/1431 1366/1366/1366
f 1368/1368/1368 1433/1433/1433 1367/1367/1367
f 1433/1433/1433 1432/1432/1432 1367/1367/1367
f 1369/1369/1369 1434/1434/1434 1368/1368/1368
f 1434/1434/1434 1433/1433/1433 1368/1368/1368
f 1370/1370/1370 1435/1435/1435 1369/1369/1369
f 1435/1435/1435 1434/1434/1434 1369/1369/1369
f 1371/1371/1371 1436/1436/1436 1370/1370/1370
f 1436/1436/1436 1435/1435/1435 1370/1370/1370
f 1372/1372/1372 1437/1437/1437 1371/1371/1371
f 1437/1437/1437 1436/1436/1436 1371/1371/1371
f 1373/1373/1373 1438/1438/1438 1372/1372/1372
f 1438/1438/1438 1437/1437/1437 1372/1372/1372
f 1374/1374/1374 1439/1439/1439 1373/1373/1373
f 1439/1439/1439 1438/1438/1438 1373/1373/1373
f 1375/1375/1375 1440/1440/1440 1374/1374/1374
f 1440/1440/1440 1439/1439/1439 1374/1374/1374
f 1376/1376/1376 1441/1441/1441 1375/1375/1375
f 1441/1441/1441 1440/1440/1440 1375/1375/1375
f 1377/1377/1377 1442/1442/1442 1376/1376/1376
f 1442/1442/1442 1441/1441/1441 1376/1376/1376
f 1378/1378/1378 1443/1443/1443 1377/1377/1377
f 1443/1443/1443 1442/1442/1442 1377/1377/1377
f 1379/1379/1379 1444/1444/1444 1378/1378/1378
f 1444/1444/1444 1443/1443/1443 1378/1378/1378
f 1380/1380/1380 1445/1445/1445 1379/1379/1379
f 1445/1445/1445 1444/1444/1444 1379/1379/1379
f 1381/1381/1381 1446/1446/1446 1380/1380/1380
f 1446/1446/1446 1445/1445/1445 1380/1380/1380
f 1382/1382/1382 1447/1447/1447 1381/1381/1381
f 1447/1447/1447 1446/1446/1446 1381/1381/1381
f 1383/1383/1383 1448/1448/1448 1382/1382/1382
f 1448/1448/1448 1447/1447/1447 1382/1382/1382
f 1384/1384/1384 1449/1449/1449 1383/1383/1383
f 1449/1449/1449 1448/1448/1448 1383/1383/1383
f 1385/1385/1385 1450/1450/1450 1384/1384/1384
f 1450/1450/1450 1449/1449/1449 1384/1384/1384
f 1386/1386/1386 1451/1451/1451 1385/1385/1385
f 1451/1451/1451 1450/1450/1450 1385/1385/1385
f 1387/1387/1387 1452/1452/1452 1386/1386/1386
f 1452/1452/1452 1451/1451/1451 1386/1386/1386
f 1388/1388/1388 1453/1453/1453 1387/1387/1387
f 1453/1453/1453 1452/1452/1452 1387/1387/1387
f 1389/1389/1389 1454/1454/1454 1388/1388/1388
f 1454/1454/1454 1453/1453/1453 1388/1388/1388
f 1390/1390/1390 1455/1455/1455 1389/1389/1389
f 1455/1455/1455 1454/1454/1454 1389/1389/1389
f 1391/1391/1391 1456/1456/1456 1390/1390/1390
f 1456/1456/1456 1455/1455/1455 1390/1390/1390
f 1392/1392/1392 1457/1457/1457 1391/1391/1391
f 1457/1457/1457 1456/1456/1456 1391/1391/1391
f 1393/1393/1393 1458/1458/1458 1392/1392/1392
f 1458/1458/1458 1457/1457/1457 1392/1392/1392
f 1394/1394/1394 1459/1459/1459 1393/1393/1393
f 1459/1459/1459 1458/1458/1458 1393/1393/1393
f 1395/1395/1395 1460/1460/1460 1394/1394/1394
f 1460/1460/1460 1459/1459/1459 1394/1394/1394
f 1396/1396/1396 1461/1461/1461 1395/1395/1395
f 1461/1461/1461 1460/1460/1460 1395/1395/1395
f 1397/1397/1397 1462/1462/1462 1396/1396/1396
f 1462/1462/1462 1461/1461/1461 1396/1396/1396
f 1398/1398/1398 1463/1463/1463 1397/1397/1397
f 1463/1463/1463 1462/1462/1462 1397/1397/1397
f 1399/1399/1399 1464/1464/1464 1398/1398/1398
f 1464/1464/1464 1463/1463/1463 1398/1398/1398
f 1400/1400/1400 1465/1465/1465 1399/1399/1399
f 1465/1465/1465 1464/1464/1464 1399/1399/1399
f 1401/1401/1401 1466/1466/1466 1400/1400/1400
f 1466/1466/1466 1465/1465/1465 1400/1400/1400
f 1402/1402/1402 1467/1467/1467 1401/1401/1401
f 1467/1467/1467 1466/1466/1466 1401/1401/1401
f 1403/1403/1403 1468/1468/1468 1402/1402/1402
f 1468/1468/1468 1467/1467/1467 1402/1402/1402
f 1404/1404/1404 1469/1469/1469 1403/1403/1403
f 1469/1469/1469 1468/1468/1468 1403/1403/1403
f 1405/1405/1405 1470/1470/1470 1404/1404/1404
f 1470/1470/1470 1469/1469/1469 1404/1404/1404
f 1406/1406/1406 1471/1471/1471 1405/1405/1405
f 1471/1471/1471 1470/1470/1470 1405/1405/1405
f 1407/1407/1407 1472/1472/1472 1406/1406/1406
f 1472/1472/1472 1471/1471/1471 1406/1406/1406
f 1408/1408/1408 1473/1473/1473 1407/1407/1407
f 1473/1473/1473 1472/1472/1472 1407/1407/1407
f 1409/1409/1409 1474/1474/1474 1408/1408/1408
f 1474/1474/1474 1473/1473/1473 1408/1408/1408
f 1410/1410/1410 1475/1475/1475 1409/1409/1409
f 1475/1475/1475 1474/1474/1474 1409/1409/1409
f 1411/1411/1411 1476/1476/1476 1410/1410/1410
f 1476/1476/1476 1475/1475/1475 1410/1410/1410
f 1412/1412/1412 1477/1477/1477 1411/1411/1411
f 1477/1477/1477 1476/1476/1476 1411/1411/1411
f 1413/1413/1413 1478/1478/1478 1412/1412/1412
f 1478/1478/1478 1477/1477/1477 1412/1412/1412
f 1414/1414/1414 1479/1479/1479 1413/1413/1413
f 1479/1479/1479 1478/1478/1478 1413/1413/1413
f 1415/1415/1415 1480/1480/1480 1414/1414/1414
f 1480/1480/1480 1479/1479/1479 1414/1414/1414
f 1416/1416/1416 1481/1481/1481 1415/1415/1415
f 1481/1481/1481 1480/1480/1480 1415/1415/1415
f 1417/1417/1417 1482/1482/1482 1416/1416/1416
f 1482/1482/1482 1481/1481/1481 1416/1416/1416
f 1418/1418/1418 1483/1483/1483 1417/1417/1417
f 1483/1483/1483 1482/1482/1482 1417/1417/1417
f 1419/1419/1419 1484/1484/1484 1418/1418/1418
f 1484/1484/1484 1483/1483/1483 1418/1418/1418
f 1420/1420/1420 1485/1485/1485 1419/1419/1419
f 1485/1485/1485 1484/1484/1484 1419/1419/1419
f 1421/1421/1421 1486/1486/1486 1420/1420/1420
f 1486/1486/1486 1485/1485/1485 1420/1420/1420
f 1422/1422/1422 1487/1487/1487 1421/1421/1421
f 1487/1487/1487 1486/1486/1486 1421/1421/1421
f 1423/1423/1423 1488/1488/1488 1422/1422/1422
f 1488/1488/1488 1487/1487/1487 1422/1422/1422
f 1424/1424/1424 1489/1489/1489 1423/1423/1423
f 1489/1489/1489 1488/1488/1488 1423/1423/1423
f 1425/1425/1425 1490/1490/1490 1424/1424/1424
f 1490/1490/1490 1489/1489/1489 1424/1424/1424
f 1426/1426/1426 1491/1491/1491 1425/1425/1425
f 1491/1491/1491 1490/1490/1490 1425/1425/1425
f 1427/1427/1427 1492/1492/1492 1426/1426/1426
f 1492/1492/1492 1491/1491/1491 1426/1426/1426
f 1428/1428/1428 1493/1493/1493 1427/1427/1427
f 1493/1493/1493 1492/1492/1492 1427/1427/1427
f 1429/1429/1429 1494/1494/1494 1428/1428/1428
f 1494/1494/1494 1493/1493/1493 1428/1428/1428
f 1430/1430/1430 1495/1495/1495 1429/1429/1429
f 1495/1495/1495 1494/1494/1494 1429/1429/1429
f 1432/1432/1432 1497/1497/1497 1431/1431/1431
f 1497/1497/1497 1496/1496/1496 1431/1431/1431
f 1433/1433/1433 1498/1498/1498 1432/1432/1432
f 1498/1498/1498 1497/1497/1497 1432/1432/1432
f 1434/1434/1434 1499/1499/1499 1433/1433/1433
f 1499/1499/1499 1498/1498/1498 1433/1433/1433
f 1435/1435/1435 1500/1500/1500 1434/1434/1434
f 1500/1500/1500 1499/1499/1499 1434/1434/1434
f 1436/1436/1436 1501/1501/1501 1435/1435/1435
f 1501/1501/1501 1500/1500/1500 1435/1435/1435
f 1437/1437/1437 1502/1502/1502 1436/1436/1436
f 1502/1502/1502 1501/1501/1501 1436/1436/1436
f 1438/1438/1438 1503/1503/1503 1437/1437/1437
f 1503/1503/1503 1502/1502/1502 1437/1437/1437
f 1439/1439/1439 1504/1504/1504 1438/1438/1438
f 1504/1504/1504 1503/1503/1503 1438/1438/1438
f 1440/1440/1440 1505/1505/1505 1439/1439/1439
f 1505/1505/1505 1504/1504/1504 1439/1439/1439
f 1441/1441/1441 1506/1506/1506 1440/1440/1440
f 1506/1506/1506 1505/1505/1505 1440/1440/1440
f 1442/1442/1442 1507/1507/1507 1441/1441/1441
f 1507/1507/1507 1506/1506/1506 1441/1441/1441
f 1443/1443/1443 1508/1508/1508 1442/1442/1442
f 1508/1508/1508 1507/1507/1507 1442/1442/1442
f 1444/1444/1444 1509/1509/1509 1443/1443/1443
f 1509/1509/1509 1508/1508/1508 1443/1443/1443
f 1445/1445/1445 1510/1510/1510 1444/1444/1444
f 1510/1510/1510 1509/1509/1509 1444/1444/1444
f 1446/1446/1446 1511/1511/1511 1445/1445/1445
f 1511/1511/1511 1510/1510/1510 1445/1445/1445
f 1447/1447/1447 1512/1512/1512 1446/1446/1446
f 1512/1512/1512 1511/1511/1511 1446/1446/1446
f 1448/1448/1448 1513/1513/1513 1447/1447/1447
f 1513/1513/1513 1512/1512/1512 1447/1447/1447
f 1449/1449/1449 1514/1514/1514 1448/1448/1448
f 1514/1514/1514 1513/1513/1513 1448/1448/1448
f 1450/1450/1450 1515/1515/1515 1449/1449/1449
f 1515/1515/1515 1514/1514/1514 1449/1449/1449
f 1451/1451/1451 1516/1516/1516 1450/1450/1450
f 1516/1516/1516 1515/1515/1515 1450/1450/1450
f 1452/1452/1452 1517/1517/1517 1451/1451/1451
f 1517/1517/1517 1516/1516/1516 1451/1451/1451
f 1453/1453/1453 1518/1518/1518 1452/1452/1452
f 1518/1518/1518 1517/1517/1517 1452/1452/1452
f 1454/1454/1454 1519/1519/1519 1453/1453/1453
f 1519/1519/1519 1518/1518/1518 1453/1453/1453
f 1455/1455/1455 1520/1520/1520 1454/1454/1454
f 1520/1520/1520 1519/1519/1519 1454/1454/1454
f 1456/1456/1456 1521/1521/1521 1455/1455/1455
f 1521/1521/1521 1520/1520/1520 1455/1455/1455
f 1457/1457/1457 1522/1522/1522 1456/1456/1456
f 1522/1522/1522 1521/1521/1521 1456/1456/1456
f 1458/1458/1458 1523/1523/1523 1457/1457/1457
f 1523/1523/1523 1522/1522/1522 1457/1457/1457
f 1459/1459/1459 1524/1524/1524 1458/1458/1458
f 1524/1524/1524 1523/1523/1523 1458/1458/1458
f 1460/1460/1460 1525/1525/1525 1459/1459/1459
f 1525/1525/1525 1524/1524/1524 1459/1459/1459
f 1461/1461/1461 1526/1526/1526 1460/1460/1460
f 1526/1526/1526 1525/1525/1525 1460/1460/1460
f 1462/1462/1462 1527/1527/1527 1461/1461/1461
f 1527/1527/1527 1526/1526/1526 1461/1461/1461
f 1463/1463/1463 1528/1528/1528 1462/1462/1462
f 1528/1528/1528 1527/1527/1527 1462/1462/1462
f 1464/1464/1464 1529/1529/1529 1463/1463/1463
f 1529/1529/1529 1528/1528/1528 1463/1463/1463
f 1465/1465/1465 1530/1530/1530 1464/1464/1464
f 1530/1530/1530 1529/1529/1529 1464/1464/1464
f 1466/1466/1466 1531/1531/1531 1465/1465/1465
f 1531/1531/1531 1530/1530/1530 1465/1465/1465
f 1467/1467/1467 1532/1532/1532 1466/1466/1466
f 1532/1532/1532 1531/1531/1531 1466/1466/1466
f 1468/1468/1468 1533/1533/1533 1467/1467/1467
f 1533/1533/1533 1532/1532/1532 1467/1467/1467
f 1469/1469/1469 1534/1534/1534 1468/1468/1468
f 1534/1534/1534 1533/1533/1533 1468/1468/1468
f 1470/1470/1470 1535/1535/1535 1469/1469/1469
f 1535/1535/1535 1534/1534/1534 1469/1469/1469
f 1471/1471/1471 1536/1536/1536 1470/1470/1470
f 1536/1536/1536 1535/1535/1535 1470/1470/1470
f 1472/1472/1472 1537/1537/1537 1471/1471/1471
f 1537/1537/1537 1536/1536/1536 1471/1471/1471
f 1473/1473/1473 1538/1538/1538 1472/1472/1472
f 1538/1538/1538 1537/1537/1537 1472/1472/1472
f 1474/1474/1474 1539/1539/1539 1473/1473/1473
f 1539/1539/1539 1538/1538/1538 1473/1473/1473
f 1475/1475/1475 1540/1540/1540 1474/1474/1474
f 1540/1540/1540 1539/1539/1539 1474/1474/1474
f 1476/1476/1476 1541/1541/1541 1475/1475/1475
f 1541/1541/1541 1540/1540/1540 1475/1475/1475
f 1477/1477/1477 1542/1542/1542 1476/1476/1476
f 1542/1542/1542 1541/1541/1541 1476/1476/1476
f 1478/1478/1478 1543/1543/1543 1477/1477/1477
f 1543/1543/1543 1542/1542/1542 1477/1477/1477
f 1479/1479/1479 1544/1544/1544 1478/1478/1478
f 1544/1544/1544 1543/1543/1543 1478/1478/1478
f 1480/1480/1480 1545/1545/1545 1479/1479/1479
f 1545/1545/1545 1544/1544/1544 1479/1479/1479
f 1481/1481/1481 1546/1546/1546 1480/1480/1480
f 1546/1546/1546 1545/1545/1545 1480/1480/1480
f 1482/1482/1482 1547/1547/1547 1481/1481/1481
f 1547/1547/1547 1546/1546/1546 1481/1481/1481
f 1483/1483/1483 1548/1548/1548 1482/1482/1482
f 1548/1548/1548 1547/1547/1547 1482/1482/1482
f 1484/1484/1484 1549/1549/1549 1483/1483/1483
f 1549/1549/1549 1548/1548/1548 1483/1483/1483
f 1485/1485/1485 1550/1550/1550 1484/1484/1484
f 1550/1550/1550 1549/1549/1549 1484/1484/1484
f 1486/1486/1486 1551/1551/1551 1485/1485/1485
f 1551/1551/1551 1550/1550/1550 1485/1485/1485
f 1487/1487/1487 1552/1552/1552 1486/1486/1486
f 1552/1552/1552 1551/1551/1551 1486/1486/1486
f 1488/1488/1488 1553/1553/1553 1487/1487/1487
f 1553/1553/1553 1552/1552/1552 1487/1487/1487
f 1489/1489/1489 1554/1554/1554 1488/1488/1488
f 1554/1554/1554 1553/1553/1553 1488/1488/1488
f 1490/1490/1490 1555/1555/1555 1489/1489/1489
f 1555/1555/1555 1554/1554/1554 1489/1489/1489
f 1491/1491/1491 1556/1556/1556 1490/1490/1490
f 1556/1556/1556 1555/1555/1555 1490/1490/1490
f 1492/1492/1492 1557/1557/1557 1491/1491/1491
f 1557/1557/1557 1556/1556/1556 1491/1491/1491
f 1493/1493/1493 1558/1558/1558 1492/1492/1492
f 1558/1558/1558 1557/1557/1557 1492/1492/1492
f 1494/1494/1494 1559/1559/1559 1493/1493/1493
f 1559/1559/1559 1558/1558/1558 1493/1493/1493
f 1495/1495/1495 1560/1560/1560 1494/1494/1494
f 1560/1560/1560 1559/1559/1559 1494/1494/1494
f 1497/1497/1497 1562/1562/1562 1496/1496/1496
f 1562/1562/1562 1561/1561/1561 1496/1496/1496
f 1498/1498/1498 1563/1563/1563 1497/1497/1497
f 1563/1563/1563 1562/1562/1562 1497/1497/1497
f 1499/1499/1499 1564/1564/1564 1498/1498/1498
f 1564/1564/1564 1563/1563/1563 1498/1498/1498
f 1500/1500/1500 1565/1565/1565 1499/1499/1499
f 1565/1565/1565 1564/1564/1564 1499/1499/1499
f 1501/1501/1501 1566/1566/1566 1500/1500/1500
f 1566/1566/1566 1565/1565/1565 1500/1500/1500
f 1502/1502/1502 1567/1567/1567 1501/1501/1501
f 1567/1567/1567 1566/1566/1566 1501/1501/1501
f 1503/1503/1503 1568/1568/1568 1502/1502/1502
f 1568/1568/1568 1567/1567/1567 1502/1502/1502
f 1504/1504/1504 1569/1569/1569 1503/1503/1503
f 1569/1569/1569 1568/1568/1568 1503/1503/1503
f 1505/1505/1505 1570/1570/1570 1504/1504/1504
f 1570/1570/1570 1569/1569/1569 1504/1504/1504
f 1506/1506/1506 1571/1571/1571 1505/1505/1505
f 1571/1571/1571 1570/1570/1570 1505/1505/1505
f 1507/1507/1507 1572/1572/1572 1506/1506/1506
f 1572/1572/1572 1571/1571/1571 1506/1506/1506
f 1508/1508/1508 1573/1573/1573 1507/1507/1507
f 1573/1573/1573 1572/1572/1572 1507/1507/1507
f 1509/1509/1509 1574/1574/1574 1508/1508/1508
f 1574/1574/1574 1573/1573/1573 1508/1508/1508
f 1510/1510/1510 1575/1575/1575 1509/1509/1509
f 1575/1575/1575 1574/1574/1574 1509/1509/1509
f 1511/1511/1511 1576/1576/1576 1510/1510/1510
f 1576/1576/1576 1575/1575/1575 1510/1510/1510
f 1512/1512/1512 1577/1577/1577 1511/1511/1511
f 1577/1577/1577 1576/1576/1576 1511/1511/1511
f 1513/1513/1513 1578/1578/1578 1512/1512/1512
f 1578/1578/1578 1577/1577/1577 1512/1512/1512
f 1514/1514/1514 1579/1579/1579 1513/1513/1513
f 1579/1579/1579 1578/1578/1578 1513/1513/1513
f 1515/1515/1515 1580/1580/1580 1514/1514/1514
f 1580/1580/1580 1579/1579/1579 1514/1514/1514
f 1516/1516/1516 1581/1581/1581 1515/1515/1515
f 1581/1581/1581 1580/1580/1580 1515/1515/1515
f 1517/1517/1517 1582/1582/1582 1516/1516/1516
f 1582/1582/1582 1581/1581/1581 1516/1516/1516
f 1518/1518/1518 1583/1583/1583 1517/1517/1517
f 1583/1583/1583 1582/1582/1582 1517/1517/1517
f 1519/1519/1519 1584/1584/1584 1518/1518/1518
f 1584/1584/1584 1583/1583/1583 1518/1518/1518
f 1520/1520/1520 1585/1585/1585 1519/1519/1519
f 1585/1585/1585 1584/1584/1584 1519/1519/1519
f 1521/1521/1521 1586/1586/1586 1520/1520/1520
f 1586/1586/1586 1585/1585/1585 1520/1520/1520
f 1522/1522/1522 1587/1587/1587 1521/1521/1521
f 1587/1587/1587 1586/1586/1586 1521/1521/1521
f 1523/1523/1523 1588/1588/1588 1522/1522/1522
f 1588/1588/1588 1587/1587/1587 1522/1522/1522
f 1524/1524/1524 1589/1589/1589 1523/1523/1523
f 1589/1589/1589 1588/1588/1588 1523/1523/1523
f 1525/1525/1525 1590/1590/1590 1524/1524/1524
f 1590/1590/1590 1589/1589/1589 1524/1524/1524
f 1526/1526/1526 1591/1591/1591 1525/1525/1525
f 1591/1591/1591 1590/1590/1590 1525/1525/1525
f 1527/1527/1527 1592/1592/1592 1526/1526/1526
f 1592/1592/1592 1591/1591/1591 1526/1526/1526
f 1528/1528/1528 1593/1593/1593 1527/1527/1527
f 1593/1593/1593 1592/1592/1592 1527/1527/1527
f 1529/1529/1529 1594/1594/1594 1528/1528/1528
f 1594/1594/1594 1593/1593/1593 1528/1528/1528
f 1530/1530/1530 1595/1595/1595 1529/1529/1529
f 1595/1595/1595 1594/1594/1594 1529/1529/1529
f 1531/1531/1531 1596/1596/1596 1530/1530/1530
f 1596/1596/1596 1595/1595/1595 1530/1530/1530
f 1532/1532/1532 1597/1597/1597 1531/1531/1531
f 1597/1597/1597 1596/1596/1596 1531/1531/1531
f 1533/1533/1533 1598/1598/1598 1532/1532/1532
f 1598/1598/1598 1597/1597/1597 1532/1532/1532
f 1534/1534/1534 1599/1599/1599 1533/1533/1533
f 1599/1599/1599 1598/1598/1598 1533/1533/1533
f 1535/1535/1535 1600/1600/1600 1534/1534/1534
f 1600/1600/1600 1599/1599/1599 1534/1534/1534
f 1536/1536/1536 1601/1601/1601 1535/1535/1535
f 1601/1601/1601 1600/1600/1600 1535/1535/1535
f 1537/1537/1537 1602/1602/1602 1536/1536/1536
f 1602/1602/1602 1601/1601/1601 1536/1536/1536
f 1538/1538/1538 1603/1603/1603 1537/1537/1537
f 1603/1603/1603 1602/1602/1602 1537/1537/1537
f 1539/1539/1539 1604/1604/1604 1538/1538/1538
f 1604/1604/1604 1603/1603/1603 1538/1538/1538
f 1540/1540/1540 1605/1605/1605 1539/1539/1539
f 1605/1605/1605 1604/1604/1604 1539/1539/1539
f 1541/1541/1541 1606/1606/1606 1540/1540/1540
f 1606/1606/1606 1605/1605/1605 1540/1540/1540
f 1542/1542/1542 1607/1607/1607 1541/1541/1541
f 1607/1607/1607 1606/1606/1606 1541/1541/1541
f 1543/1543/1543 1608/1608/1608 1542/1542/1542
f 1608/1608/1608 1607/1607/1607 1542/1542/1542
f 1544/1544/1544 1609/1609/1609 1543/1543/1543
f 1609/1609/1609 1608/1608/1608 1543/1543/1543
f 1545/1545/1545 1610/1610/1610 1544/1544/1544
f 1610/1610/1610 1609/1609/1609 1544/1544/1544
f 1546/1546/1546 1611/1611/1611 1545/1545/1545
f 1611/1611/1611 1610/1610/1610 1545/1545/1545
f 1547/1547/1547 1612/1612/1612 1546/1546/1546
f 1612/1612/1612 1611/1611/1611 1546/1546/1546
f 1548/1548/1548 1613/1613/1613 1547/1547/1547
f 1613/1613/1613 1612/1612/1612 1547/1547/1547
f 1549/1549/1549 1614/1614/1614 1548/1548/1548
f 1614/1614/1614 1613/1613/1613 1548/1548/1548
f 1550/1550/1550 1615/1615/1615 1549/1549/1549
f 1615/1615/1615 1614/1614/1614 1549/1549/1549
f 1551/1551/1551 1616/1616/1616 1550/1550/1550
f 1616/1616/1616 1615/1615/1615 1550/1550/1550
f 1552/1552/1552 1617/1617/1617 1551/1551/1551
f 1617/1617/1617 1616/1616/1616 1551/1551/1551
f 1553/1553/1553 1618/1618/1618 1552/1552/1552
f 1618/1618/1618 1617/1617/1617 1552/1552/1552
f 1554/1554/1554 1619/1619/1619 1553/1553/1553
f 1619/1619/1619 1618/1618/1618 1553/1553/1553
f 1555/1555/1555 1620/1620/1620 1554/1554/1554
f 1620/1620/1620 1619/1619/1619 1554/1554/1554
f 1556/1556/1556 1621/1621/1621 1555/1555/1555
f 1621/1621/1621 1620/1620/1620 1555/1555/1555
f 1557/1557/1557 1622/1622/1622 1556/1556/1556
f 1622/1622/1622 1621/1621/1621 1556/1556/1556
f 1558/1558/1558 1623/1623/1623 1557/1557/1557
f 1623/1623/1623 1622/1622/1622 1557/1557/1557
f 1559/1559/1559 1624/1624/1624 1558/1558/1558
f 1624/1624/1624 1623/1623/1623 1558/1558/1558
f 1560/1560/1560 1625/1625/1625 1559/1559/1559
f 1625/1625/1625 1624/1624/1624 1559/1559/1559
f 1562/1562/1562 1627/1627/1627 1561/1561/1561
f 1627/1627/1627 1626/1626/1626 1561/1561/1561
f 1563/1563/1563 1628/1628/1628 1562/1562/1562
f 1628/1628/1628 1627/1627/1627 1562/1562/1562
f 1564/1564/1564 1629/1629/1629 1563/1563/1563
f 1629/1629/1629 1628/1628/1628 1563/1563/1563
f 1565/1565/1565 1630/1630/1630 1564/1564/1564
f 1630/1630/1630 1629/1629/1629 1564/1564/1564
f 1566/1566/1566 1631/1631/1631 1565/1565/1565
f 1631/1631/1631 1630/1630/1630 1565/1565/1565
f 1567/1567/1567 1632/1632/1632 1566/1566/1566
f 1632/1632/1632 1631/1631/1631 1566/1566/1566
f 1568/1568/1568 1633/1633/1633 1567/1567/1567
f 1633/1633/1633 1632/1632/1632 1567/1567/1567
f 1569/1569/1569 1634/1634/1634 1568/1568/1568
f 1634/1634/1634 1633/1633/1633 1568/1568/1568
f 1570/1570/1570 1635/1635/1635 1569/1569/1569
f 1635/1635/1635 1634/1634/1634 1569/1569/1569
f 1571/1571/1571 1636/1636/1636 1570/1570/1570
f 1636/1636/1636 1635/1635/1635 1570/1570/1570
f 1572/1572/1572 1637/1637/1637 1571/1571/1571
f 1637/1637/1637 1636/1636/1636 1571/1571/1571
f 1573/1573/1573 1638/1638/1638 1572/1572/1572
f 1638/1638/1638 1637/1637/1637 1572/1572/1572
f 1574/1574/1574 1639/1639/1639 1573/1573/1573
f 1639/1639/1639 1638/1638/1638 1573/1573/1573
f 1575/1575/1575 1640/1640/1640 1574/1574/1574
f 1640/1640/1640 1639/1639/1639 1574/1574/1574
f 1576/1576/1576 1641/1641/1641 1575/1575/1575
f 1641/1641/1641 1640/1640/1640 1575/1575/1575
f 1577/1577/1577 1642/1642/1642 1576/1576/1576
f 1642/1642/1642 1641/1641/1641 1576/1576/1576
f 1578/1578/1578 1643/1643/1643 1577/1577/1577
f 1643/1643/1643 1642/1642/1642 1577/1577/1577
f 1579/1579/1579 1644/1644/1644 1578/1578/1578
f 1644/1644/1644 1643/1643/1643 1578/1578/1578
f 1580/1580/1580 1645/1645/1645 1579/1579/1579
f 1645/1645/1645 1644/1644/1644 1579/1579/1579
f 1581/1581/1581 1646/1646/1646 1580/1580/1580
f 1646/1646/1646 1645/1645/1645 1580/1580/1580
f 1582/1582/1582 1647/1647/1647 1581/1581/1581
f 1647/1647/1647 1646/1646/1646 1581/1581/1581
f 1583/1583/1583 1648/1648/1648 1582/1582/1582
f 1648/1648/1648 1647/1647/1647 1582/1582/1582
f 1584/1584/1584 1649/1649/1649 1583/1583/1583
f 1649/1649/1649 1648/1648/1648 1583/1583/1583
f 1585/1585/1585 1650/1650/1650 1584/1584/1584
f 1650/1650/1650 1649/1649/1649 1584/1584/1584
f 1586/1586/1586 1651/1651/1651 1585/1585/1585
f 1651/1651/1651 1650/1650/1650 1585/1585/1585
f 1587/1587/1587 1652/1652/1652 1586/1586/1586
f 1652/1652/1652 1651/1651/1651 1586/1586/1586
f 1588/1588/1588 1653/1653/1653 1587/1587/1587
f 1653/1653/1653 1652/1652/1652 1587/1587/1587
f 1589/1589/1589 1654/1654/1654 1588/1588/1588
f 1654/1654/1654 1653/1653/1653 1588/1588/1588
f 1590/1590/1590 1655/1655/1655 1589/1589/1589
f 1655/1655/1655 1654/1654/1654 1589/1589/1589
f 1591/1591/1591 1656/1656/1656 1590/1590/1590
f 1656/1656/1656 1655/1655/1655 1590/1590/1590
f 1592/1592/1592 1657/1657/1657 1591/1591/1591
f 1657/1657/1657 1656/1656/1656 1591/1591/1591
f 1593/1593/1593 1658/1658/1658 1592/1592/1592
f 1658/1658/1658 1657/1657/1657 1592/1592/1592
f 1594/1594/1594 1659/1659/1659 1593/1593/1593
f 1659/1659/1659 1658/1658/1658 1593/1593/1593
f 1595/1595/1595 1660/1660/1660 1594/1594/1594
f 1660/1660/1660 1659/1659/1659 1594/1594/1594
f 1596/1596/1596 1661/1661/1661 1595/1595/1595
f 1661/1661/1661 1660/1660/1660 1595/1595/1595
f 1597/1597/1597 1662/1662/1662 1596/1596/1596
f 1662/1662/1662 1661/1661/1661 1596/1596/1596
f 1598/1598/1598 1663/1663/1663 1597/1597/1597
f 1663/1663/1663 1662/1662/1662 1597/1597/1597
f 1599/1599/1599 1664/1664/1664 1598/1598/1598
f 1664/1664/1664 1663/1663/1663 1598/1598/1598
f 1600/1600/1600 1665/1665/1665 1599/1599/1599
f 1665/1665/1665 1664/1664/1664 1599/1599/1599
f 1601/1601/1601 1666/1666/1666 1600/1600/1600
f 1666/1666/1666 1665/1665/1665 1600/1600/1600
f 1602/1602/1602 1667/1667/1667 1601/1601/1601
f 1667/1667/1667 1666/1666/1666 1601/1601/1601
f 1603/1603/1603 1668/1668/1668 1602/1602/1602
f 1668/1668/1668 1667/1667/1667 1602/1602/1602
f 1604/1604/1604 1669/1669/1669 1603/1603/1603
f 1669/1669/1669 1668/1668/1668 1603/1603/1603
f 1605/1605/1605 1670/1670/1670 1604/1604/1604
f 1670/1670/1670 1669/1669/1669 1604/1604/1604
f 1606/1606/1606 1671/1671/1671 1605/1605/1605
f 1671/1671/1671 1670/1670/1670 1605/1605/1605
f 1607/1607/1607 1672/1672/1672 1606/1606/1606
f 1672/1672/1672 1671/1671/1671 1606/1606/1606
f 1608/1608/1608 1673/1673/1673 1607/1607/1607
f 1673/1673/1673 1672/1672/1672 1607/1607/1607
f 1609/1609/1609 1674/1674/1674 1608/1608/1608
f 1674/1674/1674 1673/1673/1673 1608/1608/1608
f 1610/1610/1610 1675/1675/1675 1609/1609/1609
f 1675/1675/1675 1674/1674/1674 1609/1609/1609
f 1611/1611/1611 1676/1676/1676 1610/1610/1610
f 1676/1676/1676 1675/1675/1675 1610/1610/1610
f 1612/1612/1612 1677/1677/1677 1611/1611/1611
f 1677/1677/1677 1676/1676/1676 1611/1611/1611
f 1613/1613/1613 1678/1678/1678 1612/1612/1612
f 1678/1678/1678 1677/1677/1677 1612/1612/1612
f 1614/1614/1614 1679/1679/1679 1613/1613/1613
f 1679/1679/1679 1678/1678/1678 1613/1613/1613
f 1615/1615/1615 1680/1680/1680 1614/1614/1614
f 1680/1680/1680 1679/1679/1679 1614/1614/1614
f 1616/1616/1616 1681/1681/1681 1615/1615/1615
f 1681/1681/1681 1680/1680/1680 1615/1615/1615
f 1617/1617/1617 1682/1682/1682 1616/1616/1616
f 1682/1682/1682 1681/1681/1681 1616/1616/1616
f 1618/1618/1618 1683/1683/1683 1617/1617/1617
f 1683/1683/1683 1682/1682/1682 1617/1617/1617
f 1619/1619/1619 1684/1684/1684 1618/1618/1618
f 1684/1684/1684 1683/1683/1683 1618/1618/1618
f 1620/1620/1620 1685/1685/1685 1619/1619/1619
f 1685/1685/1685 1684/1684/1684 1619/1619/1619
f 1621/1621/1621 1686/1686/1686 1620/1620/1620
f 1686/1686/1686 1685/1685/1685 1620/1620/1620
f 1622/1622/1622 1687/1687/1687 1621/1621/1621
f 1687/1687/1687 1686/1686/1686 1621/1621/1621
f 1623/1623/1623 1688/1688/1688 1622/1622/1622
f 1688/1688/1688 1687/1687/1687 1622/1622/1622
f 1624/1624/1624 1689/1689/1689 1623/1623/1623
f 1689/1689/1689 1688/1688/1688 1623/1623/1623
f 1625/1625/1625 1690/1690/1690 1624/1624/1624
f 1690/1690/1690 1689/1689/1689 1624/1624/1624
f 1627/1627/1627 1692/1692/1692 1626/1626/1626
f 1692/1692/1692 1691/1691/1691 1626/1626/1626
f 1628/1628/1628 1693/1693/1693 1627/1627/1627
f 1693/1693/1693 1692/1692/1692 1627/1627/1627
f 1629/1629/1629 1694/1694/1694 1628/1628/1628
f 1694/1694/1694 1693/1693/1693 1628/1628/1628
f 1630/1630/1630 1695/1695/1695 1629/1629/1629
f 1695/1695/1695 1694/1694/1694 1629/1629/1629
f 1631/1631/1631 1696/1696/1696 1630/1630/1630
f 1696/1696/1696 1695/1695/1695 1630/1630/1630
f 1632/1632/1632 1697/1697/1697 1631/1631/1631
f 1697/1697/1697 1696/1696/1696 1631/1631/1631
f 1633/1633/1633 1698/1698/1698 1632/1632/1632
f 1698/1698/1698 1697/1697/1697 1632/1632/1632
f 1634/1634/1634 1699/1699/1699 1633/1633/1633
f 1699/1699/1699 1698/1698/1698 1633/1633/1633
f 1635/1635/1635 1700/1700/1700 1634/1634/1634
f 1700/1700/1700 1699/1699/1699 1634/1634/1634
f 1636/1636/1636 1701/1701/1701 1635/1635/1635
f 1701/1701/1701 1700/1700/1700 1635/1635/1635
f 1637/1637/1637 1702/1702/1702 1636/1636/1636
f 1702/1702/1702 1701/1701/1701 1636/1636/1636
f 1638/1638/1638 1703/1703/1703 1637/1637/1637
f 1703/1703/1703 1702/1702/1702 1637/1637/1637
f 1639/1639/1639 1704/1704/1704 1638/1638/1638
f 1704/1704/1704 1703/1703/1703 1638/1638/1638
f 1640/1640/1640 1705/1705/1705 1639/1639/1639
f 1705/1705/1705 1704/1704/1704 1639/1639/1639
f 1641/1641/1641 1706/1706/1706 1640/1640/1640
f 1706/1706/1706 1705/1705/1705 1640/1640/1640
f 1642/1642/1642 1707/1707/1707 1641/1641/1641
f 1707/1707/1707 1706/1706/1706 1641/1641/1641
f 1643/1643/1643 1708/1708/1708 1642/1642/1642
f 1708/1708/1708 1707/1707/1707 1642/1642/1642
f 1644/1644/1644 1709/1709/1709 1643/1643/1643
f 1709/1709/1709 1708/1708/1708 1643/1643/1643
f 1645/1645/1645 1710/1710/1710 1644/1644/1644
f 1710/1710/1710 1709/1709/1709 1644/1644/1644
f 1646/1646/1646 1711/1711/1711 1645/1645/1645
f 1711/1711/1711 1710/1710/1710 1645/1645/1645
f 1647/1647/1647 1712/1712/1712 1646/1646/1646
f 1712/1712/1712 1711/1711/1711 1646/1646/1646
f 1648/1648/1648 1713/1713/1713 1647/1647/1647
f 1713/1713/1713 1712/1712/1712 1647/1647/1647
f 1649/1649/1649 1714/1714/1714 1648/1648/1648
f 1714/1714/1714 1713/1713/1713 1648/1648/1648
f 1650/1650/1650 1715/1715/1715 1649/1649/1649
f 1715/1715/1715 1714/1714/1714 1649/1649/1649
f 1651/1651/1651 1716/1716/1716 1650/1650/1650
f 1716/1716/1716 1715/1715/1715 1650/1650/1650
f 1652/1652/1652 1717/1717/1717 1651/1651/1651
f 1717/1717/1717 1716/1716/1716 1651/1651/1651
f 1653/1653/1653 1718/1718/1718 1652/1652/1652
f 1718/1718/1718 1717/1717/1717 1652/1652/1652
f 1654/1654/1654 1719/1719/1719 1653/1653/1653
f 1719/1719/1719 1718/1718/1718 1653/1653/1653
f 1655/1655/1655 1720/1720/1720 1654/1654/1654
f 1720/1720/1720 1719/1719/1719 1654/1654/1654
f 1656/1656/1656 1721/1721/1721 1655/1655/1655
f 1721/1721/1721 1720/1720/1720 1655/1655/1655
f 1657/1657/1657 1722/1722/1722 1656/1656/1656
f 1722/1722/1722 1721/1721/1721 1656/1656/1656
f 1658/1658/1658 1723/1723/1723 1657/1657/1657
f 1723/1723/1723 1722/1722/1722 1657/1657/1657
f 1659/1659/1659 1724/1724/1724 1658/1658/1658
f 1724/1724/1724 1723/1723/1723 1658/1658/1658
f 1660/1660/1660 1725/1725/1725 1659/1659/1659
f 1725/1725/1725 1724/1724/1724 1659/1659/1659
f 1661/1661/1661 1726/1726/1726 1660/1660/1660
f 1726/1726/1726 1725/1725/1725 1660/1660/1660
f 1662/1662/1662 1727/1727/1727 1661/1661/1661
f 1727/1727/1727 1726/1726/1726 1661/1661/1661
f 1663/1663/1663 1728/1728/1728 1662/1662/1662
f 1728/1728/1728 1727/1727/1727 1662/1662/1662
f 1664/1664/1664 1729/1729/1729 1663/1663/1663
f 1729/1729/1729 1728/1728/1728 1663/1663/1663
f 1665/1665/1665 1730/1730/1730 1664/1664/1664
f 1730/1730/1730 1729/1729/1729 1664/1664/1664
f 1666/1666/1666 1731/1731/1731 1665/1665/1665
f 1731/1731/1731 1730/1730/1730 1665/1665/1665
f 1667/1667/1667 1732/1732/1732 1666/1666/1666
f 1732/1732/1732 1731/1731/1731 1666/1666/1666
f 1668/1668/1668 1733/1733/1733 1667/1667/1667
f 1733/1733/1733 1732/1732/1732 1667/1667/1667
f 1669/1669/1669 1734/1734/1734 1668/1668/1668
f 1734/1734/1734 1733/1733/1733 1668/1668/1668
f 1670/1670/1670 1735/1735/1735 1669/1669/1669
f 1735/1735/1735 1734/1734/1734 1669/1669/1669
f 1671/1671/1671 1736/1736/1736 1670/1670/1670
f 1736/1736/1736 1735/1735/1735 1670/1670/1670
f 1672/1672/1672 1737/1737/1737 1671/1671/1671
f 1737/1737/1737 1736/1736/1736 1671/1671/1671
f 1673/1673/1673 1738/1738/1738 1672/1672/1672
f 1738/1738/1738 1737/1737/1737 1672/1672/1672
f 1674/1674/1674 1739/1739/1739 1673/1673/1673
f 1739/1739/1739 1738/1738/1738 1673/1673/1673
f 1675/1675/1675 1740/1740/1740 1674/1674/1674
f 1740/1740/1740 1739/1739/1739 1674/1674/1674
f 1676/1676/1676 1741/1741/1741 1675/1675/1675
f 1741/1741/1741 1740/1740/1740 1675/1675/1675
f 1677/1677/1677 1742/1742/1742 1676/1676/1676
f 1742/1742/1742 1741/1741/1741 1676/1676/1676
f 1678/1678/1678 1743/1743/1743 1677/1677/1677
f 1743/1743/1743 1742/1742/1742 1677/1677/1677
f 1679/1679/1679 1744/1744/1744 1678/1678/1678
f 1744/1744/1744 1743/1743/1743 1678/1678/1678
f 1680/1680/1680 1745/1745/1745 1679/1679/1679
f 1745/1745/1745 1744/1744/1744 1679/1679/1679
f 1681/1681/1681 1746/1746/1746 1680/1680/1680
f 1746/1746/1746 1745/1745/1745 1680/1680/1680
f 1682/1682/1682 1747/1747/1747 1681/1681/1681
f 1747/1747/1747 1746/1746/1746 1681/1681/1681
f 1683/1683/1683 1748/1748/1748 1682/1682/1682
f 1748/1748/1748 1747/1747/1747 1682/1682/1682
f 1684/1684/1684 1749/1749/1749 1683/1683/1683
f 1749/1749/1749 1748/1748/1748 1683/1683/1683
f 1685/1685/1685 1750/1750/1750 1684/1684/1684
f 1750/1750/1750 1749/1749/1749 1684/1684/1684
f 1686/1686/1686 1751/1751/1751 1685/1685/1685
f 1751/1751/1751 1750/1750/1750 1685/1685/1685
f 1687/1687/1687 1752/1752/1752 1686/1686/1686
f 1752/1752/1752 1751/1751/1751 1686/1686/1686
f 1688/1688/1688 1753/1753/1753 1687/1687/1687
f 1753/1753/1753 1752/1752/1752 1687/1687/1687
f 1689/1689/1689 1754/1754/1754 1688/1688/1688
f 1754/1754/1754 1753/1753/1753 1688/1688/1688
f 1690/1690/1690 1755/1755/1755 1689/1689/1689
f 1755/1755/1755 1754/1754/1754 1689/1689/1689
f 1692/1692/1692 1757/1757/1757 1691/1691/1691
f 1757/1757/1757 1756/1756/1756 1691/1691/1691
f 1693/1693/1693 1758/1758/1758 1692/1692/1692
f 1758/1758/1758 1757/1757/1757 1692/1692/1692
f 1694/1694/1694 1759/1759/1759 1693/1693/1693
f 1759/1759/1759 1758/1758/1758 1693/1693/1693
f 1695/1695/1695 1760/1760/1760 1694/1694/1694
f 1760/1760/1760 1759/1759/1759 1694/1694/1694
f 1696/1696/1696 1761/1761/1761 1695/1695/1695
f 1761/1761/1761 1760/1760/1760 1695/1695/1695
f 1697/1697/1697 1762/1762/1762 1696/1696/1696
f 1762/1762/1762 1761/1761/1761 1696/1696/1696
f 1698/1698/1698 1763/1763/1763 1697/1697/1697
f 1763/1763/1763 1762/1762/1762 1697/1697/1697
f 1699/1699/1699 1764/1764/1764 1698/1698/1698
f 1764/1764/1764 1763/1763/1763 1698/1698/1698
f 1700/1700/1700 1765/1765/1765 1699/1699/1699
f 1765/1765/1765 1764/1764/1764 1699/1699/1699
f 1701/1701/1701 1766/1766/1766 1700/1700/1700
f 1766/1766/1766 1765/1765/1765 1700/1700/1700
f 1702/1702/1702 1767/1767/1767 1701/1701/1701
f 1767/1767/1767 1766/1766/1766 1701/1701/1701
f 1703/1703/1703 1768/1768/1768 1702/1702/1702
f 1768/1768/1768 1767/1767/1767 1702/1702/1702
f 1704/1704/1704 1769/1769/1769 1703/1703/1703
f 1769/1769/1769 1768/1768/1768 1703/1703/1703
f 1705/1705/1705 1770/1770/1770 1704/1704/1704
f 1770/1770/1770 1769/1769/1769 1704/1704/1704
f 1706/1706/1706 1771/1771/1771 1705/1705/1705
f 1771/1771/1771 1770/1770/1770 1705/1705/1705
f 1707/1707/1707 1772/1772/1772 1706/1706/1706
f 1772/1772/1772 1771/1771/1771 1706/1706/1706
f 1708/1708/1708 1773/1773/1773 1707/1707/1707
f 1773/1773/1773 1772/1772/1772 1707/1707/1707
f 1709/1709/1709 1774/1774/1774 1708/1708/1708
f 1774/1774/1774 1773/1773/1773 1708/1708/1708
f 1710/1710/1710 1775/1775/1775 1709/1709/1709
f 1775/1775/1775 1774/1774/1774 1709/1709/1709
f 1711/1711/1711 1776/1776/1776 1710/1710/1710
f 1776/1776/1776 1775/1775/1775 1710/1710/1710
f 1712/1712/1712 1777/1777/1777 1711/1711/1711
f 1777/1777/1777 1776/1776/1776 1711/1711/1711
f 1713/1713/1713 1778/1778/1778 1712/1712/1712
f 1778/1778/1778 1777/1777/1777 1712/1712/1712
f 1714/1714/1714 1779/1779/1779 1713/1713/1713
f 1779/1779/1779 1778/1778/1778 1713/1713/1713
f 1715/1715/1715 1780/1780/1780 1714/1714/1714
f 1780/1780/1780 1779/1779/1779 1714/1714/1714
f 1716/1716/1716 1781/1781/1781 1715/1715/1715
f 1781/1781/1781 1780/1780/1780 1715/1715/1715
f 1717/1717/1717 1782/1782/1782 1716/1716/1716
f 1782/1782/1782 1781/1781/1781 1716/1716/1716
f 1718/1718/1718 1783/1783/1783 1717/1717/1717
f 1783/1783/1783 1782/1782/1782 1717/1717/1717
f 1719/1719/1719 1784/1784/1784 1718/1718/1718
f 1784/1784/1784 1783/1783/1783 1718/1718/1718
f 1720/1720/1720 1785/1785/1785 1719/1719/1719
f 1785/1785/1785 1784/1784/1784 1719/1719/1719
f 1721/1721/1721 1786/1786/1786 1720/1720/1720
f 1786/1786/1786 1785/1785/1785 1720/1720/1720
f 1722/1722/1722 1787/1787/1787 1721/1721/1721
f 1787/1787/1787 1786/1786/1786 1721/1721/1721
f 1723/1723/1723 1788/1788/1788 1722/1722/1722
f 1788/1788/1788 1787/1787/1787 1722/1722/1722
f 1724/1724/1724 1789/1789/1789 1723/1723/1723
f 1789/1789/1789 1788/1788/1788 1723/1723/1723
f 1725/1725/1725 1790/1790/1790 1724/1724/1724
f 1790/1790/1790 1789/1789/1789 1724/1724/1724
f 1726/1726/1726 1791/1791/1791 1725/1725/1725
f 1791/1791/1791 1790/1790/1790 1725/1725/1725
f 1727/1727/1727 1792/1792/1792 1726/1726/1726
f 1792/1792/1792 1791/1791/1791 1726/1726/1726
f 1728/1728/1728 1793/1793/1793 1727/1727/1727
f 1793/1793/1793 1792/1792/1792 1727/1727/1727
f 1729/1729/1729 1794/1794/1794 1728/1728/1728
f 1794/1794/1794 1793/1793/1793 1728/1728/1728
f 1730/1730/1730 1795/1795/1795 1729/1729/1729
f 1795/1795/1795 1794/1794/1794 1729/1729/1729
f 1731/1731/1731 1796/1796/1796 1730/1730/1730
f 1796/1796/1796 1795/1795/1795 1730/1730/1730
f 1732/1732/1732 1797/1797/1797 1731/1731/1731
f 1797/1797/1797 1796/1796/1796 1731/1731/1731
f 1733/1733/1733 1798/1798/1798 1732/1732/1732
f 1798/1798/1798 1797/1797/1797 1732/1732/1732
f 1734/1734/1734 1799/1799/1799 1733/1733/1733
f 1799/1799/1799 1798/1798/1798 1733/1733/1733
f 1735/1735/1735 1800/1800/1800 1734/1734/1734
f 1800/1800/1800 1799/1799/1799 1734/1734/1734
f 1736/1736/1736 1801/1801/1801 1735/1735/1735
f 1801/1801/1801 1800/1800/1800 1735/1735/1735
f 1737/1737/1737 1802/1802/1802 1736/1736/1736
f 1802/1802/1802 1801/1801/1801 1736/1736/1736
f 1738/1738/1738 1803/1803/1803 1737/1737/1737
f 1803/1803/1803 1802/1802/1802 1737/1737/1737
f 1739/1739/1739 1804/1804/1804 1738/1738/1738
f 1804/1804/1804 1803/1803/1803 1738/1738/1738
f 1740/1740/1740 1805/1805/1805 1739/1739/1739
f 1805/1805/1805 1804/1804/1804 1739/1739/1739
f 1741/1741/1741 1806/1806/1806 1740/1740/1740
f 1806/1806/1806 1805/1805/1805 1740/1740/1740
f 1742/1742/1742 1807/1807/1807 1741/1741/1741
f 1807/1807/1807 1806/1806/1806 1741/1741/1741
f 1743/1743/1743 1808/1808/1808 1742/1742/1742
f 1808/1808/1808 1807/1807/1807 1742/1742/1742
f 1744/1744/1744 1809/1809/1809 1743/1743/1743
f 1809/1809/1809 1808/1808/1808 1743/1743/1743
f 1745/1745/1745 1810/1810/1810 1744/1744/1744
f 1810/1810/1810 1809/1809/1809 1744/1744/1744
f 1746/1746/1746 1811/1811/1811 1745/1745/1745
f 1811/1811/1811 1810/1810/1810 1745/1745/1745
f 1747/1747/1747 1812/1812/1812 1746/1746/1746
f 1812/1812/1812 1811/1811/1811 1746/1746/1746
f 1748/1748/1748 1813/1813/1813 1747/1747/1747
f 1813/1813/1813 1812/1812/1812 1747/1747/1747
f 1749/1749/1749 1814/1814/1814 1748/1748/1748
f 1814/1814/1814 1813/1813/1813 1748/1748/1748
f 1750/1750/1750 1815/1815/1815 1749/1749/1749
f 1815/1815/1815 1814/1814/1814 1749/1749/1749
f 1751/1751/1751 1816/1816/1816 1750/1750/1750
f 1816/1816/1816 1815/1815/1815 1750/1750/1750
f 1752/1752/1752 1817/1817/1817 1751/1751/1751
f 1817/1817/1817 1816/1816/1816 1751/1751/1751
f 1753/1753/1753 1818/1818/1818 1752/1752/1752
f 1818/1818/1818 1817/1817/1817 1752/1752/1752
f 1754/1754/1754 1819/1819/1819 1753/1753/1753
f 1819/1819/1819 1818/1818/1818 1753/1753/1753
f 1755/1755/1755 1820/1820/1820 1754/1754/1754
f 1820/1820/1820 1819/1819/1819 1754/1754/1754
f 1757/1757/1757 1822/1822/1822 1756/1756/1756
f 1822/1822/1822 1821/1821/1821 1756/1756/1756
f 1758/1758/1758 1823/1823/1823 1757/1757/1757
f 1823/1823/1823 1822/1822/1822 1757/1757/1757
f 1759/1759/1759 1824/1824/1824 1758/1758/1758
f 1824/1824/1824 1823/1823/1823 1758/1758/1758
f 1760/1760/1760 1825/1825/1825 1759/1759/1759
f 1825/1825/1825 1824/1824/1824 1759/1759/1759
f 1761/1761/1761 1826/1826/1826 1760/1760/1760
f 1826/1826/1826 1825/1825/1825 1760/1760/1760
f 1762/1762/1762 1827/1827/1827 1761/1761/1761
f 1827/1827/1827 1826/1826/1826 1761/1761/1761
f 1763/1763/1763 1828/1828/1828 1762/1762/1762
f 1828/1828/1828 1827/1827/1827 1762/1762/1762
f 1764/1764/1764 1829/1829/1829 1763/1763/1763
f 1829/1829/1829 1828/1828/1828 1763/1763/1763
f 1765/1765/1765 1830/1830/1830 1764/1764/1764
f 1830/1830/1830 1829/1829/1829 1764/1764/1764
f 1766/1766/1766 1831/1831/1831 1765/1765/1765
f 1831/1831/1831 1830/1830/1830 1765/1765/1765
f 1767/1767/1767 1832/1832/1832 1766/1766/1766
f 1832/1832/1832 1831/1831/1831 1766/1766/1766
f 1768/1768/1768 1833/1833/1833 1767/1767/1767
f 1833/1833/1833 1832/1832/1832 1767/1767/1767
f 1769/1769/1769 1834/1834/1834 1768/1768/1768
f 1834/1834/1834 1833/1833/1833 1768/1768/1768
f 1770/1770/1770 1835/1835/1835 1769/1769/1769
f 1835/1835/1835 1834/1834/1834 1769/1769/1769
f 1771/1771/1771 1836/1836/1836 1770/1770/1770
f 1836/1836/1836 1835/1835/1835 1770/1770/1770
f 1772/1772/1772 1837/1837/1837 1771/1771/1771
f 1837/1837/1837 1836/1836/1836 1771/1771/1771
f 1773/1773/1773 1838/1838/1838 1772/1772/1772
f 1838/1838/1838 1837/1837/1837 1772/1772/1772
f 1774/1774/1774 1839/1839/1839 1773/1773/1773
f 1839/1839/1839 1838/1838/1838 1773/1773/1773
f 1775/1775/1775 1840/1840/1840 1774/1774/1774
f 1840/1840/1840 1839/1839/1839 1774/1774/1774
f 1776/1776/1776 1841/1841/1841 1775/1775/1775
f 1841/1841/1841 1840/1840/1840 1775/1775/1775
f 1777/1777/1777 1842/1842/1842 1776/1776/1776
f 1842/1842/1842 1841/1841/1841 1776/1776/1776
f 1778/1778/1778 1843/1843/1843 1777/1777/1777
f 1843/1843/1843 1842/1842/1842 1777/1777/1777
f 1779/1779/1779 1844/1844/1844 1778/1778/1778
f 1844/1844/1844 1843/1843/1843 1778/1778/1778
f 1780/1780/1780 1845/1845/1845 1779/1779/1779
f 1845/1845/1845 1844/1844/1844 1779/1779/1779
f 1781/1781/1781 1846/1846/1846 1780/1780/1780
f 1846/1846/1846 1845/1845/1845 1780/1780/1780
f 1782/1782/1782 1847/1847/1847 1781/1781/1781
f 1847/1847/1847 1846/1846/1846 1781/1781/1781
f 1783/1783/1783 1848/1848/1848 1782/1782/1782
f 1848/1848/1848 1847/1847/1847 1782/1782/1782
f 1784/1784/1784 1849/1849/1849 1783/1783/1783
f 1849/1849/1849 1848/1848/1848 1783/1783/1783
f 1785/1785/1785 1850/1850/1850 1784/1784/1784
f 1850/1850/1850 1849/1849/1849 1784/1784/1784
f 1786/1786/1786 1851/1851/1851 1785/1785/1785
f 1851/1851/1851 1850/1850/1850 1785/1785/1785
f 1787/1787/1787 1852/1852/1852 1786/1786/1786
f 1852/1852/1852 1851/1851/1851 1786/1786/1786
f 1788/1788/1788 1853/1853/1853 1787/1787/1787
f 1853/1853/1853 1852/1852/1852 1787/1787/1787
f 1789/1789/1789 1854/1854/1854 1788/1788/1788
f 1854/1854/1854 1853/1853/1853 1788/1788/1788
f 1790/1790/1790 1855/1855/1855 1789/1789/1789
f 1855/1855/1855 1854/1854/1854 1789/1789/1789
f 1791/1791/1791 1856/1856/1856 1790/1790/1790
f 1856/1856/1856 1855/1855/1855 1790/1790/1790
f 1792/1792/1792 1857/1857/1857 1791/1791/1791
f 1857/1857/1857 1856/1856/1856 1791/1791/1791
f 1793/1793/1793 1858/1858/1858 1792/1792/1792
f 1858/1858/1858 1857/1857/1857 1792/1792/1792
f 1794/1794/1794 1859/1859/1859 1793/1793/1793
f 1859/1859/1859 1858/1858/1858 1793/1793/1793
f 1795/1795/1795 1860/1860/1860 1794/1794/1794
f 1860/1860/1860 1859/1859/1859 1794/1794/1794
f 1796/1796/1796 1861/1861/1861 1795/1795/1795
f 1861/1861/1861 1860/1860/1860 1795/1795/1795
f 1797/1797/1797 1862/1862/1862 1796/1796/1796
f 1862/1862/1862 1861/1861/1861 1796/1796/1796
f 1798/1798/1798 1863/1863/1863 1797/1797/1797
f 1863/1863/1863 1862/1862/1862 1797/1797/1797
f 1799/1799/1799 1864/1864/1864 1798/1798/1798
f 1864/1864/1864 1863/1863/1863 1798/1798/1798
f 1800/1800/1800 1865/1865/1865 1799/1799/1799
f 1865/1865/1865 1864/1864/1864 1799/1799/1799
f 1801/1801/1801 1866/1866/1866 1800/1800/1800
f 1866/1866/1866 1865/1865/1865 1800/1800/1800
f 1802/1802/1802 1867/1867/1867 1801/1801/1801
f 1867/1867/1867 1866/1866/1866 1801/1801/1801
f 1803/1803/1803 1868/1868/1868 1802/1802/1802
f 1868/1868/1868 1867/1867/1867 1802/1802/1802
f 1804/1804/1804 1869/1869/1869 1803/1803/1803
f 1869/1869/1869 1868/1868/1868 1803/1803/1803
f 1805/1805/1805 1870/1870/1870 1804/1804/1804
f 1870/1870/1870 1869/1869/1869 1804/1804/1804
f 1806/1806/1806 1871/1871/1871 1805/1805/1805
f 1871/1871/1871 1870/1870/1870 1805/1805/1805
f 1807/1807/1807 1872/1872/1872 1806/1806/1806
f 1872/1872/1872 1871/1871/1871 1806/1806/1806
f 1808/1808/1808 1873/1873/1873 1807/1807/1807
f 1873/1873/1873 1872/1872/1872 1807/1807/1807
f 1809/1809/1809 1874/1874/1874 1808/1808/1808
f 1874/1874/1874 1873/1873/1873 1808/1808/1808
f 1810/1810/1810 1875/1875/1875 1809/1809/1809
f 1875/1875/1875 1874/1874/1874 1809/1809/1809
f 1811/1811/1811 1876/1876/1876 1810/1810/1810
f 1876/1876/1876 1875/1875/1875 1810/1810/1810
f 1812/1812/1812 1877/1877/1877 1811/1811/1811
f 1877/1877/1877 1876/1876/1876 1811/1811/1811
f 1813/1813/1813 1878/1878/1878 1812/1812/1812
f 1878/1878/1878 1877/1877/1877 1812/1812/1812
f 1814/1814/1814 1879/1879/1879 1813/1813/1813
f 1879/1879/1879 1878/1878/1878 1813/1813/1813
f 1815/1815/1815 1880/1880/1880 1814/1814/1814
f 1880/1880/1880 1879/1879/1879 1814/1814/1814
f 1816/1816/1816 1881/1881/1881 1815/1815/1815
f 1881/1881/1881 1880/1880/1880 1815/1815/1815
f 1817/1817/1817 1882/1882/1882 1816/1816/1816
f 1882/1882/1882 1881/1881/1881 1816/1816/1816
f 1818/1818/1818 1883/1883/1883 1817/1817/1817
f 1883/1883/1883 1882/1882/1882 1817/1817/1817
f 1819/1819/1819 1884/1884/1884 1818/1818/1818
f 1884/1884/1884 1883/1883/1883 1818/1818/1818
f 1820/1820/1820 1885/1885/1885 1819/1819/1819
f 1885/1885/1885 1884/1884/1884 1819/1819/1819
f 1822/1822/1822 1887/1887/1887 1821/1821/1821
f 1887/1887/1887 1886/1886/1886 1821/1821/1821
f 1823/1823/1823 1888/1888/1888 1822/1822/1822
f 1888/1888/1888 1887/1887/1887 1822/1822/1822
f 1824/1824/1824 1889/1889/1889 1823/1823/1823
f 1889/1889/1889 1888/1888/1888 1823/1823/1823
f 1825/1825/1825 1890/1890/1890 1824/1824/1824
f 1890/1890/1890 1889/1889/1889 1824/1824/1824
f 1826/1826/1826 1891/1891/1891 1825/1825/1825
f 1891/1891/1891 1890/1890/1890 1825/1825/1825
f 1827/1827/1827 1892/1892/1892 1826/1826/1826
f 1892/1892/1892 1891/1891/1891 1826/1826/1826
f 1828/1828/1828 1893/1893/1893 1827/1827/1827
f 1893/1893/1893 1892/1892/1892 1827/1827/1827
f 1829/1829/1829 1894/1894/1894 1828/1828/1828
f 1894/1894/1894 1893/1893/1893 1828/1828/1828
f 1830/1830/1830 1895/1895/1895 1829/1829/1829
f 1895/1895/1895 1894/1894/1894 1829/1829/1829
f 1831/1831/1831 1896/1896/1896 1830/1830/1830
f 1896/1896/1896 1895/1895/1895 1830/1830/1830
f 1832/1832/1832 1897/1897/1897 1831/1831/1831
f 1897/1897/1897 1896/1896/1896 1831/1831/1831
f 1833/1833/1833 1898/1898/1898 1832/1832/1832
f 1898/1898/1898 1897/1897/1897 1832/1832/1832
f 1834/1834/1834 1899/1899/1899 1833/1833/1833
f 1899/1899/1899 1898/1898/1898 1833/1833/1833
f 1835/1835/1835 1900/1900/1900 1834/1834/1834
f 1900/1900/1900 1899/1899/1899 1834/1834/1834
f 1836/1836/1836 1901/1901/1901 1835/1835/1835
f 1901/1901/1901 1900/1900/1900 1835/1835/1835
f 1837/1837/1837 1902/1902/1902 1836/1836/1836
f 1902/1902/1902 1901/1901/1901 1836/1836/1836
f 1838/1838/1838 1903/1903/1903 1837/1837/1837
f 1903/1903/1903 1902/1902/1902 1837/1837/1837
f 1839/1839/1839 1904/1904/1904 1838/1838/1838
f 1904/1904/1904 1903/1903/1903 1838/1838/1838
f 1840/1840/1840 1905/1905/1905 1839/1839/1839
f 1905/1905/1905 1904/1904/1904 1839/1839/1839
f 1841/1841/1841 1906/1906/1906 1840/1840/1840
f 1906/1906/1906 1905/1905/1905 1840/1840/1840
f 1842/1842/1842 1907/1907/1907 1841/1841/1841
f 1907/1907/1907 1906/1906/1906 1841/1841/1841
f 1843/1843/1843 1908/1908/1908 1842/1842/1842
f 1908/1908/1908 1907/1907/1907 1842/1842/1842
f 1844/1844/1844 1909/1909/1909 1843/1843/1843
f 1909/1909/1909 1908/1908/1908 1843/1843/1843
f 1845/1845/1845 1910/1910/1910 1844/1844/1844
f 1910/1910/1910 1909/1909/1909 1844/1844/1844
f 1846/1846/1846 1911/1911/1911 1845/1845/1845
f 1911/1911/1911 1910/1910/1910 1845/1845/1845
f 1847/1847/1847 1912/1912/1912 1846/1846/1846
f 1912/1912/1912 1911/1911/1911 1846/1846/1846
f 1848/1848/1848 1913/1913/1913 1847/1847/1847
f 1913/1913/1913 1912/1912/1912 1847/1847/1847
f 1849/1849/1849 1914/1914/1914 1848/1848/1848
f 1914/1914/1914 1913/1913/1913 1848/1848/1848
f 1850/1850/1850 1915/1915/1915 1849/1849/1849
f 1915/1915/1915 1914/1914/1914 1849/1849/1849
f 1851/1851/1851 1916/1916/1916 1850/1850/1850
f 1916/1916/1916 1915/1915/1915 1850/1850/1850
f 1852/1852/1852 1917/1917/1917 1851/1851/1851
f 1917/1917/1917 1916/1916/1916 1851/1851/1851
f 1853/1853/1853 1918/1918/1918 1852/1852/1852
f 1918/1918/1918 1917/1917/1917 1852/1852/1852
f 1854/1854/1854 1919/1919/1919 1853/1853/1853
f 1919/1919/1919 1918/1918/1918 1853/1853/1853
f 1855/1855/1855 1920/1920/1920 1854/1854/1854
f 1920/1920/1920 1919/1919/1919 1854/1854/1854
f 1856/1856/1856 1921/1921/1921 1855/1855/1855
f 1921/1921/1921 1920/1920/1920 1855/1855/1855
f 1857/1857/1857 1922/1922/1922 1856/1856/1856
f 1922/1922/1922 1921/1921/1921 1856/1856/1856
f 1858/1858/1858 1923/1923/1923 1857/1857/1857
f 1923/1923/1923 1922/1922/1922 1857/1857/1857
f 1859/1859/1859 1924/1924/1924 1858/1858/1858
f 1924/1924/1924 1923/1923/1923 1858/1858/1858
f 1860/1860/1860 1925/1925/1925 1859/1859/1859
f 1925/1925/1925 1924/1924/1924 1859/1859/1859
f 1861/1861/1861 1926/1926/1926 1860/1860/1860
f 1926/1926/1926 1925/1925/1925 1860/1860/1860
f 1862/1862/1862 1927/1927/1927 1861/1861/1861
f 1927/1927/1927 1926/1926/1926 1861/1861/1861
f 1863/1863/1863 1928/1928/1928 1862/1862/1862
f 1928/1928/1928 1927/1927/1927 1862/1862/1862
f 1864/1864/1864 1929/1929/1929 1863/1863/1863
f 1929/1929/1929 1928/1928/1928 1863/1863/1863
f 1865/1865/1865 1930/1930/1930 1864/1864/1864
f 1930/1930/1930 1929/1929/1929 1864/1864/1864
f 1866/1866/1866 1931/1931/1931 1865/1865/1865
f 1931/1931/1931 1930/1930/1930 1865/1865/1865
f 1867/1867/1867 1932/1932/1932 1866/1866/1866
f 1932/1932/1932 1931/1931/1931 1866/1866/1866
f 1868/1868/1868 1933/1933/1933 1867/1867/1867
f 1933/1933/1933 1932/1932/1932 1867/1867/1867
f 1869/1869/1869 1934/1934/1934 1868/1868/1868
f 1934/1934/1934 1933/1933/1933 1868/1868/1868
f 1870/1870/1870 1935/1935/1935 1869/1869/1869
f 1935/1935/1935 1934/1934/1934 1869/1869/1869
f 1871/1871/1871 1936/1936/1936 1870/1870/1870
f 1936/1936/1936 1935/1935/1935 1870/1870/1870
f 1872/1872/1872 1937/1937/1937 1871/1871/1871
f 1937/1937/1937 1936/1936/1936 1871/1871/1871
f 1873/1873/1873 1938/1938/1938 1872/1872/1872
f 1938/1938/1938 1937/1937/1937 1872/1872/1872
f 1874/1874/1874 1939/1939/1939 1873/1873/1873
f 1939/1939/1939 1938/1938/1938 1873/1873/1873
f 1875/1875/1875 1940/1940/1940 1874/1874/1874
f 1940/1940/1940 1939/1939/1939 1874/1874/1874
f 1876/1876/1876 1941/1941/1941 1875/1875/1875
f 1941/1941/1941 1940/1940/1940 1875/1875/1875
f 1877/1877/1877 1942/1942/1942 1876/1876/1876
f 1942/1942/1942 1941/1941/1941 1876/1876/1876
f 1878/1878/1878 1943/1943/1943 1877/1877/1877
f 1943/1943/1943 1942/1942/1942 1877/1877/1877
f 1879/1879/1879 1944/1944/1944 1878/1878/1878
f 1944/1944/1944 1943/1943/1943 1878/1878/1878
f 1880/1880/1880 1945/1945/1945 1879/1879/1879
f 1945/1945/1945 1944/1944/1944 1879/1879/1879
f 1881/1881/1881 1946/1946/1946 1880/1880/1880
f 1946/1946/1946 1945/1945/1945 1880/1880/1880
f 1882/1882/1882 1947/1947/1947 1881/1881/1881
f 1947/1947/1947 1946/1946/1946 1881/1881/1881
f 1883/1883/1883 1948/1948/1948 1882/1882/1882
f 1948/1948/1948 1947/1947/1947 1882/1882/1882
f 1884/1884/1884 1949/1949/1949 1883/1883/1883
f 1949/1949/1949 1948/1948/1948 1883/1883/1883
f 1885/1885/1885 1950/1950/1950 1884/1884/1884
f 1950/1950/1950 1949/1949/1949 1884/1884/1884
f 1887/1887/1887 1952/1952/1952 1886/1886/1886
f 1952/1952/1952 1951/1951/1951 1886/1886/1886
f 1888/1888/1888 1953/1953/1953 1887/1887/1887
f 1953/1953/1953 1952/1952/1952 1887/1887/1887
f 1889/1889/1889 1954/1954/1954 1888/1888/1888
f 1954/1954/1954 1953/1953/1953 1888/1888/1888
f 1890/1890/1890 1955/1955/1955 1889/1889/1889
f 1955/1955/1955 1954/1954/1954 1889/1889/1889
f 1891/1891/1891 1956/1956/1956 1890/1890/1890
f 1956/1956/1956 1955/1955/1955 1890/1890/1890
f 1892/1892/1892 1957/1957/1957 1891/1891/1891
f 1957/1957/1957 1956/1956/1956 1891/1891/1891
f 1893/1893/1893 1958/1958/1958 1892/1892/1892
f 1958/1958/1958 1957/1957/1957 1892/1892/1892
f 1894/1894/1894 1959/1959/1959 1893/1893/1893
f 1959/1959/1959 1958/1958/1958 1893/1893/1893
f 1895/1895/1895 1960/1960/1960 1894/1894/1894
f 1960/1960/1960 1959/1959/1959 1894/1894/1894
f 1896/1896/1896 1961/1961/1961 1895/1895/1895
f 1961/1961/1961 1960/1960/1960 1895/1895/1895
f 1897/1897/1897 1962/1962/1962 1896/1896/1896
f 1962/1962/1962 1961/1961/1961 1896/1896/1896
f 1898/1898/1898 1963/1963/1963 1897/1897/1897
f 1963/1963/1963 1962/1962/1962 1897/1897/1897
f 1899/1899/1899 1964/1964/1964 1898/1898/1898
f 1964/1964/1964 1963/1963/1963 1898/1898/1898
f 1900/1900/1900 1965/1965/1965 1899/1899/1899
f 1965/1965/1965 1964/1964/1964 1899/1899/1899
f 1901/1901/1901 1966/1966/1966 1900/1900/1900
f 1966/1966/1966 1965/1965/1965 1900/1900/1900
f 1902/1902/1902 1967/1967/1967 1901/1901/1901
f 1967/1967/1967 1966/1966/1966 1901/1901/1901
f 1903/1903/1903 1968/1968/1968 1902/1902/1902
f 1968/1968/1968 1967/1967/1967 1902/1902/1902
f 1904/1904/1904 1969/1969/1969 1903/1903/1903
f 1969/1969/1969 1968/1968/1968 1903/1903/1903
f 1905/1905/1905 1970/1970/1970 1904/1904/1904
f 1970/1970/1970 1969/1969/1969 1904/1904/1904
f 1906/1906/1906 1971/1971/1971 1905/1905/1905
f 1971/1971/1971 1970/1970/1970 1905/1905/1905
f 1907/1907/1907 1972/1972/1972 1906/1906/1906
f 1972/1972/1972 1971/1971/1971 1906/1906/1906
f 1908/1908/1908 1973/1973/1973 1907/1907/1907
f 1973/1973/1973 1972/1972/1972 1907/1907/1907
f 1909/1909/1909 1974/1974/1974 1908/1908/1908
f 1974/1974/1974 1973/1973/1973 1908/1908/1908
f 1910/1910/1910 1975/1975/1975 1909/1909/1909
f 1975/1975/1975 1974/1974/1974 1909/1909/1909
f 1911/1911/1911 1976/1976/1976 1910/1910/1910
f 1976/1976/1976 1975/1975/1975 1910/1910/1910
f 1912/1912/1912 1977/1977/1977 1911/1911/1911
f 1977/1977/1977 1976/1976/1976 1911/1911/1911
f 1913/1913/1913 1978/1978/1978 1912/1912/1912
f 1978/1978/1978 1977/1977/1977 1912/1912/1912
f 1914/1914/1914 1979/1979/1979 1913/1913/1913
f 1979/1979/1979 1978/1978/1978 1913/1913/1913
f 1915/1915/1915 1980/1980/1980 1914/1914/1914
f 1980/1980/1980 1979/1979/1979 1914/1914/1914
f 1916/1916/1916 1981/1981/1981 1915/1915/1915
f 1981/1981/1981 1980/1980/1980 1915/1915/1915
f 1917/1917/1917 1982/1982/1982 1916/1916/1916
f 1982/1982/1982 1981/1981/1981 1916/1916/1916
f 1918/1918/1918 1983/1983/1983 1917/1917/1917
f 1983/1983/1983 1982/1982/1982 1917/1917/1917
f 1919/1919/1919 1984/1984/1984 1918/1918/1918
f 1984/1984/1984 1983/1983/1983 1918/1918/1918
f 1920/1920/1920 1985/1985/1985 1919/1919/1919
f 1985/1985/1985 1984/1984/1984 1919/1919/1919
f 1921/1921/1921 1986/1986/1986 1920/1920/1920
f 1986/1986/1986 1985/1985/1985 1920/1920/1920
f 1922/1922/1922 1987/1987/1987 1921/1921/1921
f 1987/1987/1987 1986/1986/1986 1921/1921/1921
f 1923/1923/1923 1988/1988/1988 1922/1922/1922
f 1988/1988/1988 1987/1987/1987 1922/1922/1922
f 1924/1924/1924 1989/1989/1989 1923/1923/1923
f 1989/1989/1989 1988/1988/1988 1923/1923/1923
f 1925/1925/1925 1990/1990/1990 1924/1924/1924
f 1990/1990/1990 1989/1989/1989 1924/1924/1924
f 1926/1926/1926 1991/1991/1991 1925/1925/1925
f 1991/1991/1991 1990/1990/1990 1925/1925/1925
f 1927/1927/1927 1992/1992/1992 1926/1926/1926
f 1992/1992/1992 1991/1991/1991 1926/1926/1926
f 1928/1928/1928 1993/1993/1993 1927/1927/1927
f 1993/1993/1993 1992/1992/1992 1927/1927/1927
f 1929/1929/1929 1994/1994/1994 1928/1928/1928
f 1994/1994/1994 1993/1993/1993 1928/1928/1928
f 1930/1930/1930 1995/1995/1995 1929/1929/1929
f 1995/1995/1995 1994/1994/1994 1929/1929/1929
f 1931/1931/1931 1996/1996/1996 1930/1930/1930
f 1996/1996/1996 1995/1995/1995 1930/1930/1930
f 1932/1932/1932 1997/1997/1997 1931/1931/1931
f 1997/1997/1997 1996/1996/1996 1931/1931/1931
f 1933/1933/1933 1998/1998/1998 1932/1932/1932
f 1998/1998/1998 1997/1997/1997 1932/1932/1932
f 1934/1934/1934 1999/1999/1999 1933/1933/1933
f 1999/1999/1999 1998/1998/1998 1933/1933/1933
f 1935/1935/1935 2000/2000/2000 1934/1934/1934
f 2000/2000/2000 1999/1999/1999 1934/1934/1934
f 1936/1936/1936 2001/2001/2001 1935/1935/1935
f 2001/2001/2001 2000/2000/2000 1935/1935/1935
f 1937/1937/1937 2002/2002/2002 1936/1936/1936
f 2002/2002/2002 2001/2001/2001 1936/1936/1936
f 1938/1938/1938 2003/2003/2003 1937/1937/1937
f 2003/2003/2003 2002/2002/2002 1937/1937/1937
f 1939/1939/1939 2004/2004/2004 1938/1938/1938
f 2004/2004/2004 2003/2003/2003 1938/1938/1938
f 1940/1940/1940 2005/2005/2005 1939/1939/1939
f 2005/2005/2005 2004/2004/2004 1939/1939/1939
f 1941/1941/1941 2006/2006/2006 1940/1940/1940
f 2006/2006/2006 2005/2005/2005 1940/1940/1940
f 1942/1942/1942 2007/2007/2007 1941/1941/1941
f 2007/2007/2007 2006/2006/2006 1941/1941/1941
f 1943/1943/1943 2008/2008/2008 1942/1942/1942
f 2008/2008/2008 2007/2007/2007 1942/1942/1942
f 1944/1944/1944 2009/2009/2009 1943/1943/1943
f 2009/2009/2009 2008/2008/2008 1943/1943/1943
f 1945/1945/1945 2010/2010/2010 1944/1944/1944
f 2010/2010/2010 2009/2009/2009 1944/1944/1944
f 1946/1946/1946 2011/2011/2011 1945/1945/1945
f 2011/2011/2011 2010/2010/2010 1945/1945/1945
f 1947/1947/1947 2012/2012/2012 1946/1946/1946
f 2012/2012/2012 2011/2011/2011 1946/1946/1946
f 1948/1948/1948 2013/2013/2013 1947/1947/1947
f 2013/2013/2013 2012/2012/2012 1947/1947/1947
f 1949/1949/1949 2014/2014/2014 1948/1948/1948
f 2014/2014/2014 2013/2013/2013 1948/1948/1948
f 1950/1950/1950 2015/2015/2015 1949/1949/1949
f 2015/2015/2015 2014/2014/2014 1949/1949/1949
f 1952/1952/1952 2017/2017/2017 1951/1951/1951
f 2017/2017/2017 2016/2016/2016 1951/1951/1951
f 1953/1953/1953 2018/2018/2018 1952/1952/1952
f 2018/2018/2018 2017/2017/2017 1952/1952/1952
f 1954/1954/1954 2019/2019/2019 1953/1953/1953
f 2019/2019/2019 2018/2018/2018 1953/1953/1953
f 1955/1955/1955 2020/2020/2020 1954/1954/1954
f 2020/2020/2020 2019/2019/2019 1954/1954/1954
f 1956/1956/1956 2021/2021/2021 1955/1955/1955
f 2021/2021/2021 2020/2020/2020 1955/1955/1955
f 1957/1957/1957 2022/2022/2022 1956/1956/1956
f 2022/2022/2022 2021/2021/2021 1956/1956/1956
f 1958/1958/1958 2023/2023/2023 1957/1957/1957
f 2023/2023/2023 2022/2022/2022 1957/1957/1957
f 1959/1959/1959 2024/2024/2024 1958/1958/1958
f 2024/2024/2024 2023/2023/2023 1958/1958/1958
f 1960/1960/1960 2025/2025/2025 1959/1959/1959
f 2025/2025/2025 2024/2024/2024 1959/1959/1959
f 1961/1961/1961 2026/2026/2026 1960/1960/1960
f 2026/2026/2026 2025/2025/2025 1960/1960/1960
f 1962/1962/1962 2027/2027/2027 1961/1961/1961
f 2027/2027/2027 2026/2026/2026 1961/1961/1961
f 1963/1963/1963 2028/2028/2028 1962/1962/1962
f 2028/2028/2028 2027/2027/2027 1962/1962/1962
f 1964/1964/1964 2029/2029/2029 1963/1963/1963
f 2029/2029/2029 2028/2028/2028 1963/1963/1963
f 1965/1965/1965 2030/2030/2030 1964/1964/1964
f 2030/2030/2030 2029/2029/2029 1964/1964/1964
f 1966/1966/1966 2031/2031/2031 1965/1965/1965
f 2031/2031/2031 2030/2030/2030 1965/1965/1965
f 1967/1967/1967 2032/2032/2032 1966/1966/1966
f 2032/2032/2032 2031/2031/2031 1966/1966/1966
f 1968/1968/1968 2033/2033/2033 1967/1967/1967
f 2033/2033/2033 2032/2032/2032 1967/1967/1967
f 1969/1969/1969 2034/2034/2034 1968/1968/1968
f 2034/2034/2034 2033/2033/2033 1968/1968/1968
f 1970/1970/1970 2035/2035/2035 1969/1969/1969
f 2035/2035/2035 2034/2034/2034 1969/1969/1969
f 1971/1971/1971 2036/2036/2036 1970/1970/1970
f 2036/2036/2036 2035/2035/2035 1970/1970/1970
f 1972/1972/1972 2037/2037/2037 1971/1971/1971
f 2037/2037/2037 2036/2036/2036 1971/1971/1971
f 1973/1973/1973 2038/2038/2038 1972/1972/1972
f 2038/2038/2038 2037/2037/2037 1972/1972/1972
f 1974/1974/1974 2039/2039/2039 1973/1973/1973
f 2039/2039/2039 2038/2038/2038 1973/1973/1973
f 1975/1975/1975 2040/2040/2040 1974/1974/1974
f 2040/2040/2040 2039/2039/2039 1974/1974/1974
f 1976/1976/1976 2041/2041/2041 1975/1975/1975
f 2041/2041/2041 2040/2040/2040 1975/1975/1975
f 1977/1977/1977 2042/2042/2042 1976/1976/1976
f 2042/2042/2042 2041/2041/2041 1976/1976/1976
f 1978/1978/1978 2043/2043/2043 1977/1977/1977
f 2043/2043/2043 2042/2042/2042 1977/1977/1977
f 1979/1979/1979 2044/2044/2044 1978/1978/1978
f 2044/2044/2044 2043/2043/2043 1978/1978/1978
f 1980/1980/1980 2045/2045/2045 1979/1979/1979
f 2045/2045/2045 2044/2044/2044 1979/1979/1979
f 1981/1981/1981 2046/2046/2046 1980/1980/1980
f 2046/2046/2046 2045/2045/2045 1980/1980/1980
f 1982/1982/1982 2047/2047/2047 1981/1981/1981
f 2047/2047/2047 2046/2046/2046 1981/1981/1981
f 1983/1983/1983 2048/2048/2048 1982/1982/1982
f 2048/2048/2048 2047/2047/2047 1982/1982/1982
f 1984/1984/1984 2049/2049/2049 1983/1983/1983
f 2049/2049/2049 2048/2048/2048 1983/1983/1983
f 1985/1985/1985 2050/2050/2050 1984/1984/1984
f 2050/2050/2050 2049/2049/2049 1984/1984/1984
f 1986/1986/1986 2051/2051/2051 1985/1985/1985
f 2051/2051/2051 2050/2050/2050 1985/1985/1985
f 1987/1987/1987 2052/2052/2052 1986/1986/1986
f 2052/2052/2052 2051/2051/2051 1986/1986/1986
f 1988/1988/1988 2053/2053/2053 1987/1987/1987
f 2053/2053/2053 2052/2052/2052 1987/1987/1987
f 1989/1989/1989 2054/2054/2054 1988/1988/1988
f 2054/2054/2054 2053/2053/2053 1988/1988/1988
f 1990/1990/1990 2055/2055/2055 1989/1989/1989
f 2055/2055/2055 2054/2054/2054 1989/1989/1989
f 1991/1991/1991 2056/2056/2056 1990/1990/1990
f 2056/2056/2056 2055/2055/2055 1990/1990/1990
f 1992/1992/1992 2057/2057/2057 1991/1991/1991
f 2057/2057/2057 2056/2056/2056 1991/1991/1991
f 1993/1993/1993 2058/2058/2058 1992/1992/1992
f 2058/2058/2058 2057/2057/2057 1992/1992/1992
f 1994/1994/1994 2059/2059/2059 1993/1993/1993
f 2059/2059/2059 2058/2058/2058 1993/1993/1993
f 1995/1995/1995 2060/2060/2060 1994/1994/1994
f 2060/2060/2060 2059/2059/2059 1994/1994/1994
f 1996/1996/1996 2061/2061/2061 1995/1995/1995
f 2061/2061/2061 2060/2060/2060 1995/1995/1995
f 1997/1997/1997 2062/2062/2062 1996/1996/1996
f 2062/2062/2062 2061/2061/2061 1996/1996/1996
f 1998/1998/1998 2063/2063/2063 1997/1997/1997
f 2063/2063/2063 2062/2062/2062 1997/1997/1997
f 1999/1999/1999 2064/2064/2064 1998/1998/1998
f 2064/2064/2064 2063/2063/2063 1998/1998/1998
f 2000/2000/2000 2065/2065/2065 1999/1999/1999
f 2065/2065/2065 2064/2064/2064 1999/1999/1999
f 2001/2001/2001 2066/2066/2066 2000/2000/2000
f 2066/2066/2066 2065/2065/2065 2000/2000/2000
f 2002/2002/2002 2067/2067/2067 2001/2001/2001
f 2067/2067/2067 2066/2066/2066 2001/2001/2001
f 2003/2003/2003 2068/2068/2068 2002/2002/2002
f 2068/2068/2068 2067/2067/2067 2002/2002/2002
f 2004/2004/2004 2069/2069/2069 2003/2003/2003
f 2069/2069/2069 2068/2068/2068 2003/2003/2003
f 2005/2005/2005 2070/2070/2070 2004/2004/2004
f 2070/2070/2070 2069/2069/2069 2004/2004/2004
f 2006/2006/2006 2071/2071/2071 2005/2005/2005
f 2071/2071/2071 2070/2070/2070 2005/2005/2005
f 2007/2007/2007 2072/2072/2072 2006/2006/2006
f 2072/2072/2072 2071/2071/2071 2006/2006/2006
f 2008/2008/2008 2073/2073/2073 2007/2007/2007
f 2073/2073/2073 2072/2072/2072 2007/2007/2007
f 2009/2009/2009 2074/2074/2074 2008/2008/2008
f 2074/2074/2074 2073/2073/2073 2008/2008/2008
f 2010/2010/2010 2075/2075/2075 2009/2009/2009
f 2075/2075/2075 2074/2074/2074 2009/2009/2009
f 2011/2011/2011 2076/2076/2076 2010/2010/2010
f 2076/2076/2076 2075/2075/2075 2010/2010/2010
f 2012/2012/2012 2077/2077/2077 2011/2011/2011
f 2077/2077/2077 2076/2076/2076 2011/2011/2011
f 2013/2013/2013 2078/2078/2078 2012/2012/2012
f 2078/2078/2078 2077/2077/2077 2012/2012/2012
f 2014/2014/2014 2079/2079/2079 2013/2013/2013
f 2079/2079/2079 2078/2078/2078 2013/2013/2013
f 2015/2015/2015 2080/2080/2080 2014/2014/2014
f 2080/2080/2080 2079/2079/2079 2014/2014/2014
f 2017/2017/2017 2082/2082/2082 2016/2016/2016
f 2082/2082/2082 2081/2081/2081 2016/2016/2016
f 2018/2018/2018 2083/2083/2083 2017/2017/2017
f 2083/2083/2083 2082/2082/2082 2017/2017/2017
f 2019/2019/2019 2084/2084/2084 2018/2018/2018
f 2084/2084/2084 2083/2083/2083 2018/2018/2018
f 2020/2020/2020 2085/2085/2085 2019/2019/2019
f 2085/2085/2085 2084/2084/2084 2019/2019/2019
f 2021/2021/2021 2086/2086/2086 2020/2020/2020
f 2086/2086/2086 2085/2085/2085 2020/2020/2020
f 2022/2022/2022 2087/2087/2087 2021/2021/2021
f 2087/2087/2087 2086/2086/2086 2021/2021/2021
f 2023/2023/2023 2088/2088/2088 2022/2022/2022
f 2088/2088/2088 2087/2087/2087 2022/2022/2022
f 2024/2024/2024 2089/2089/2089 2023/2023/2023
f 2089/2089/2089 2088/2088/2088 2023/2023/2023
f 2025/2025/2025 2090/2090/2090 2024/2024/2024
f 2090/2090/2090 2089/2089/2089 2024/2024/2024
f 2026/2026/2026 2091/2091/2091 2025/2025/2025
f 2091/2091/2091 2090/2090/2090 2025/2025/2025
f 2027/2027/2027 2092/2092/2092 2026/2026/2026
f 2092/2092/2092 2091/2091/2091 2026/2026/2026
f 2028/2028/2028 2093/2093/2093 2027/2027/2027
f 2093/2093/2093 2092/2092/2092 2027/2027/2027
f 2029/2029/2029 2094/2094/2094 2028/2028/2028
f 2094/2094/2094 2093/2093/2093 2028/2028/2028
f 2030/2030/2030 2095/2095/2095 2029/2029/2029
f 2095/2095/2095 2094/2094/2094 2029/2029/2029
f 2031/2031/2031 2096/2096/2096 2030/2030/2030
f 2096/2096/2096 2095/2095/2095 2030/2030/2030
f 2032/2032/2032 2097/2097/2097 2031/2031/2031
f 2097/2097/2097 2096/2096/2096 2031/2031/2031
f 2033/2033/2033 2098/2098/2098 2032/2032/2032
f 2098/2098/2098 2097/2097/2097 2032/2032/2032
f 2034/2034/2034 2099/2099/2099 2033/2033/2033
f 2099/2099/2099 2098/2098/2098 2033/2033/2033
f 2035/2035/2035 2100/2100/2100 2034/2034/2034
f 2100/2100/2100 2099/2099/2099 2034/2034/2034
f 2036/2036/2036 2101/2101/2101 2035/2035/2035
f 2101/2101/2101 2100/2100/2100 2035/2035/2035
f 2037/2037/2037 2102/2102/2102 2036/2036/2036
f 2102/2102/2102 2101/2101/2101 2036/2036/2036
f 2038/2038/2038 2103/2103/2103 2037/2037/2037
f 2103/2103/2103 2102/2102/2102 2037/2037/2037
f 2039/2039/2039 2104/2104/2104 2038/2038/2038
f 2104/2104/2104 2103/2103/2103 2038/2038/2038
f 2040/2040/2040 2105/2105/2105 2039/2039/2039
f 2105/2105/2105 2104/2104/2104 2039/2039/2039
f 2041/2041/2041 2106/2106/2106 2040/2040/2040
f 2106/2106/2106 2105/2105/2105 2040/2040/2040
f 2042/2042/2042 2107/2107/2107 2041/2041/2041
f 2107/2107/2107 2106/2106/2106 2041/2041/2041
f 2043/2043/2043 2108/2108/2108 2042/2042/2042
f 2108/2108/2108 2107/2107/2107 2042/2042/2042
f 2044/2044/2044 2109/2109/2109 2043/2043/2043
f 2109/2109/2109 2108/2108/2108 2043/2043/2043
f 2045/2045/2045 2110/2110/2110 2044/2044/2044
f 2110/2110/2110 2109/2109/2109 2044/2044/2044
f 2046/2046/2046 2111/2111/2111 2045/2045/2045
f 2111/2111/2111 2110/2110/2110 2045/2045/2045
f 2047/2047/2047 2112/2112/2112 2046/2046/2046
f 2112/2112/2112 2111/2111/2111 2046/2046/2046
f 2048/2048/2048 2113/2113/2113 2047/2047/2047
f 2113/2113/2113 2112/2112/2112 2047/2047/2047
f 2049/2049/2049 2114/2114/2114 2048/2048/2048
f 2114/2114/2114 2113/2113/2113 2048/2048/2048
f 2050/2050/2050 2115/2115/2115 2049/2049/2049
f 2115/2115/2115 2114/2114/2114 2049/2049/2049
f 2051/2051/2051 2116/2116/2116 2050/2050/2050
f 2116/2116/2116 2115/2115/2115 2050/2050/2050
f 2052/2052/2052 2117/2117/2117 2051/2051/2051
f 2117/2117/2117 2116/2116/2116 2051/2051/2051
f 2053/2053/2053 2118/2118/2118 2052/2052/2052
f 2118/2118/2118 2117/2117/2117 2052/2052/2052
f 2054/2054/2054 2119/2119/2119 2053/2053/2053
f 2119/2119/2119 2118/2118/2118 2053/2053/2053
f 2055/2055/2055 2120/2120/2120 2054/2054/2054
f 2120/2120/2120 2119/2119/2119 2054/2054/2054
f 2056/2056/2056 2121/2121/2121 2055/2055/2055
f 2121/2121/2121 2120/2120/2120 2055/2055/2055
f 2057/2057/2057 2122/2122/2122 2056/2056/2056
f 2122/2122/2122 2121/2121/2121 2056/2056/2056
f 2058/2058/2058 2123/2123/2123 2057/2057/2057
f 2123/2123/2123 2122/2122/2122 2057/2057/2057
f 2059/2059/2059 2124/2124/2124 2058/2058/2058
f 2124/2124/2124 2123/2123/2123 2058/2058/2058
f 2060/2060/2060 2125/2125/2125 2059/2059/2059
f 2125/2125/2125 2124/2124/2124 2059/2059/2059
f 2061/2061/2061 2126/2126/2126 2060/2060/2060
f 2126/2126/2126 2125/2125/2125 2060/2060/2060
f 2062/2062/2062 2127/2127/2127 2061/2061/2061
f 2127/2127/2127 2126/2126/2126 2061/2061/2061
f 2063/2063/2063 2128/2128/2128 2062/2062/2062
f 2128/2128/2128 2127/2127/2127 2062/2062/2062
f 2064/2064/2064 2129/2129/2129 2063/2063/2063
f 2129/2129/2129 2128/2128/2128 2063/2063/2063
f 2065/2065/2065 2130/2130/2130 2064/2064/2064
f 2130/2130/2130 2129/2129/2129 2064/2064/2064
f 2066/2066/2066 2131/2131/2131 2065/2065/2065
f 2131/2131/2131 2130/2130/2130 2065/2065/2065
f 2067/2067/2067 2132/2132/2132 2066/2066/2066
f 2132/2132/2132 2131/2131/2131 2066/2066/2066
f 2068/2068/2068 2133/2133/2133 2067/2067/2067
f 2133/2133/2133 2132/2132/2132 2067/2067/2067
f 2069/2069/2069 2134/2134/2134 2068/2068/2068
f 2134/2134/2134 2133/2133/2133 2068/2068/2068
f 2070/2070/2070 2135/2135/2135 2069/2069/2069
f 2135/2135/2135 2134/2134/2134 2069/2069/2069
f 2071/2071/2071 2136/2136/2136 2070/2070/2070
f 2136/2136/2136 2135/2135/2135 2070/2070/2070
f 2072/2072/2072 2137/2137/2137 2071/2071/2071
f 2137/2137/2137 2136/2136/2136 2071/2071/2071
f 2073/2073/2073 2138/2138/2138 2072/2072/2072
f 2138/2138/2138 2137/2137/2137 2072/2072/2072
f 2074/2074/2074 2139/2139/2139 2073/2073/2073
f 2139/2139/2139 2138/2138/2138 2073/2073/2073
f 2075/2075/2075 2140/2140/2140 2074/2074/2074
f 2140/2140/2140 2139/2139/2139 2074/2074/2074
f 2076/2076/2076 2141/2141/2141 2075/2075/2075
f 2141/2141/2141 2140/2140/2140 2075/2075/2075
f 2077/2077/2077 2142/2142/2142 2076/2076/2076
f 2142/2142/2142 2141/2141/2141 2076/2076/2076
f 2078/2078/2078 2143/2143/2143 2077/2077/2077
f 2143/2143/2143 2142/2142/2142 2077/2077/2077
f 2079/2079/2079 2144/2144/2144 2078/2078/2078
f 2144/2144/2144 2143/2143/2143 2078/2078/2078
f 2080/2080/2080 2145/2145/2145 2079/2079/2079
f 2145/2145/2145 2144/2144/2144 2079/2079/2079
